page_id,print_page,juz,chapter,paragraph_no,text
1,17,1,نسب ولد نزار بن معد بن عدنان,1,﷽
1,17,1,نسب ولد نزار بن معد بن عدنان,2,نَسَبُ وَلَد نِزَار بن مَعَدّ بن عدنان
1,17,1,نسب ولد نزار بن معد بن عدنان,3,عَونْكَ يا رَبّ قَالَ أبو المُنْذر هشَام بن محمد بن السَّائب الكَلْبيّ: وَلَدَ رَبيعَة بت نزَار بن مَعَدّ بن عَدْنانَ أسَداً وضُبَيْعَةَ فيهم كان البيت وعَمْراً وعَامراً وأكْلُبَ دَخَلَ في خَثْعَهم وهم رهط أنس بن مُدْرك الشَّاعر.
1,17,1,نسب ولد نزار بن معد بن عدنان,4,وكِلَابَ دَرَجَ وعَامراً دَرَجَ وعَائشَةَ وَهم باليَمَن أمهم أمَّ الأصْبعَ نبت الجَاف بن قُضَاعَة.
1,17,1,نسب ولد نزار بن معد بن عدنان,5,فَوَلَدَ أسَدُ بن رَبيعَة: جَديلَةَ أُمُّهُ مُزَيْهَة بنت عمران بن الحَاف بن قُضَاعَةَ وعَمْراً وَهُم عَنَزَة وعَميِرةُ دخلت عَمِيرَة دَخَلَتْ في عَبدِ القَيس
2,18,1,نسب ولد نزار بن معد بن عدنان,1,أُمهم وبَرَةَ قَيْس بن عَيْلَان بن مُضَرَ بن نَعَدّ بن عَدنَان.
2,18,1,نسب ولد نزار بن معد بن عدنان,2,فَوَلَدَ جَديلة بن أَسَد دُعْميَّاً وجُدَيَّاً في بني شَيْبَان وَجَدَّانَ وَجَدَّانَ دَخَلوا في زُهَيْر بن جُشَمَ بن بكر منْ بَني تَغْلبَ وَفي النَّمر وفي بَني شَيبَان أُمُّهم بِنْت دُعْمِيّ بن اياد بن مَعَدَ بن عَدنَانَ فَوَلَدَ أفصى بن دُعْميّ بن جَديلَةَ: هنباً ولُكَيْزاً وشَنَّاً، لا عقب لهما وَعْبَدَ القَيْس، وجُشَمُ، فَدَخَلَ جُشَمُ في عْبَدَ القَيْس. ونَاشم بن أفْصَى دًخَلوا في بني زهير من بني تَغْلبَ، لايويدون على أربعة منذ كانوا إذا ولد مولود مات شَيْخُ وأُمهم مُلَيْكَة بنت يقدم بن أَفْصى بن دُعْميّ.
2,18,1,نسب ولد نزار بن معد بن عدنان,3,فَوَلَدَ هْنبُ بن أَفْصَى بن دُعْميّ بن جَديلَةَ: قاَسطَاً ودُهْنَاً امهما بنت قَاسِط بن بَهْرَاء بن عَمْرو بن الحَاف بن قُضَاعَةَ.
2,18,1,نسب ولد نزار بن معد بن عدنان,4,فَوَلَدَ قاسطُ بن هنْب بن أفْصى بن دُعْميّ بن جَديلَةَ: وائلاً، ومُعَاوَيةَ فَدَخَلَ مُعَاوِيَةُ في عَامَلة فيما يقال والله أعلم.
2,18,1,نسب ولد نزار بن معد بن عدنان,5,منهم: ابُن الرَّقَاع الشَّاعر.
2,18,1,نسب ولد نزار بن معد بن عدنان,6,وعَلَقَمةُ (بن قَسِط) وعَامُر بن قَاسِطٍ والنَّمِر بن قَاسِطٍ امه
3,19,1,نسب ولد نزار بن معد بن عدنان,1,المِسْكُ بنت قِسِيَّ وَهو ثَقيفٌ.
3,19,1,نسب ولد نزار بن معد بن عدنان,2,فَوَلَدَ وائلُ بن قَسِط بن هنْب بن أَفْصَى بن دُعْمِيّ بن جَديلَةَ بَكْراً ودِثَاراً وهو تغلب، وعَبْدَ الله وهو عَنْزٌ والشُّخَيْصَ دخل في بني تَغْلب والحَارثَ دَخَلَ في بني عَايش بن مَالك بن تَيْم الله بن ثَعْلَبة امهم هنْدُ بنت وُرّ بن أُدّبن طَابِخَةَ بن اليَّاس بن مُضَر بن نَزار بن مَعَدّ.
3,19,1,نسب ولد نزار بن معد بن عدنان,3,فَوَلَدَ بَكُر بن وضائل بن قَسِطٍ عَلياً وَيَشْكُر، بَطْن بَدَنَاً دَخَلَ في عَبْدِ القَيْس.
3,19,1,نسب ولد نزار بن معد بن عدنان,4,فَوَلَدَ عَليُّ بن بَكْر بن وائِل: صَعْباً وَدَهْراً وخَالداً دَرَجوا غَيَر صَعْبٍ.
3,19,1,نسب ولد نزار بن معد بن عدنان,5,فَوَلَدَ صَعْبُ بن علي بن بَكْر عُكَايَة ولُجَيْمَاً ومُعَاويَةَ دَرَجَ والشَاهِدَ دَرَجَ ونَجْماً دَرَجَ وعَمْراً دَرَجَ أمهم رَيْطَةُ بنتدُودَانَ بنأسَدِ بن خُزَيَمة بن مُدْرِكَةَ.
3,19,1,نسب ولد نزار بن معد بن عدنان,6,فَوَلَدَ عُكًابَةَ بن صَعْب بن علي بن بَكْر بن وَائِل ثعْلَبَةَ وَهو الحضْنُ وقَيس بَطن وهم مع نبي ذُهْل بن ثَعْلَبَة وعَامراً دَرَجَ امهم المُمَنَّاة بنت ثَعْلَبَةَ بن دودان بن أسد
4,20,1,بنو قيس بن عكابة,1,وهؤُلاء
4,20,1,بنو قيس بن عكابة,2,بَنو قَيْس بن عُكَابَةَ
4,20,1,بنو قيس بن عكابة,3,فَوَلَدَ قَيْسُ بن عُكَابَةَ بن صَغْب بن علي بن بَكْر بن وائِل: مَالِكاً والحَارثَ وعَمْراً.
4,20,1,بنو قيس بن عكابة,4,فَوَلَدَ عَمْرو بن قَيْسبن عُكَابَةَ بن صًعْب بن علي بن بكر بن واَئِل شَيْبَانَ وذُهلاً بطن والحارِثَ دَخَلَ في بني أنْمَارَ بن دُبَّ بن مُرَّة بن ذُهْل بن شَيْبَان أمهم رَقَاش وَهيَ البَرشَاء بنت الحَارِث بن العتيك بن غَنْم بن تَغْلب بن وائل وعَئِدَ وهم تَيْمٌ الله وامه أسَماء وهي الجَذْمَاء بنت عَبْلَة بن تَيْم بن انمار بن مُبَشَّر بن عَمِيرةَ بن أسَد بن رَبِيَعة ومَالك بن ثَعْلَبة وهو أُتَيْدٌ وضنَّة بن ثَعْلَبَةَ امهما فاطمة بنت طَابخَة وهو عَامرُ بن الثَّعْلَبَ وَبَرَةَ بن قُضَاعَةَ فأما أتَيْد فانهم دخلوا في بني هِنْد من بني شَيْبَان واما ضنَّة فانهم دخلوا في بني عُذْرَةَ بن سَعْدِ هُذَيْم من قُضَاعَة فقالوا هو ضنَّة بن عَبْد بن كَبِير بن عُذْرَةَ بن سَعْدِ هُذَيْم وقال رجل من بني أتَيْد في ذلك
4,20,1,بنو قيس بن عكابة,5,تَظَاهَرَت لبُطُونُ على أُتَيْدٍ … أَلَالله منْ ظُلْمِ الأُتَيْدِ
4,20,1,بنو قيس بن عكابة,6,كَفَا حَزَناَ ثَوَايَ وَسْطَ هنْدٍ … وضنَّه في بَني سَعْد بَني زَيْدِ
5,21,1,بنو شيبان بن ثعلبة,1,وهؤلاء
5,21,1,بنو شيبان بن ثعلبة,2,بنو شَيْبَان بن ثَعْلَبة
5,21,1,بنو شيبان بن ثعلبة,3,فولد شَيبَانُ بن ثَعْلَبَةَ ذُهْلاً وامهم رَقَاش بني حُيَيّ بن وائل من بَني القَيْن بن جَسْر من قُضَاعَةَ وتَيماً وثَعْلَبَةَ وعَرْباً دَرَجَ امهم رُهْمُ بنت قيس بن عكابة بن صَعب بن علي بنبكر بن وَائل بن قَاسِط بن هْنب بن أَفْصَى فولد ذُهْلُ بن شَيَباَنَ بن ثَعْلَبَةَ بن عُكَابَةَ بن صعب بن علي مُحَلَّماً ومُرَّةَ وأبا الحارث امهم بنتعَمْرو عَبْد بن جُشَمَ (بن بكْر) بن حبيب بن عَمْرو بن غَنْم بن تغلب وعبد غَنْم وصُبْحاً وشَيبَانَفَبَنو شَيبَانَ بن ذُهْل بِنَجرَانَ امهم الوِرْثَةُ بنت هَنَّية بن ثَعْلَبَة بن غنم بنحبيب منْ بَني يَشْكُر بن بكر وعَمْرو بن ذُهْل وهو جِذْرَة وقَيْساً ودريداً وعُبَيْداً درجو غير جِذْرَةَ امهم بنت دريد من بَني وائِل بن سَعْد هُذَيْم من قُضاعة.
5,21,1,بنو شيبان بن ثعلبة,4,فولد أبو ربيعة بن ذُهْل عَمْرو وهو المُزْدَلفُ سمي بذلك يوم قِضَةَ يوم اغار ابن الهَبولَةَ السُّلَيْحيَّ من قُضَاعَةَ على عسكر آكل المرار
6,22,1,بنو شيبان بن ثعلبة,1,الكْنديَّ فجعل عَمْرو يرمي برمحه ويقول ازْدَلِفوا قَدرَ رُمْحي هَذا فسمي المزدلف امه هنْد بنت عَامر بن مالك بن تَيم الله بن ثَعْلَبَة وهي صَائِد النَّعَام وامها الحَرَام بنت ضُبَيْعة بن قَيْس بن ثَعْلَبَة وامها رُهْمُ بنت عبد غَنْم بن عامر بن كنَانَةَ بن يَشكُر.
6,22,1,بنو شيبان بن ثعلبة,2,وعبد الله بن ابي رَبَيعَة وعَمْرو بن اني رَبَيعَة وامهما المُصَفَّرَةُ وهي مَاريَة بنت عَامر أخت صَائِدَة بنت عَامر اخت صَائِدِة النَّعام ةالحارث بن اني ربيعة زامه أَرْنَبُ بنت ثَعْلَبَة بن شَيْبَان ونَهَارُ بت أني رَبيعة وامه عَبْلَةُ فولد عمرو بن ابي ربيعة عَامراً وهو الخطيب وأمه قَطَام بنت جُرَيْر بن عُبَاد ضُبَيْعةَ بن قَيْس بن ثَعْلَبَة وكَعْب بن عمرو وأمهُ: أمُّ أنيّ بنت الأسعد بن جَذيمةَ بن سعد بن قَيس بن ثَعلبةَ بن عِجل بن لَجيم، وحاَرثة بن عَمرو، وهو ذُو التّاجِ، كانَ على بَكرِ بن وَائلٍ يَوم أوارة، يوم قاتلت بَكر بن وائلٍ المُنذر بن ماءِ السَّماء، وقيس بن عُمرو أمهما: أمامةُ بنت كِسر بن كعب بن زَهير، من بني تغلب، بها يُعرفُون، يُقال لهم: بُنو أمامةَ.
7,23,1,بنو شيبان بن ثعلبة,1,واختها لأمها أمّ أناسٍ بنت عَوف بن مُحلم بن ذُهل، فَولدت أمُّ أناسٍ: الحَارثَ الملم، بن عَمرو المقصور بن حجر آكلُ المُرار.
7,23,1,بنو شيبان بن ثعلبة,2,وعوفُ بن عَمرو، أمهُ: أرنبُ بنت ثَعلبةَ بن شيبان خَلفَ عليها بَعد أبيهِ نكَاحُ مَقتٍ.
7,23,1,بنو شيبان بن ثعلبة,3,ومعاوية بن عَمروٍ، وأمهُ أمّ ولٍ.
7,23,1,بنو شيبان بن ثعلبة,4,وِمالكُ بن عَمروٍ، وأمهُ من كُلبٍ، يقال لبني مالك بنو طارق.
7,23,1,بنو شيبان بن ثعلبة,5,وولد عَامرُ بن أبي ربيعة: مرثداَ، ومُسعُوداَ، ومرة، وثَعلبةَ.
7,23,1,بنو شيبان بن ثعلبة,6,فولد مُسعودُ بن عُامر بن عَمرو: حَرملة، وقيساَ، وفروة، وأبا عبرة، وعَبّادة، وهانئاَ.
7,23,1,بنو شيبان بن ثعلبة,7,فَولدَ هانئ بن مَسعود بن عَامر بن عَمرو: سَعداَ، وقبيصة، وقيساَ، وكان هَانئ بن مَسعود على بكر بن وائل يوم ذي قَارٍ.
8,24,1,بنو شيبان بن ثعلبة,1,من ولده: هانئ بن قبيصة بن هانئ بن مَسعود، وأمهث: أمية بنت الأصم بن قيس بن مسعود بن عامر، وأمها: ليلى بنت قَيس بن مَسعود بن قيس بن ذي الجدين، وأمّ أبيه: مَاريةُ بنت الصلّت، وهو عمرو بن قيس بن شراحيل.
8,24,1,بنو شيبان بن ثعلبة,2,وأمّ هانئ بن مَسعود: رقَاشِ بنت الاحوصِ بن كَعب بن ظَفر بن إياد.
8,24,1,بنو شيبان بن ثعلبة,3,ومنهم: عَبادُ بن مَسعود بن هانئ، الذي هُاج القتال بين بني تميم بن مُرٍ وبكر وائلٍ يَوم اللصاف.
8,24,1,بنو شيبان بن ثعلبة,4,ومنهم: إياس بن شُعبة بن هانئ بن قبيصة، كانت أبنتهُ الرغوم بنت إياس عند عُبيد اللهِ بن زياد بن ظبيان، فولدت لهُ أمّ عُبيد اللهِ، ثُم هَلَكَ عنها، فخلف عليها عبد الرحمن بن المُنذر بن الجارود، فولدت لهُ: عبد الكريم.
9,25,1,بنو شيبان بن ثعلبة,1,ثُم خَلَف عليها قُتيبةُ بن مُسلم البَاهلي، فولدت لهُ: مسلماَ، والحجاج، ومُحمداَ، وعبد الرحمن.
9,25,1,بنو شيبان بن ثعلبة,2,ثُم خلف عليها مثحمدُ بن المهلب وأمها هُنيدة من بني عبد الله بن أبي ربيعة، والرغم التي يقولُ فيها قُتيبة بن مسلم بخرسان، لُحضين بن المنذرإنّ الرغم بهذا المكان لمنكح، قال حُضين: إي واللهِ وبئر زمزموالحطيم.
9,25,1,بنو شيبان بن ثعلبة,3,فتزوج بنتها من عُبيد اللهِ ظبيان، زيادُ بن المهلب بن أبي صفرة، ثم خلف عليها بشر بن عكرمة بن ربعي، ثم خلف عليها عبد اللهِ بن إياس بن أبي مريم الحنفي.
9,25,1,بنو شيبان بن ثعلبة,4,ومنهم: مسعدةُ بن فروة الذي يقول لهُ الشاعر:
9,25,1,بنو شيبان بن ثعلبة,5,أهذَيلَ تَغلِب لا تُهدَّد … نا ولاقِ أبا لُفافَة
9,25,1,بنو شيبان بن ثعلبة,6,أو لاق مَسعدةَ بن فروة … والمسيح إذاَ لَعافة
9,25,1,بنو شيبان بن ثعلبة,7,ومنهم: مفروق، وهو نُعنانُ بن عمرو، وإنما سمي مفروقاَ بقولِ أجوف بني كُليب الهندي من بين هِند:
10,26,1,بنو شيبان بن ثعلبة,1,إنّ قَناتي يهزمُ الجيش رَبها … وأنك تَدرا في البُيُتِ وتفرق
10,26,1,بنو شيبان بن ثعلبة,2,وأبو لُفافة بن عمرو، وعمرو هو الأصم بن قيس بم مسعود بن عَامر، الذي يقول لهُ الشاعرُ:
10,26,1,بنو شيبان بن ثعلبة,3,جاؤوا بشيخهم وجئنا بالأصم
10,26,1,بنو شيبان بن ثعلبة,4,ومنهم زياد بن قَتَادَةَ بن جَنْدل بن شَينَان بن مَرْثَد بن عامر بن عمرو الذي قتل الرَّبيع بن زياد الكَلْبيّ قي بيته قتله حَارِث بن بَقَّةَ منْ بني مُعَاوِية بن عَمرو بن أبي رَبيعة.
10,26,1,بنو شيبان بن ثعلبة,5,ومنهم حَكيم بن عَمْرو الذي قتله الرَّبيع بن زياد فقتل به.
10,26,1,بنو شيبان بن ثعلبة,6,ومنهم المُلَبَّدُ الخارجي من بني حارثة بن عَمْرو بن ذِي التاَّج ومن بني قَيْس بن عَمْرو بن أبي ربيعَة الأَعْشى وهو عبد الله بن خَارِجَة بن حَبيب بن قَيْس بن عَمْرو أَبي رَبيعَة الشاعر الذي يقال له أَعْشَى بت أبي أُمَامَةَ وهو أَعْشَى بني أَبي رِبيعة
11,27,1,بنو محلم بن ذهل بن شيبان,1,قال هِشَام عن عَوَانَةَ بن الحكم قال جَهَّزَ رسول الله ص جيشاً فاعجبه ما راى من حالهم وعدتهم فقال والذي نَفْسي بيدِهِ لو لَقوا حُمْرَ الحماليق منبني أَبي رَبيعَة لهزموهم هؤلاء أَبي ربيعة بن ذُهْل بن شَيبَان.
11,27,1,بنو محلم بن ذهل بن شيبان,2,وهؤلاء
11,27,1,بنو محلم بن ذهل بن شيبان,3,بنو مُحَلَّم بن ذُهْل بن شَيبَانَ
11,27,1,بنو محلم بن ذهل بن شيبان,4,وولد مُحَلَّم بن ذَهْل بن شَيبَانَ: عَوْفَاَ امهما هِنْدُ بنت عَامر بن ذَهْل بن ثَعْلَبَةَ، ورَبيَعة بن مُحَلَّم أمه رُهْم بنت جَهْوَر من النَّمر، من بني هُمَيْم، ثَعْلَبَةَ بن مُحَلَّم، وهم رَهط سكين الخارجي، الذي خرج بدارا فأصابته خيل محمد بن مَرْوَان فبعث به إلى الحَجَّاج بن يَسُف فضربه عنقه وأبا رَبيعَة بن مُحَلَّم، وأسعد، دَرَجَ.
11,27,1,بنو محلم بن ذهل بن شيبان,5,فولد عَوْفُ بن مُحَلَّم: أبا عَمْرو، ومَالكاً، وامَّ أُنَاس أمهم أُمَامَةُ بنت كِسْر من نبي تَغْلب فتزوج أم أنَاسٍ عَمْرو بن آكل المُرَارِ فولدت له الحَارثَ المَلِكَ الكِنْديَّ، وعَمْرو بن عَوْف، أمه من نبي ضُبيَعْة.
12,28,1,بنو محلم بن ذهل بن شيبان,1,فمن بني مُحَلَّم بن ذُهْل: عَوْف بن أبي عَمْرو بن عَوْف بن مُحَلَّم، وهو الذي يقول له النُّعمَان لَا حُرَّ بِوَادي عَوْف وامه جُمَاعَة بنت هَمَّام بن مُرَّةَ بن ذُهْل.
12,28,1,بنو محلم بن ذهل بن شيبان,2,ومنهم مَعْدي كَرِب بن سَلَامَةَ بن ثَعْلَبَةَ بن أبي عَمْرو بن عَوْف بن مثحَلَّم لَم يأته أسير قَط إلَّ فكه.
12,28,1,بنو محلم بن ذهل بن شيبان,3,وولد عَمْرو بن مُحّلَّم: الحَارث، وَسَعْداً، ووائِلَهَ، وعَبدَ يغَوث وصَبْرةَ، امهم بنت قِنَان مِن النَّمر.
12,28,1,بنو محلم بن ذهل بن شيبان,4,فمن بني عَمْرو بن مُحَلَّم: ثَوْرُ بن الحارث بن عَمْرو وهو أخو الحَارث المَلِك بن عَمْرو بن آكلِ المُرَار مِن أمَّهِ.
12,28,1,بنو محلم بن ذهل بن شيبان,5,وَمن ولد ثَوْر: البَطِين الخارجي.
12,28,1,بنو محلم بن ذهل بن شيبان,6,ومن بني رَبيعَة بن مُحَلَّم: الضَحَّاكُ بن قَيْس بن حُصَيْن بن عبد الله بن ثَعْلَبَةَ بن زَيد مَنَاة بن أبي عَمْرو بن عَوْف بن مُحَلَّم الخَارجيّ.
12,28,1,بنو محلم بن ذهل بن شيبان,7,وهَؤلاء
13,29,1,بنو مرة بن ذهل بن شيبان,1,بَنو مُرةَ بن ذُهلْ بن شَيبان
13,29,1,بنو مرة بن ذهل بن شيبان,2,وَوَلدَ بن ذُهل بن شيبان: هَمَّاماَ، وأمهُ لُبنى بْنت الِحزْمِرِ بن مَازن بن كَاهل بن أسَد، وسعد بن مُرة، ودُب بن مُرة، وكِسْر بن مُرة، وبُجير بن مُرة، والحارث، وسيّاراَ، وجُندباَ، أمُهم: هندُ بنتْ ذُهل بن عمرو بن عَبد بن جُشم من بني تَغلب، فهم بني هندٍ، بها يُعرفون بني شيبان، ويقالُ إنّ جُندب هُو ابن جدا بن جديلة، فخلعت عليه بنو هند أمهِ منهم.
13,29,1,بنو مرة بن ذهل بن شيبان,3,وجساسُ بن مرة، وهو الذي قَتَل كُليب بن ربيعة، أمهُ الهائلةُ بِنت مُنقذ بن سَليمانَ بن عمرو بن زَيد منَاة بن تمتم.
13,29,1,بنو مرة بن ذهل بن شيبان,4,ونَضلة بن مُرة أمهُ من بني أبي مَالك بن عِكرمةَ بن خصَفة بن قَيس بن عَيلان.
13,29,1,بنو مرة بن ذهل بن شيبان,5,فَولد سعَدُ بن مُرة بن ذُهل: عبد الحَرث، وثُعلبة، وصباراَ، أمهم أسيراءُ. وعبد اللهٍ، وضمضماَ وزيداَ: أمهم: كُدينة من بني تَغلب. وعوفاَ، أمهُ: هالةُ بنت عَوف بن مُحلم.
14,30,1,بنو مرة بن ذهل بن شيبان,1,فمن بني سعد بن مُرة: المُثنى بن حَارثة بن سلمة بن ضَمْضم بن سَعد، احب يوم النُخيلة الذي قَتَل مهران.
14,30,1,بنو مرة بن ذهل بن شيبان,2,ومنهم: حوْشَبُ بن يزيد بن رُويْم بن عبد اللهِ بن سعد، وكان من أشرفٍ أهل الكُوفة، وكانَ على شُرط الحجاج، وكان أبوه على شُرطِ مُصعب بن الزُّبيرِ بالكُوفة.
14,30,1,بنو مرة بن ذهل بن شيبان,3,وعَدي بن الحارث بن رويم، كان عَاملًا لِعَليٍّ بن أبي طَالب على نَهْرَ سِير، فقتل علي بن أبي طالب، وهو عليه، فأقره الحسنُ.
14,30,1,بنو مرة بن ذهل بن شيبان,4,ومنهم: عُوف بن نُعمان بن البراء بن عبد اللهٍ بن سعد، الذي يُقول لهُ الحكمُ بن عبد اللهِ بن عبد البرجمي في الجَاهلية:
14,30,1,بنو مرة بن ذهل بن شيبان,5,لوْ كنتُ جَار بن هندٍ قد تداركني … عوفَ بن نعمان أو عِمْران أو مَطرُ
15,31,1,بنو مرة بن ذهل بن شيبان,1,ومنهم: بنو مَكْحول بن الخَنَدق بن أسود عبد اللهِ بن البراء، وهم بيت بني هندٍ بالبادية.
15,31,1,بنو مرة بن ذهل بن شيبان,2,وَولد سيارُ بن مُرة: عَوفاَ، وهم أهل أبياتِ. وولد جُندب بن مُرة: حَرملة، وحُبي، وهم أهل أبياتٍ.
15,31,1,بنو مرة بن ذهل بن شيبان,3,وولدَ بُجيرُ بن مُرة: خُزيمة، وصريماً.
15,31,1,بنو مرة بن ذهل بن شيبان,4,وولدَ كسرُ بن مُرة: الحارثَ، وعصاص، وخالداَ، وجُبيش، وسناناً، وصُريماً، وعبد عَمرو، وأمناً.
15,31,1,بنو مرة بن ذهل بن شيبان,5,وولدّ دُب بن مُرة: مُرة، أمهُ: القُدراس بنت عبد شَمسٍ العنزي، ودرماً، وانماراً، وأفاراً، ودهياً، أمهم: النُجيزةُ بنت سعد العشيرة ابن مَذْجِ ثُم من بني عَائذ اللهِ.
15,31,1,بنو مرة بن ذهل بن شيبان,6,ولدَرِمٍ يَقولُ الأعْشى:
15,31,1,بنو مرة بن ذهل بن شيبان,7,كَمَا قِيل في الحَيّ اودى دَرمْ
15,31,1,بنو مرة بن ذهل بن شيبان,8,ولأفّارٍ يَقولُ الشَّاعرُ:
16,32,1,بنو مرة بن ذهل بن شيبان,1,ياليت أفار دُبٍّ كَانَ جَاوَرَنَا … إذا لم يكن لَكَ منْ جَارتك أفّار
16,32,1,بنو مرة بن ذهل بن شيبان,2,وبيهسُ بن دُبٍ، وكسر، امهما: منْ بني يَشكرٍ.
16,32,1,بنو مرة بن ذهل بن شيبان,3,فمن بني دُب: عمرانُ بن مُرة بن الحارث بن مُرة بن دُب بن مُرة بن ذُهل، وقد رأس، وهو الذي يقول لهُ الشّاعر:
16,32,1,بنو مرة بن ذهل بن شيبان,4,لو كُنت جار بني هندٍ تداركني … عوفُ بن نُعمان أو عمران أو مُطر
16,32,1,بنو مرة بن ذهل بن شيبان,5,وولد جاّاس بن مُرة: شهاباً، ولأياً، وعبد عَديّ، والفرز، وماعزاً.
16,32,1,بنو مرة بن ذهل بن شيبان,6,وولد نضلة بن مُرة: سياراً، وعائشة، وعبد العُزى.
16,32,1,بنو مرة بن ذهل بن شيبان,7,وولد همام بن مُرة أسعد، والحارث، ومرة، وحبيباً، أمهم: هُنيدةُ بنت عبد العُزى بن تيم بن الحارث بم كعب.
16,32,1,بنو مرة بن ذهل بن شيبان,8,وأما عمرو بن همام، وثَعلبةُ، وعائشةُ، ومازنُ، وعبد اللهِ، وأمهم: فُطيمة بنت حبيب بن ثُعلبة بن سعد بن قيس بن ثَعلبة، ولها يقولُ الأعشى:
16,32,1,بنو مرة بن ذهل بن شيبان,9,جَنبي فُطيمة لامِيلُ ولا عُزُلُ
16,32,1,بنو مرة بن ذهل بن شيبان,10,فولد مازنُ بن همَّام: عمرو، ومالكاَ، يقال لبني عمرو بن وثّمة، وهم في بني مُرة بن همَّام، ويُقال لبني مالك بني سيّارة.
17,33,1,بنو مرة بن ذهل بن شيبان,1,وولدَ أسعدُ بن همَّام: ثَعلبة، أمهُ: قُسيمة بنت عمرو بن حَطَمة من جُذان، وكانت قُسيمة قبل أسعد عند خالد بن كعب بن زُهير التغلبيّ، فيقال هو أبنه.
17,33,1,بنو مرة بن ذهل بن شيبان,2,وسيّار، وسُمير، وعبد اللهٍ، وعمرو، وأمهم: الشقيقةُ بنت عبّاد بن زَيد بن عوف بن ذهلِ بن شيبان، وبها يعرفُون.
17,33,1,بنو مرة بن ذهل بن شيبان,3,وكعب بن أسعد، وأمه امرأة اخرى.
17,33,1,بنو مرة بن ذهل بن شيبان,4,فولد ثعلبة بن اسعد: عمراً وعباداً، وأصرم أمهم: ضُباعةُ بنت الحارث من عنزةَ.
17,33,1,بنو مرة بن ذهل بن شيبان,5,والحارثُ بن ثَعلبة، وهو الصّيرفُ، ومُرة، ولاياً، وأمهم: كَبشةُ بنت عبد اللهِ بن همام بن مُرة بن ذُهل.
17,33,1,بنو مرة بن ذهل بن شيبان,6,فولدَ عَمرو بن ثعلبة: الحارث، وخالِداَ، أمهما لَميسُ بنت غَنْم بن كِلَاب بن مالك بن تَيم الله لن ثَعلبةَ.
17,33,1,بنو مرة بن ذهل بن شيبان,7,ونُعمانُ بن عَمرو، وسَلمةَ بن عمرو، وأمهما: أرطَاةُ بنت مرو بن سَسّار بن أسعد بن همّام. وعبد اللهِ وهو السمينُ، وقيساَ، وأمهما: كبيشَةُ بنت عمرو بن أسعد.
17,33,1,بنو مرة بن ذهل بن شيبان,8,ومُرة، ومَرارةَ، وشَبيباَ، أمهم: الضَبيةُ. وعَبّاداَ، وأوساَ، وأمهما: الصُحاريّةُ.
18,34,1,بنو مرة بن ذهل بن شيبان,1,منهم: الَضَبانُ بن القبَعْثَريّ بن هَوذَة بن عبّاد بن عمرو بن ثُغلبةَ.
18,34,1,بنو مرة بن ذهل بن شيبان,2,وولدّ أصْرمُ بن ثَعلبةَ: مَسْهراَ، وحجْرانَ وشَمراَ، وثَعلبةَ، لِكُبيشْة بنت عمرو بن أسعد.
18,34,1,بنو مرة بن ذهل بن شيبان,3,منهم: أبو ثُبيت، وهو يزيدُ بن مُسهر بن أصرم، وهو الذي يقولُ فيهِ الأعشى:
18,34,1,بنو مرة بن ذهل بن شيبان,4,أبا ثُبيْت أما تَنفْكُّ تأتِكلُ
18,34,1,بنو مرة بن ذهل بن شيبان,5,وولدَ سيارُ بن أسعد: زَاهراَ، وعبد اللهِ، وأمهما: الجَاشِريَّةُ، بها يُعرفُون.
18,34,1,بنو مرة بن ذهل بن شيبان,6,وولدّ زاهِرُ بن سَيّار: حسّاناَ، وحارثَة، والأحْنفَ، والشعل، وعبد اللهِ، وخالِداً.
18,34,1,بنو مرة بن ذهل بن شيبان,7,فَولدَ عبدُ اللهٍ بن زَاهر: فلحساَ، أمهُ: بنت عمرو بن سُميرٍ.
18,34,1,بنو مرة بن ذهل بن شيبان,8,وولدَ الحارثُ لم همّام: عمرواً، وأُمُّهُ: كَبِيشةُ بنت الأفكل العنزيّ.
18,34,1,بنو مرة بن ذهل بن شيبان,9,وعبد اللهِ، ومُرة، وقيْساً الأعْنقَ، وخالِداً، أمهم: سَلمى بنت عمرو بن مُحلّم.
19,35,1,بنو مرة بن ذهل بن شيبان,1,زجَبَلة بن الحارث، أمه: رقَاشِ بنت جناب بن هُبل الكلْبي.
19,35,1,بنو مرة بن ذهل بن شيبان,2,وحجْراً، أمهُ بنت حَرملة، من بني يَشكر فدخل بنو حُجرٍ في بني عبد اللهِ، ودخل جَبَلةُ في بني عمرو بن الحارث بن مُرة بخُرسان، ودرجَ قيس، وخالدّ.
19,35,1,بنو مرة بن ذهل بن شيبان,3,فولدَ عمرو بن الحارث: خالداً، وهو ذُو الجدَّين، وأرطاة، وأمهما: أسماءُ بنت عبد اللهِ بن الحارث بن همّام، وهو بَجةُ، وأمهُ من بني هِلال بن تَيمِ اللهِ.
19,35,1,بنو مرة بن ذهل بن شيبان,4,وقيسْاً، ومنذراً، والحارث، وشمراً، وأمهم: خالدةُ بنت وبَرةَ بن مُرة بن همّامٍ.
19,35,1,بنو مرة بن ذهل بن شيبان,5,فمن بني ذِي الجَدّين: بسْطامُ بن قيس بن مسعود بن قيس بن حالِد، وقد رأس هو وأبوهُ وجدهُ، وكان يُدعى المُتقّمر، قتلتهُ بنو ضبّة، وأخوه السّيل بن قيس، أمهما: ليْلى بنت الأحوص الكلْبيّ، وهم بيت بكر بن وائِل، وزيقُ بن بسْطامِ، الذّي يَقول لهُ جرْيرِ.
20,36,1,بنو مرة بن ذهل بن شيبان,1,أنكحْتَ عبداً لَئِماً بآستهِ حُممّ … يا زيقُ ويحكَ منْ أنكحتَ يا زيقُ
20,36,1,بنو مرة بن ذهل بن شيبان,2,غابَ المُثنى فلم يَشهدْ نجيكُما … والحرْفزانُ ولم يشهدْك مفْفروقُ
20,36,1,بنو مرة بن ذهل بن شيبان,3,ومنهم: عُمير بن السليل وقيسُ، الذي يقولُ لهُ شبيبُ عمرو بن كُريبٍ الطائيّ:
20,36,1,بنو مرة بن ذهل بن شيبان,4,سيحلفُ منْ بني لَيلى عُميروّ … أصُول ثابُتون على أصولِ
20,36,1,بنو مرة بن ذهل بن شيبان,5,فليتَ الأبعدِين بني بجادٍ … فدوهُ بالشَّبابِ وبالكُهُولِ
20,36,1,بنو مرة بن ذهل بن شيبان,6,فما لَطتْ حصان ستْرَ بيتٍ … على بَعْلٍ لها كبني السّليلِ
20,36,1,بنو مرة بن ذهل بن شيبان,7,إذا سألتْ رفاقُ النّاسِ قالتْ … عُمير خيرهُم بني السّليلِ
20,36,1,بنو مرة بن ذهل بن شيبان,8,فإنْ يكُ قدْ قضى أجلاً عُميراً … فيا للنّاسِ للخُلقٍ الجَميلِ
21,37,1,بنو مرة بن ذهل بن شيبان,1,يعني بجاد بم مسعود بن قيس، وكان خاملاً، وكان أبنهُ قيس بن بجاد سيداَ، ولهُ يقولُ شبيبُ بن عمرو بن كُريبٍ الطائيّ:
21,37,1,بنو مرة بن ذهل بن شيبان,2,ظلمناك إذْ ندْعوكَ يا قيسُ سيّداً … كما ظلَمَ النّاسُ الغُراب بأعْورا
21,37,1,بنو مرة بن ذهل بن شيبان,3,ولقيس بن مسعود بن قيس بن خَالِد … وأنت امرِؤ يزْهُو شبابك وائل
21,37,1,بنو مرة بن ذهل بن شيبان,4,فقال قيسُكان يَنسْبني إلى أدم.
21,37,1,بنو مرة بن ذهل بن شيبان,5,ومنهم: هثدبةُ الخارجي، وأبو شَملَة، حربُ بن إياسِ بن حنظلة بن الحارث بن قيس بن خالِد الشَاعر.
21,37,1,بنو مرة بن ذهل بن شيبان,6,وولدَ عبدُ اللهِ بن همّام: النعْمان، وأبا النُعْمان، وأمهما: البهرانّيةُ، وعُبيدة، وأبا عُبيدة، معَدي كرب، وشراحَيل، أمهم: اليشْطُريةُ. وقيساً، وسَلمَة، وثُعلبةَ، وأمهم: الفزاريةُ.
21,37,1,بنو مرة بن ذهل بن شيبان,7,فولدَ النعْمان بن عبد اللهِ بن الحارث بن همّام: الحارثَ، وحسّان، أمهما: بنت ثَعلبةَ بن أسعد بن همّام.
21,37,1,بنو مرة بن ذهل بن شيبان,8,فولدَ حسانُ بن نُمان بن عبد الله بن الحارث بن همّام: جَليلةَ.
21,37,1,بنو مرة بن ذهل بن شيبان,9,فولدَ جَليلةُ بن حسّان بن نعمان: عَرفجة، وقتادَةَ، وخُليداً، وسلمةَ، ويزِيدَ.
22,38,1,بنو مرة بن ذهل بن شيبان,1,وولد حُجْرُ بن الحَارث: حِطَّانَ، وهُمَيْزاً.
22,38,1,بنو مرة بن ذهل بن شيبان,2,وولد ثَعْلَبَةُ بن هَمَّام: الحَارث، وخُمَاعَةَ، ولدت في كَلْبن أمهما: الصَّبَا بنت قُثَّةَ بن زَيْدَ مَنَاةَ بن تَميم بن مُرّ بن أُدّبن طَابِخَة بن خَنْدِف. وشَرَاحَيْل بن ثَعْلَبَةُ.
22,38,1,بنو مرة بن ذهل بن شيبان,3,وولد أبو عَمْرو بن هَمَّام: الحُصَيْنَ، وأمه: بنت جَعْفَر بن يَرْبُوع بن حَنْظَلَةَ بن مَالك بن زَيْد مَنَاَةَ بن تَمِيم.
22,38,1,بنو مرة بن ذهل بن شيبان,4,قولد الحُصَيْنُ بن أبي عَمْرو: مَالكاً، وهو الذي أسَرَ حَاتِم الطَائيَّ، وإياسَاً، الحَارث.
22,38,1,بنو مرة بن ذهل بن شيبان,5,وولد مَازِن بن هَمَّام: مُعَاوِية، وعَمْراً.
22,38,1,بنو مرة بن ذهل بن شيبان,6,وولد عَمْرو بن هَمَّام: مُنْقذاً، وعبد يغُوُث، وسَيَّراً، ومُعًاوِيَةَ.
22,38,1,بنو مرة بن ذهل بن شيبان,7,وولد مُرَّة بن هَمَّام بن مُرَّة بن شَرَاحَيْلَ، وحَصَبة، به كان يكنى، وعبد الله، الحَارثَ، وسَلَمَة وكَثيفَاً وكَشراً، وقَيْساً، وعَمْراً، والمُخَلاَّ، امهم مُدْيَة بنت أبي رَبيَعة بن ذُهْل بن شَيْبَان وهَوذَة، امهما ام قُتالٍ من نبي سَعْد بن (زَيْد بن) تَمِيم.
22,38,1,بنو مرة بن ذهل بن شيبان,8,فولد شَرَاحَيل بن مُرَّة: قَيْساً، وأباعَمْرو، وأمهما: مَارِية بنت الصَّباح بن مُرَّة بن ذُهْل.
23,39,1,بنو مرة بن ذهل بن شيبان,1,فولد قَيْس بن شَرَاحَيْل: عَمْراً وهو الصلب، والحَارثَ، وعُكَابَة، امهم: نَوار بنت الحَارث بن عَوُف بن هَمَّام.
23,39,1,بنو مرة بن ذهل بن شيبان,2,فولد عَمْرو بن قَيْس: شَرِيكَاً، امه كُبَيْشَة بنت هَرِم بن عَمْرو بن رِفاعَة بن ثَعْلَبَةُ بن غَنْم بن حَبيب بن كَعْب بن يَشْكُر بن بكر، وحُرَاثاً، وامه: قَيلَةُ بنت مُسْهر أَصْرَم بن ثَعْلَبَةُ بن أَسْعد.
23,39,1,بنو مرة بن ذهل بن شيبان,3,وقَيْساً، وعَوْفاً امه: عَمْرو بنت مَالك بن عَمْرو بن عبد الله بن أبي رَبيعَة ابن ذُهْل بن شَيْبَان. والحَارثَ، وعبد الله: أمهما: من بني تَمِيمِ بن مُرّ والنُّعْمان، امه بنت صُبْح بن ذُهْل بن شَيْبان.
23,39,1,بنو مرة بن ذهل بن شيبان,4,وظَبْيَانَ، أمه بنت شَرَحَيْل بن سَلَمَةَ بن مُرَّةَ.
23,39,1,بنو مرة بن ذهل بن شيبان,5,وولد شَرِيك بن عَمْرو بن قَيْس: مَطَراً، وابا عَمْرو، وبِشْراً، والنُّعَمانَ، ويَزيدَ، وشُرَيْحا، وعبد الله، واسْوَدَ.
23,39,1,بنو مرة بن ذهل بن شيبان,6,فولد أَسْوَد بن شَرِيك: الفزْرَ، وحَنْظلَةَ، وبِشْراً، وحَرْمَلَة.
23,39,1,بنو مرة بن ذهل بن شيبان,7,وولد مَطَرُ بن شريك: زَائِدَةَ.
23,39,1,بنو مرة بن ذهل بن شيبان,8,فولد زَائِدَةَ بن مُطَرَ بن شَرِيك: عبد الله.
23,39,1,بنو مرة بن ذهل بن شيبان,9,فولد عبد الله بن زَائِدَةَ.
23,39,1,بنو مرة بن ذهل بن شيبان,10,فولد زَائِدَةَ بن مُطَرَ بن شَرِيك: عبد الله.
23,39,1,بنو مرة بن ذهل بن شيبان,11,فولد عب الله بن زَائِدَةَ بن مُطَرَ بن شَرِيك: زَائِدَةَ فولد زَائِدَةُ بن عبد الله بن مَطَرَ بن شَرِيك: معنا، كان من قُوَّاد المَنْصُور، ومَزْيَداً.
24,40,1,بنو مرة بن ذهل بن شيبان,1,منهم: يَزيدُ بن مَزْيَد، كان من قُوَّاد المَهْديّ بن النَصور، وشَبيبُ بن يَزْيد بن نُعيْم بن قَيْس بن عَمْرو بن قَيْس الخَارجيّ، ولبنَامُوسُ بن سَلَمَةَ بن شَرَاحَيْل بن مُرَّة، وحَرَّاث بن الحَارثَ بن عَمْرو بن قَيْس.
24,40,1,بنو مرة بن ذهل بن شيبان,2,وولد الحَارث ين ذُهْل بن شَيْبَان: سَيَّاراً، ومُجَدّعاً، وعَمْراً، وابا عَمْرو، ولَاياً، وعَوْفَاً.
24,40,1,بنو مرة بن ذهل بن شيبان,3,منهم: هِلَال بن علَاقَةَ بن كُرَين بن رَاشد بن عَتُودَةَ بن مَالك بن مُحَلَّم بن سَيَّار بن ابي عَمْرو بن الحَارثَ بن ذُهْل الشَّاعر.
24,40,1,بنو مرة بن ذهل بن شيبان,4,ومُحَلَّم بن سَيَّار وهو الذي قتله الطَائي، من بني حَيَّة، فَأقبَلَ المُمَكَّا ابن هُمَيز بن جَنْدَلَ بن عَمْرو بن الحَارثَ بن ذُهْل، فَنَزَلَ بالطَائَّي الذي قتل مُحَلَّماً ولا يعرف كل واحد منهما صَاحَبه، فذبح له الطَائيَّ وساقه بعين التمر وظَلاّ يشربان، فقال الطَائيَّ، وتَذَاكَرَا السيوف: هَذا والله
25,41,1,بنو مرة بن ذهل بن شيبان,1,السَيْفُ الذي قتلت به مُحَلَّم بن يسَاَّرٍ، فقال المُمَكَّاُ: هَاتَهُ، فَهَزَّة ثم ضَرَبَ به رأس الطَائيَّ، فَنَدَرَ في الاناء الذي كانا يشرَبان فيه، وأنشا المُمَكَّأُ يقول:
25,41,1,بنو مرة بن ذهل بن شيبان,2,إِني آمْرِؤُ مِنْ بَني شَيْبانَ قَدْ عَلمَتْ … هَاتَا القَبَائِلُ أُمَّي مِنْهُمُ وأَبي
25,41,1,بنو مرة بن ذهل بن شيبان,3,إِنَّي إِذَا ما شَرِبتٌ الخَمْرَ يَذْكُرُني … قَوْمِي وتُعْرَفُ مِنَّي آيَةُ الغَضَبِ
25,41,1,بنو مرة بن ذهل بن شيبان,4,ثم هرب، وفيه يقول أبو زُبَيْدٍ الطَائيَّ:
25,41,1,بنو مرة بن ذهل بن شيبان,5,خَبَّرَتْنا الرُكَبَانُ أَنْ قَدْ فَرَحْنُم … وفَخَرتُم بِضَرْبَةِ المُكَّآءِ
25,41,1,بنو مرة بن ذهل بن شيبان,6,ومن بني المُمَكَّأ: بِرذَونُ بن البغْل بن المُمَكَّأ الخَارجيّ.
25,41,1,بنو مرة بن ذهل بن شيبان,7,فولد سَيَّارُ بن الحَارثَ: مُحَلَّماً، وخَدِيجاً، وظَفَراً، وأُبَيَّاً، ثَعْلَبَةُ.
25,41,1,بنو مرة بن ذهل بن شيبان,8,فولد ابي بن سَيَّارٍ: شَرَاحَيل بن أبي.
25,41,1,بنو مرة بن ذهل بن شيبان,9,فولد (شَرَاحَيْل) : قَيْسَاً وهو الأغَنُّ، وسَعْداً.
26,42,1,بنو مرة بن ذهل بن شيبان,1,فولد الأغَنُّ بن أبي: عُبَادَةَ، وكلنَ شَرِيفاً، الحَارث، ونُفَيْعاً.
26,42,1,بنو مرة بن ذهل بن شيبان,2,وولد ظَفَرُ بن سَيَّار: مُحَلَّماً.
26,42,1,بنو مرة بن ذهل بن شيبان,3,وولد أبو عَمْرو بن الحَارثَ: وائِلَةَ، وسَعْداً، وقَطَنَاً، وسَيَّارا.
26,42,1,بنو مرة بن ذهل بن شيبان,4,وولد عَمْرو: الحَارثَ، وخْزَيمة، وحُمْرانَ، الحَارثَ.
26,42,1,بنو مرة بن ذهل بن شيبان,5,فمن بني خَزَيمَة: المُمَكَّأ بن مَوِرق بن عَيب بنهُمَيز بن جُنْدب بن خُزَيمَة، هكذا نسبه ابن عَم لَهُ.
26,42,1,بنو مرة بن ذهل بن شيبان,6,وولد جَذْرة بن ذُهْل: عَوفَاً، وسُيعَداً، ورِئَاباً، ومَرثَد، وعَمْرواً.
26,42,1,بنو مرة بن ذهل بن شيبان,7,فولد سعيد بن جَذْرة: وسَلمى، وسُليماً، وابا مَسْلمة، امهم: رُهَم بنت عَبّاد بن زَيد بن عَوف بن ذُهْل.
26,42,1,بنو مرة بن ذهل بن شيبان,8,وولد عَوف بن ذُهْل: زَيداً، وَعَوفاً، ورَبيعة، والمُنْذر.
26,42,1,بنو مرة بن ذهل بن شيبان,9,فولد زَيدُ بن عَوف: عَبَّاداً، ومَالكاً، ومَرْثداً، وَعَوفاً.
26,42,1,بنو مرة بن ذهل بن شيبان,10,وولد عبد غَنم بن ذُهْل: صُلَيعَاً، الذي بعثه آكل المُرَار مع سَدُوس، وحَاميَةَ بن عبد غَنْم.
26,42,1,بنو مرة بن ذهل بن شيبان,11,وولد ثَعْلَبَةَ بن شَيْبان: ذَهْلاً، مَالكاً، وهِلَالاً، وبَجْدانَ.
26,42,1,بنو مرة بن ذهل بن شيبان,12,منهم: مَصْقلة بن هُبيرةَ بن شِبْل بن يَثْربيّ بن آمرئ القيس بن
27,43,1,بنو مرة بن ذهل بن شيبان,1,رَبيَعة بن مَالك بن ثَعْلَبَةَ بن شَيْبَان، ونُعَيم بن هُبَيْرة.
27,43,1,بنو مرة بن ذهل بن شيبان,2,وولد تَيْم بن شَيْبَان: عَامراً، وربَيعَة، ومُعَاوية، وعَوفاً، امهم كُلُّهم إلاَّ مُعَاوية بنت تُلَادم بن هُمَيم بن الخَزرَج بن النَّمر بن قَاسط. وأم مُعاوية بنت مُعاويَة بم ذُهْل.
27,43,1,بنو مرة بن ذهل بن شيبان,3,وولد مُعاويَة بن تَيم: عَبداً، وعبيداً، وعَوانَة، وعصْمَة، وجَيانَ.
27,43,1,بنو مرة بن ذهل بن شيبان,4,فولد جَيانَ بن مُعاويَة: حَارثة، وثَعْلَبَةَ، والاخَزر، ومِرْدَاسا، ومنقِذاً، وثَعْلباً، وعَادية.
27,43,1,بنو مرة بن ذهل بن شيبان,5,فولد عَاديَة بين جَيانَ: رَبيعَة، مَالكاً، والحَارثَ، وعبيداً، وعَدنَان، وحَنثراً.
27,43,1,بنو مرة بن ذهل بن شيبان,6,فولد حَمشُر بن عَادية: حَافراً، وجُشم، وعَدَنان، وسُلَيماص، ومزيْدا.
27,43,1,بنو مرة بن ذهل بن شيبان,7,فولد مزْيداً بن حشْر: عامراً، وقطناً، وزيْداً، وثَعلبةَ، ويزِيداً، وَعَدِيّاً، وحكِيماً.
27,43,1,بنو مرة بن ذهل بن شيبان,8,فولد حَكيمُ بن مزْيد: أرشداً، ووهْباً، وعمران، وعَامراً، وجُشَم، ومُنقذاً، وأبا عَمرْو.
28,44,1,بنو تيم الله بن ثعلبة,1,وولد أبو عمرٍو بن حكيم بن مَزْيد: عَطَاءاً، وعبد غنمٍ، وعَامراً، وزيداً، وأوفى.
28,44,1,بنو تيم الله بن ثعلبة,2,فولد أوفى بن أبي عَمرو ن حَكيم: عَلقمةَ، وعَطاءاً، ويزِيدَ، وقُريشاً، ومرهُوباً، ومعرواً، وإسْحاقَ.
28,44,1,بنو تيم الله بن ثعلبة,3,وولد عَمرُ بن تيْم بن شيبْان: عَوَاناً، وهو سَيّار، وثَعلبةَ، وعَائِذاً، وظَفَراً.
28,44,1,بنو تيم الله بن ثعلبة,4,هؤلاء بَنو شيْبان بن ثَعلَبةَ.
28,44,1,بنو تيم الله بن ثعلبة,5,وهؤلاء
28,44,1,بنو تيم الله بن ثعلبة,6,بنو تَيْمِ اللهِ بن ثَعلبةَ
28,44,1,بنو تيم الله بن ثعلبة,7,وولد تَيْمُ اللهِ بن ثَعلْبةَ: الحارثَ، وهلَالاً، وعبْدَ اللهِ، وحاطِبةَ، أمُهُم: مَاريةُ بنتْ الحَارثَ بن حمار بن أبي مُلكٍ، وهْو مِلكَان بن عِكْرِمةَ ابن خَصفَة بن قْيس بن عَيْلان بن مِضَر.
28,44,1,بنو تيم الله بن ثعلبة,8,وزَمّاناً، وأمهُ: عَمْرةُ بنت يَعْر الشَّداخ اللّيثي. وعديَّاً، وأمهُ سبِيَّة.
28,44,1,بنو تيم الله بن ثعلبة,9,وعامراً، وأمهُ هجَريَّة.
28,44,1,بنو تيم الله بن ثعلبة,10,فولد الحارثُ بن تْيم اللهِ: ثَعلبَة، وهو غُبابُ، ومالكاً، وعَامراُ، وشيبانَ، أمهم: عَدنةُ بنت شيبان بن ذُهلِ بن ثعلبة.
28,44,1,بنو تيم الله بن ثعلبة,11,وعَديّاً، وجليحة، وأمهما الضَبيَّة.
29,45,1,بنو تيم الله بن ثعلبة,1,فولد ثَعلبَة بن الحارث: عائذاً ومالكاً، ورَبيعةَ، وغنماً، وعُريجاً، وأمهم: مَاريةُ بنت الفنْد، وهو شهلُ بن ربيعةَ بن زِمَّان بن مَالِك ابن صَغب بن عليّ بن بكر بن وائلٍ.
29,45,1,بنو تيم الله بن ثعلبة,2,وولد ثَعلبَة: عائذاً.
29,45,1,بنو تيم الله بن ثعلبة,3,فولد عائذاً بن ثَعلبَة: عبد اللهِ، وربَيَعة، وأمهما: هُجيرةُ بن عامر بن مالك بن تيْم اللهِ.
29,45,1,بنو تيم الله بن ثعلبة,4,وحثجر بن عائذٍ، أمهُ: رهُمُ بنت موْالهَ بن عامر بن مَالك بن تيْم اللهِ.
29,45,1,بنو تيم الله بن ثعلبة,5,وحُجر بن عائذِ، وأمهُ: عُوارُ بنت جارم بن مالك بن بكر بن سعْد بن ضبّةً.
29,45,1,بنو تيم الله بن ثعلبة,6,وقيساً، وشراحيل، وأمهما أسدِية. وعمْراً فمنْ بني عائذ: الجوَّالُ بن عبد اللهِ بن عائذٍ.
29,45,1,بنو تيم الله بن ثعلبة,7,والأشَّمُ، وهو عَامر بن عبد اللهِ.
30,46,1,بنو تيم الله بن ثعلبة,1,وعبد اللهِ بن يعُلى بن الأسود بن عار بن الجوَّال.
30,46,1,بنو تيم الله بن ثعلبة,2,ويزيدُ بن حُجيَّة بن عامر بن حُجيَّة بن عمرو بن عبد اللهِ بن عائذٍ.
30,46,1,بنو تيم الله بن ثعلبة,3,وخَالِدُ بن حجية بن عمرو بن عبد اللهِ بن عائذٍ، وهو المِكْواةُ.
30,46,1,بنو تيم الله بن ثعلبة,4,وزيادُ بن خصفة بن ثقف بن ربيعةَ بن غنْم بن ربيعة بن عائذٍ.
30,46,1,بنو تيم الله بن ثعلبة,5,وعفاقُ بن شُرحبيل بن أبي رُهم بن عبد يغْوث بن لأي بن موألةَ بن عائذٍ.
30,46,1,بنو تيم الله بن ثعلبة,6,والأسْودُ بن رُديح بن الحارث بن ربيعةَ بن غنْم بن ربيعةَ، وهو الّذي إفْتك جُميع بن عرارِ بن عرفجةَ الكْلْبي من الحجاج بن يُسف بمائتين منْ الإبلِ.
30,46,1,بنو تيم الله بن ثعلبة,7,والمُجشرُ بن خُليد بن زيد بن شهاب بن دينار بن الحَارثَ بن
31,47,1,بنو تيم الله بن ثعلبة,1,ربيعةَ بن عائذ بن ثَعلبَة بن الحارِث بن تيْم الله.
31,47,1,بنو تيم الله بن ثعلبة,2,وعمروُ بن أبجر بن عبادِ بن ربيعةَ بن غنْمز وبُجيرُ لأي بن حج بن عائذٍ، كان شاعراً.
31,47,1,بنو تيم الله بن ثعلبة,3,وأوسُ بن محصن بن عمرو بن عبد اللهِ بن عائذٍ، وهو الأشمُّ، الذي حُليتْ لهُسبي بني الحارثِ بن تيْم اللهِ يوْم أوارةَ.
31,47,1,بنو تيم الله بن ثعلبة,4,وقيسُ بن عُباد بن ربيعة بن غنْم بن ربيعة بن عائذٍ، وكان فاتِكاً شاعراً.
31,47,1,بنو تيم الله بن ثعلبة,5,وبيانُ بن بدْر بن مُعض بن أسودَ بن عامر بن الجَوّال بن عبد اللهِ بن عائذ، كان شَريفاً.
31,47,1,بنو تيم الله بن ثعلبة,6,وعُثمانُ بن قتادة بن خُليد بن وابصَةَ بن مُعضّد، وكان شاعراً.
31,47,1,بنو تيم الله بن ثعلبة,7,وولد عَديّ بن الحارث بن تيم اللهِ: حنتماً وشيبانَ.
31,47,1,بنو تيم الله بن ثعلبة,8,فمن بني جُشم: زهيرُ بن أميةَ بن حنتم، الذي أسرَ مروانَ القراظ بن زِنباع العبْسّي.
31,47,1,بنو تيم الله بن ثعلبة,9,ونهارُ بن تَوْسعة بن تميم بن عمرو بن حنتْم.
31,47,1,بنو تيم الله بن ثعلبة,10,وحذْيمُ بن الحارث بن حَارثةَ بن حنتم الشَّاعر.
31,47,1,بنو تيم الله بن ثعلبة,11,وولد شيبانُ بن عَديٍّ بن الحارث بن تيم الله: عَلقمةَ، فارسُ، الأبرشِ، وكان فارسُ يوم أوراة، قتل المُتمطّر، رَجلاً من بني نَصر، رهْط
32,48,1,بنو تيم الله بن ثعلبة,1,النّعمان بن المنذر، دَعا إلى البراز، فبرز إليهِ فقتلهُ.
32,48,1,بنو تيم الله بن ثعلبة,2,وولد مالك بن تيم اللهِ: عامراً، ووديعةُ، وأمهما: مَاريةُ بنت أبي الأسود اليشكُري.
32,48,1,بنو تيم الله بن ثعلبة,3,وعائشاً، وهلالاً: أمهما: الورثَةُ بنت بكْر بن حبيبٍ.
32,48,1,بنو تيم الله بن ثعلبة,4,وعبداً، وكعباً، أمهما: صّفيةُ بنت غنْم جُشم بن حبيبٍ.
32,48,1,بنو تيم الله بن ثعلبة,5,ولاياً، وثَعلبَة، وأمهما: الغُبريةُ من بني غُبر بن يَشكر، وحِسْلاً، أمهُ الحنفيَّةُ.
32,48,1,بنو تيم الله بن ثعلبة,6,فمن بني مالك بن تيْم اللهِ: صُعيَّرُ بن كِلاب بن عامر لن مالك بن تيْم اللهِ.
32,48,1,بنو تيم الله بن ثعلبة,7,وعبيد اللهِ بن زيَاد بن ظبيانَ بن الجعد بن قيس بن ابي عمرو بن مَالك بن عائش بن مَالك بن تيْم اللهِ، وكان شاعراً شريفاً.
32,48,1,بنو تيم الله بن ثعلبة,8,وسَلَمة بن ذُهل بن مالك بن تيْم اللهِ، وأمهُ، زيّضابةُ، وقيل: زيانةُ بنتْ شيبْان بن ذُهل بن ثعلبة، وسلَمةُ هو الذي طعنَ زُهير بن جنَابٍ فشَّق بَطنهُ
33,49,1,بنو تيم الله بن ثعلبة,1,فَاندَملَ منها.
33,49,1,بنو تيم الله بن ثعلبة,2,ولأيُ بن مَوْاله بن عامر بن مَالك بن تيْم اللهِ، فَارسُ مُجلزٍ، وكانت فَرَسهُ إسمهما مُجْلز.
33,49,1,بنو تيم الله بن ثعلبة,3,وعِكرمةُ بن ربَعيّ بن عُمير بن صُبيح بن لأيٍ الفّياض، ولهُ يقَولُ شَبيبُ بن عَمرو بن كُؤيبٍ الطائيّ.
33,49,1,بنو تيم الله بن ثعلبة,4,إذا بَهشتْ رَبيعَةُ للمَعَالي … فعِكْرمةُ بن رِبْعي فَتاهَا
33,49,1,بنو تيم الله بن ثعلبة,5,كأنكَ في السَّماءِ على سَرِير … إذا مَا مالكّ هَزَّتْ لِوَاها
33,49,1,بنو تيم الله بن ثعلبة,6,فَليسَ يَرُمُهُ بَشَر إذا ما … تَأزرَ بالمَحارِمِ وارتدَاها
33,49,1,بنو تيم الله بن ثعلبة,7,رحلتُ إليهِ والجبَلبانِ خَلفِي … وهضْبَة عَالجٍ جوي ثَرَاها
33,49,1,بنو تيم الله بن ثعلبة,8,فإني تَارك لِسَراةِ عبدِ … رُويماً إذ غُنيتُ على يَداها
33,49,1,بنو تيم الله بن ثعلبة,9,يزيدُ بن رُويمٍ جدَّ حوْشَب بن يزيد.
33,49,1,بنو تيم الله بن ثعلبة,10,وحصْن بن رَبيعةَ بن صُعْير بن كلاب.
33,49,1,بنو تيم الله بن ثعلبة,11,وأبو كِلَابٍ، عبد اللهِ حصْن، الذي يُقالُ لهُ لسان الحُمرة.
34,50,1,بنو تيم الله بن ثعلبة,1,وعبد يغُوث بن جُروة بن غنْم بن كلَاب، حَمَّالُ المئينٍ، يُقُالُ لهُ: الأشْعَر.
34,50,1,بنو تيم الله بن ثعلبة,2,وحيَّة بن جعْونة بن رِئَابِ بن رَبِيعَةَ الشَّرْعَبِي بن ذّهل بن مالك بن تيْم اللهِ، وهو الذي أسر الأقراعَ بن حابسٍ التميميّ.
34,50,1,بنو تيم الله بن ثعلبة,3,ومنهُم: أوسُ بن ثَعلبَة الذي يَقولُ:
34,50,1,بنو تيم الله بن ثعلبة,4,فَتَاتيْ آلَ تَدمُر حين آتي … ألمّا تَسْأما طُولَ القيَامِ
34,50,1,بنو تيم الله بن ثعلبة,5,مكانِي مرَّ مِنْ دَهْرٍ ودَهْرٍ … لأهلكثما وعامٍ بَعْدَ عامِ
34,50,1,بنو تيم الله بن ثعلبة,6,فإنكما على رَيب المنايا … لأبقى منْ فُرُوع ابني شِمامِ
34,50,1,بنو تيم الله بن ثعلبة,7,فإنْ أهلك فَربّ مُسومَاتٍ … ضوامِر تحْت فتيانٍ كِرامِ
34,50,1,بنو تيم الله بن ثعلبة,8,مرابضها من الأقدُامِ قُرع … وفي أراغها قطعُ الخدَامٍ
34,50,1,بنو تيم الله بن ثعلبة,9,قطعتُ بهن مجهولاً مَخُوفاً … قَليلُ المَاءِ مُصْفرَّ الحِمامِ
34,50,1,بنو تيم الله بن ثعلبة,10,فَلمَّا أنْ رويْن صَدرتُ عنْهُ … وجُبتُ فُرُوعَ كاسيةِ الظَلامٍ
34,50,1,بنو تيم الله بن ثعلبة,11,بهمٍ غَيْرُ مُلتبسٍ وقلبٍ … عَمْوسٍ غَيْر وجَّابِ الظلَامٍ
34,50,1,بنو تيم الله بن ثعلبة,12,وأوسُ بن ثَعلبَة بن زُفرَ بن عمرو بن ودِعةَ بن مالك بن تيْم اللهِ صاحبُ خُرسانَ، ولاَّه مُعاويةُ بن أبي سُفيان.
35,51,1,بنو تيم الله بن ثعلبة,1,وثَعلبَة بن حُمامِ بن سيَّار بن جُبيل بن مالك بن تيْم اللهِ، الذي يَقولُ:
35,51,1,بنو تيم الله بن ثعلبة,2,رأيتُ الفتى بَعْد الغنى وَكَانهُ … يَنُوءُ بقيدٍ مُغلقٍ وصفَادِ
35,51,1,بنو تيم الله بن ثعلبة,3,وسلامُ وسعيدُ ابنا نُبيط بن يزيدَ بن سلمَة بن عبدٍ اللهِ بن مخْزُم بن سيَّار بن موألهَ بن عَامر بن مالك بن تيْم اللهِ، الذي أسرَ سعْدَ بن الأصْبغ الكَلْبيّ، فقال سَعَدُ:
35,51,1,بنو تيم الله بن ثعلبة,4,يا ابْنْي نُبيطِ الفضلَ واختسِبا … ولَا تَقولَا لِسعدٍ إنهُ جزعُ
35,51,1,بنو تيم الله بن ثعلبة,5,منهم: عُشيْرُ بن زيد بن عائش بن مالك بن تيْم اللهِ، وهو الذي عَمَدَ إلى عمرو بن ذُهل بن شيبان فوَطئةُ حَّتى أسلحةُ، فغضبتْ بنَو شَيبْان.
35,51,1,بنو تيم الله بن ثعلبة,6,وولد مَازنُ بن تيْم اللهِ: حبيباً، وزيداً، وجُلهما، وجُندباً.
35,51,1,بنو تيم الله بن ثعلبة,7,منهم: جابُر، الذي يُقالُ لقصرهِ بدستبى قصر جابر.
35,51,1,بنو تيم الله بن ثعلبة,8,وولد هِلالُ بن تيْم اللهِ: الحارثَ، وعبد العزى، ومالكاً.
35,51,1,بنو تيم الله بن ثعلبة,9,منهم: مُجمَّع بن هِلال بن الحارث بن هِلالَ بن تيْم اللهِ وكان شاعراً.
36,52,1,بنو ذهل بن ثعلبة,1,والأخشىُ بن عباس بن خُنيس بن عبد العُزى بن هَلال بن تيْم اللهِ، وكان شاعراً، وهو الذي يقولُ:
36,52,1,بنو ذهل بن ثعلبة,2,حَمَلنا الشَّيخ تيْمَ اللهِ عَوْداً … وكان وَليَّ كَبْرتهِ أبونا
36,52,1,بنو ذهل بن ثعلبة,3,ومنهم: بشرُ بن عبَدَة بن عبَّاد المُنبهر بن الجارث بن هلَال بن تيْم اللهِ، كان شَاعراً.
36,52,1,بنو ذهل بن ثعلبة,4,وظَالمُ بن خالد بن مالك بن هَلال بن تيْم اللهِ، وكان شاعراً.
36,52,1,بنو ذهل بن ثعلبة,5,هؤلاء بَنو تيْم اللهِ بن ثَعلَبة.
36,52,1,بنو ذهل بن ثعلبة,6,وهؤلاء
36,52,1,بنو ذهل بن ثعلبة,7,بُنو ذُهل بن ثَعلبَة
36,52,1,بنو ذهل بن ثعلبة,8,وولد ذُهلُ بن ثَعلبَة: شيبَان، وعامراً، وعمْراً، وذُهل بن ذُهْلٍ، وهم في بني ضَبّة، يقُولون: ذُهل بن مالك بن بكْر بن سعْد بن ضبةَ، وأم بني ذُهل: هِندُ، وهي الخشبةُ بنت عَوفْ بن عامر قُدادِ، من بجيلةَ.
36,52,1,بنو ذهل بن ثعلبة,9,فولد شيبانُ بن ذُهل: سدُوساً، ومازناً، وعلياً، وعامراً، وعمراً، وأمهم:
37,53,1,بنو ذهل بن ثعلبة,1,أرنبُ أبنة الرَّقَبان من بني تَغلب.
37,53,1,بنو ذهل بن ثعلبة,2,ومالكُ، وزيدُ مناة، وأمهما: رقاشِ بنت ضُبيعةَ بن قيْس بن ثَعلبَة فهم بنو رقاشٍ.
37,53,1,بنو ذهل بن ثعلبة,3,والزبَّانُ بن الحارث بن مالك بن شَيبان.
37,53,1,بنو ذهل بن ثعلبة,4,ومن ولدهِ: الحارثَ بن وَعْلة بن المُجالد بن يثربيّ بن الزَيَّان.
37,53,1,بنو ذهل بن ثعلبة,5,وللحارث بن وعْلة يقول الأعْشى:
37,53,1,بنو ذهل بن ثعلبة,6,أتيْتُ حُريثا زائِراً عن جنابةٍ … فكان حُريثُ عن عطائيَ جَاهلا
37,53,1,بنو ذهل بن ثعلبة,7,وهو جدُ حُصيْن بن المُنذر بن الحارث.
37,53,1,بنو ذهل بن ثعلبة,8,ومنهم: شدّضادُ بن المُنذر، وكانت أمُهُ نبطيةُ، وكان فيمن شهِدَ على حُجر بن عَديّ عندَ زيادِ، فلما مرَّ أسْمُهُ شَّداد بن بُزيعة، وهي النبطيةُ، قال زيادُ: ما لهذا أب يُنسبُ اليه، قيل: هو أخو حُضين، وهو ابن المُنذر، قال: اطرحُوهُ، ولم يقبل شهادتهُ. فبلغتهُ، فقال: وَيليّ على ابن الزانية، وهو لا يُعرف إلا بأمه سُمية الزانية.
37,53,1,بنو ذهل بن ثعلبة,9,فولد سدُوسُ بن شيْبان: الحارثَ، وعمراً، وعَوفاً، وعَصْراً،
38,54,1,بنو ذهل بن ثعلبة,1,والأعْوَرَ، أمهم: رقَاشِ بنت مُحلم بن ذُهْل.
38,54,1,بنو ذهل بن ثعلبة,2,وثعَلَبة، وضبارياً أمهما: الخصاصية من الازدِ، ومعاوية، ومَالِكاً، ورَبِيَعةَ، وعَبْدَ اللهِ.
38,54,1,بنو ذهل بن ثعلبة,3,فَمِنْ بَني الخَصَاصِيَة: بَشِيرُ بن الخَطَّاب، وَهْوَ بَشِيرُ ين مَعْبَد بن شَرَاحَيْل بن ضَابَاريّ بن سَدُوسٍ صَحِبَ النَّبّي ﷺ كَثِيراَ.
38,54,1,بنو ذهل بن ثعلبة,4,فَوَلَدَ الحَارِث بن سَدُوسٍ: عَمْراَ، وشُجَاعَاً وضَمْضَماً، وعَوْفاَ، وحُوَيْطِباَ، وَمُوَرِّعاً، ومُحَيْطَهَ وشُعْبَةَ، ولَوْذَانَ، وظَالِماً ومُعَاوِيةَ، وسُلَيماً، وكَلْباَ، وجَنَاَبَاً، وعَامِراً أُمُّهُم: عُدَسُ ابنةَ سُحَيم بن شَنٍّ.
38,54,1,بنو ذهل بن ثعلبة,5,فَوَلَدَ عَمْرو بن الحَارِث: عَوْفاَ، وحُمْرَانَ، وكَرباً؛ أُمُّهُم: طُهَيَّةُ بِنْت سَعْد بن مَالِك بن العَنْبر بن عَمْرو تَمِيمٍ، ورَبِيَعةَ، وعَبْدَ اللهِ، وعَبْدَ العُزَّى، وسَلَمَةَ وإِيَاساً؛ أُمُّهُم: رَضوى بِنْت عَوفْ بن سَدُوسٍ.
38,54,1,بنو ذهل بن ثعلبة,6,وَوَلَدَ شُجَاعُ بن الحَارِث بن سَدُوسٍ: الحَارِث، ومَالِكاً، وسَعْداً،
39,55,1,بنو ذهل بن ثعلبة,1,وجَنَاَبَاً، وعَمْراً، وزَاهِراً، ومَعْقِلاً.
39,55,1,بنو ذهل بن ثعلبة,2,منهم: خالِدُ بن المُعَمَّر بن سَلمَان بن الحَرِث بن شُجَاع الذي يَقولُ لَهُ القَائِلُ:
39,55,1,بنو ذهل بن ثعلبة,3,مُعَاوِيَ أَمَّر خَالِدَ بن المُعَمَّر … فَإِنّكَ لَوْلا خَالِد لَمْ تُؤمَّرِ
39,55,1,بنو ذهل بن ثعلبة,4,وَوَلَدَ لَوْذَانُ بن الحَارِث: زُهَيراً.
39,55,1,بنو ذهل بن ثعلبة,5,وَوَلَدَ ظَالِمُ بن الحَارِث: عَمْراَ، وحَصَّادّةَ.
39,55,1,بنو ذهل بن ثعلبة,6,وَوَلَدَ مُعَاوِيَةُ بن الحَارِث: شَعْلاً وَوَلَدَ عَمْرُو بن سَدُوس: بَجْرَةَ، وكَعْباَ، وعَلقَمَةَ، ورَبِيعَةَ، وعَبْدَ اللهِ، أُمُّهم الكَلْبِيَّة بِنْت عَمْرُو بن شَيْبَانٍ.
39,55,1,بنو ذهل بن ثعلبة,7,وقَيساً، وعَبْدَ العُزَّى؛ أُمُّهم: عَاتِكَةُ، مِن بَني عِجْلٍ منهم: مَجْزَأةُ، وشَقِيقُ ابنا ثَوْر بن عُفَيْرِ بن زُهَيْر بن كَعْب بن عَمْرُو بن سَدُوسٍ.
40,56,1,بنو ذهل بن ثعلبة,1,وسُوَيْدُ بن مَنْجُوف بن ثَوْرٍ وَمُؤَرَّجُ بن الحَارِث بن ثَوْر بن حَرْمَلَةَ بن عَلْقَمَةَ بن عَمْرُو بن سَدُوسٍ.
40,56,1,بنو ذهل بن ثعلبة,2,ومنهم: سِمَاكُ بن حَرْب بن عَلْقَمَةَ بن هِنْد بن قَيْس بن عَمْرُو بن سَدُوسٍ.
40,56,1,بنو ذهل بن ثعلبة,3,وَوَلَدَ عَوْفُ بن سَدُوس: لآَياً وعَمْراً، وَلَوْذَانَ، وحِمْيَريّ؛ أُمُّهم مَارِيَةُ بِنْت لأَي بين الحارِث بن ذُهْلٍ.
40,56,1,بنو ذهل بن ثعلبة,4,فمن بَني ثَعْلَبَةَ بن سَدُوسٍ: عِلْبَاءُ بن الهَيْثَم بن جَرِير بن الحارِث بن إنْسَانَ بن ثَعْلَبَةَ، وعِمْرَانُ بن حِطَّان بن ظَبْيَانِ بن شُعَل بن بن مُعَاوِة بن الحَارِث بن سَدُوسٍ الشاَّعِر الخَارِجِيّ.
40,56,1,بنو ذهل بن ثعلبة,5,هَؤُلاءِ بنوسَدُس بن شَيبان بن ذُهْلِ.
40,56,1,بنو ذهل بن ثعلبة,6,وَوَلَدَ زَيدُ مَنَاةَ بن شَيبَان: مُرَّةَ؛ فَوَلَدَ مُرَّةُ: بُجيراً، وسَيَّاراً وكسراً.
40,56,1,بنو ذهل بن ثعلبة,7,فَوَلَدَ بُجيرٌ بن مُرَّةَ: حُوَيصاً، وضُبَيْعَةَ، ومُعَاوِيَةَ الأعْرَج.
41,57,1,بنو ذهل بن ثعلبة,1,وَوَلَدَ عَامِرُ بن شَيبَان: صُرَيْماً؛ أُمُّهُ: رَقَاشِ بِنَت ضُبَيْعَةَ، خَلَفَ عَليها بَعْدَ أبيهِ نِكَاح مَقْتٍ.
41,57,1,بنو ذهل بن ثعلبة,2,وَوَلَدَ مَالِكُ بن شَيبَان: الحَارِثَ، وزَيداً، وسَعْداً وعَامِراً، وشَيبَان؛ أُمُّهُم: حَبْلةُ بِنَت عَمرو بن قَيْس بن عُكَابَة.
41,57,1,بنو ذهل بن ثعلبة,3,فَوَلَدَ الحَارِثُ بن مَالِك: الزَّبَّانَ، وسَعْداً، ورَبِيعَةَ، وعَوْفاً، وثَعْلَبَةَ، وعَمْراً، وعَبْد اللهِ.
41,57,1,بنو ذهل بن ثعلبة,4,مِنهُم: حُضَيْنُ بن المُنْذِر بن الحَارِث بن وَعْلَة بن المُجَالد بن يَثْرِبّي بن الزَّبَّانَ بن الحَارِثُ بن مَالِك بن شَيبَان.
41,57,1,بنو ذهل بن ثعلبة,5,وَوَلَدَ زَيْدُ بن مَالِك: ثَعْلَبَةَ؛ فَوَلَدَ ثَعْلَبَةَ بن زَيْد: جَزْءاً.
41,57,1,بنو ذهل بن ثعلبة,6,فَوَلَدَ جَزءُ بن ثَعْلَبَةَ: شِهَاباً، وثَعْلَبَة، والحَارِثَ وقيسْساً، وحُبَيْباً.
41,57,1,بنو ذهل بن ثعلبة,7,وَوَلَدَ عَمْرو بن شَيبَان: الحَارِثُ، وعَبْدَ اللهِ، وعَبْدّ مَنَافٍ، ورَبِيعَةَ، وظَالِماً، وكُلَيْباً، وماَوِيَةَ.
41,57,1,بنو ذهل بن ثعلبة,8,منهم: أّبو دَاوُد، صَاحِب خُراسَانَ، وَهْوَ خّالِدُ بن إِبراَهِيم بن عَبْدِ الرَّحمَنَ بن فُعَيل بن ثَابِت بن سَالِم بن الحَارِث بن عَمْرو بن شَيْبانَ.
41,57,1,بنو ذهل بن ثعلبة,9,ومِنْهم: دَغْفَلُ بن حَنْظَلَةَ بن يَزِيد بن عَبَدَةَ بن عَبْد اللهِ بن رَبِيعَةَ بن عَمْرو بن شَيْبانَ، النَسَّابَةُ.
42,58,1,بنو ذهل بن ثعلبة,1,ومِنْهم: القَعْقَاعُ بن شَوْرِ بن عِقَال بن حَارثَة بن عَبَّاد بن امرِئ القَيْس بن عَمْرو بن شَيبَان.
42,58,1,بنو ذهل بن ثعلبة,2,وَوَلَدَ عَمِرُ بن ذُهْلٍ: مُعاوِيَةَ، وثَعْلَبَة، وهو الأَعْوَرُ؛ وعَوْفاً، ومَالِكاً، وهو البُطَاحُ؛ أُمُّهم عُدَيَّةُ بنت جَهْوَر بن النَّمِر.
42,58,1,بنو ذهل بن ثعلبة,3,وَوَلَدَ الأَعْوَرُ بن عمِر: مَالِكاَ؛ رَهْط حَسَّان بن مَحْدُوج بن بِشْرِ بن حَوْط بن سِعْنَة بن رَبِيعَةَ بن عَبُّودَةَ بن مَالِك بن الأَعْوَر، كان مَعَهُ اللَّواء يَوْمَ الجَمَلِ فَقُتِلَ فأَخَذَهُ أَخُوهَ حُذَيفَةُ بن مَحْدُوج فأُصِيبَ فأَخَذهُ عَمُّهما الأَسودُ بن بِشْر بن حَوطٍ، فَقُتِلَ؛ قأَخَذهُ عَبْدَ هِنْدَ بن بِشر بن حَوْطٍ، فَقُتِيلَ، عُمَيْس بن الحَارِثِ بن حَسَّان بن حَوْطٍ فَقُتِيلَ؛ فأَخَذَهُ زُهَيْر بن عَمْرو بن حَوْطٍ فَقُتِيل؛ ثُمَّ تَحَامَاهُ القَوُم وكانوا مَعَ أَمِيرِ المَؤمِنِين عَليّ بن أَبي طَالِب ﵇ .
43,59,1,بنو ذهل بن ثعلبة,1,وَوَلَدَ مُعَاوِيةَ بن عَامِر: حَارِثةَ، وهو شَعْشَمُ وعَبْدَ شَمْسٍ، وعَمْراَ، وشُعَيْباً وَهْو شَعْشَم الصَغِير.
43,59,1,بنو ذهل بن ثعلبة,2,منهم: خَصَفَةُ بن قَيْس بن مُرَّةَ بن شَرَاحَيْل بن عَوْف بن شَعشَم الأَكْبَر بن مُعاوِية بن عَمِر، الذي أَخَذَ اللَّواء بَعْدَ زُهَيْرٍ ثُمَّ قَالَ: أَما واللهِ لَوْ كَانتْ بُرْدَتَين لما خَيَّرتُموني بِها فَضُرِب على لِحْيتِهِ فَسَقَطَ اللَّحِى والأَنْفُ فَعَاش بَعْد ذَلِكَ زَماناً.
43,59,1,بنو ذهل بن ثعلبة,3,وَوَلَدَ عَوْفُ بن عَمِر: زَيداً، ونُبْيشةَ، وأَبا شِجْنةَ.
43,59,1,بنو ذهل بن ثعلبة,4,فَوَلَدَ زَيْدُ بن عَوْفِ: رَبِيعةَ؛ وأُمُّهُ: ضُبَابَةَ.
43,59,1,بنو ذهل بن ثعلبة,5,منهم: الكَلْحُ بن الحَارِث بن رَبِيعةَ بن زَيْد الشَّاعر الرّئيسِ.
43,59,1,بنو ذهل بن ثعلبة,6,وهَرْمُ بن عَبْدَ يَغْوث بن عَبْدِ اللهِ بن عَوْف بن عَمْرو بن رَبِيعةَ، الذي يقَالُ لَهُ: هَرِمُ بن صُبَابةَ.
43,59,1,بنو ذهل بن ثعلبة,7,وشِهَابُ بن رَوْضَةَ الشاعر.
43,59,1,بنو ذهل بن ثعلبة,8,وَوَلَدَ البُطَاحُ بن عَامِر: عَوْفاً، وعَمْراً، وثَعْلبةَ، وجَذيمةَ فَوَلَدَ البُطَاحُ بن جَذيمةَ: عَمْراً، ومَالِكاً، ورَبِيعَةَ.
44,60,1,بنو قيس بن ثعلبة,1,هؤُلاء بنو ذُهْل بن شَيَبان.
44,60,1,بنو قيس بن ثعلبة,2,وهؤُلاء
44,60,1,بنو قيس بن ثعلبة,3,بنو قَيْس بن ثَعْلبَةَ
44,60,1,بنو قيس بن ثعلبة,4,وَوَلَدَ قَيْس بن ثَعْلَبَة: ضُبيعْة، وتَيْماً، وسَعْداً، وهما الحُرقَتانِ وثَعْلبَةَ أُمهم: مَارِيةَ بنت الجُعَيْد العَبْديةَ.
44,60,1,بنو قيس بن ثعلبة,5,فَوَلَدَ ضُبيعْة بن قَيْس: مَالِكاً، ورَبِيعةَ وهو جَحْدرُ، وعَبَّاداً وسَعْداً، رَهْط الأَعشى، وهو مسيْمون بن قَيْس بن جَنْدلَ بن شراحَيْل بن عَوْف بن سَعْد أبن ضُبيعْة.
44,60,1,بنو قيس بن ثعلبة,6,وتَيْماً، وجَنْدلاً، أبنا ضُبيعْة؛ أُمهم رهم بنت عَبْد غَنْم بن ذُهْل بن ذُبيان بن كِنَانَةَ بن يَشْكرٍ.
44,60,1,بنو قيس بن ثعلبة,7,فَوَلَدَ مَالِكاً بن ضُبيعْة: سَعْداً، وعَمْراً، وعَوْفاً، رَبِيعَةَ وعَبَّاداً، وصُنياً وصَعْباً والأَجْرد؛ أُمهم عُوَارَةَ بنت عَوْف بن ذُهْل بن شَيْبان فَوَلَدَ سَعْدُ بن مَالِك: ضُبَيعْة، ومَرْقداً، وكَهْفاً، وقمِيةَ ومُرقِّشاً الأَكبر؛ أُمهم قُلَابَةَ بنت الحَارِث بن قَيْس بن الحَارِث بن ذُهْل اليشكُري.
45,61,1,بنو قيس بن ثعلبة,1,وحَرْملةَ، الذي يقولُ طَرفَةُ: أَنَساً لَقِيت وحَرْملا وسُفيان، وعَدِياً، ورَبِيعَةَ، وهو المُرقش الأَصغَر؛ وأَنساً؛ أُمه: فاطِمة بنت الأُقيصِر من بني يَشْكُر.
45,61,1,بنو قيس بن ثعلبة,2,فَوَلَدَ مَرثْدُ بن سَعْد: عَمْراً وحُيياً، أهلُ بيت، أُمهم: فاطِمَةُ بنت زُكْرةَ أبن أُقيْصر.
45,61,1,بنو قيس بن ثعلبة,3,منهم: عَبْدُ عَمْرو بن بِشْر بن عَمْرو بن مَرْثدِ، صاحُبُ عَمْرو بن هِنْد، وانبهُ الغَضْبانُ، قد رأَسَ.
45,61,1,بنو قيس بن ثعلبة,4,وحُمْرانُ بن عَبْد عَمْرو، وهولِزازٌ، فكان لِزازَ أَعدائِهم.
45,61,1,بنو قيس بن ثعلبة,5,والمُجَشْرُ بن عَمْرو بن عَبْد عَمْرو.
45,61,1,بنو قيس بن ثعلبة,6,والحُطَمُ، شُرْيحُ بن ضُبيْعَةَ بن شُرحْبِيل بن عَمْرو بن مَرْثدٍ.
46,62,1,بنو لجيم بن صعب,1,وقَيْسٌ بن حَسَّان بن عَمْرو بن مَرْثَد، يُدْعى بَرْجداً لِجَماله، يُرِيدُ زَبرْجداً.
46,62,1,بنو لجيم بن صعب,2,والحَارِثُ بن عَباد بن مَالِك بن ضُبيْعَةَ، فارِسُ النَّعَامَةِ.
46,62,1,بنو لجيم بن صعب,3,ومَالِكُ بن مِسْمَع بن سَيَّار بن قَلَعِ بن عَمْرو بن عُبَادَ بن جَحْدر بن ضُبيْعَةَ بالبَصرَةِ.
46,62,1,بنو لجيم بن صعب,4,وطَرفَةُ بن العَبْد بن سُفْيلنَ بن مَنْصُور بن مَالِك بن ضُبيْعَةَ بن قَيْس.
46,62,1,بنو لجيم بن صعب,5,هؤُلاء بنو قَيْس بن ثَعْلبَةَ.
46,62,1,بنو لجيم بن صعب,6,وُهم آخر بني ثَعْلَبَةَ بن عُكَابَةَ.
46,62,1,بنو لجيم بن صعب,7,وهَؤلاء
46,62,1,بنو لجيم بن صعب,8,بَنو لُجَيم بن صَعْب
46,62,1,بنو لجيم بن صعب,9,وّلَدَ لُجَيْمُ بن صَعْب بن عَليّ بن بُكُر بن وآئِل: حَنيفَةَ، والأوْقَصَ، ولُهيماً، وأمهم: صَفَيةُ بنت كَاهِل بن أسَد بن خُزيْمَةَ.
46,62,1,بنو لجيم بن صعب,10,وعِجْلاً، وأمَهُ: حُذَامِ بنْت جَسْر بن يتْم بن يَقْدم بن عَنَزةَ بن أسَدٍ.
46,62,1,بنو لجيم بن صعب,11,فَوَلدَ
46,62,1,بنو لجيم بن صعب,12,بَنو حَنيَفَة بن لُجيْم بن صَعْب
46,62,1,بنو لجيم بن صعب,13,فَوَلَدَ حَنَيفَة بن لُجيْمٍ: الدُّوْل، وَعَياً، وعَمراً، وزَيْدَ مَنَاةَ، وحُجْراً،
47,63,1,بنو حنيفة بن لجيم بن صعب,1,أمهَّم: بنْت الحَارث بن الُّولِ بن صُباح من عَنَزَةَ.
47,63,1,بنو حنيفة بن لجيم بن صعب,2,وعَبدَ ضمْر، وأمُهُ: مَاريَةُ بنْت الجُعَيد بن
47,63,1,بنو حنيفة بن لجيم بن صعب,3,صُبيْرةَ بن الدَّليلِ بن شَنّ بن أفصى بن عبْدَ القْيس بن أفصى بن دُعْميّ بن جدِيلةَ بن أسَد بن رَبيعَةَ.
47,63,1,بنو حنيفة بن لجيم بن صعب,4,فوّلَدَ الدُّولُ بن حَنَيفَة: مُرَّة، وثَعلَبَة، وعبْد اللهِ، وذُهْلاً، وأمُهم: عَبلةُ بنْت سَدُوس بن شَيَبان، والحَارث بن الدُّول.
47,63,1,بنو حنيفة بن لجيم بن صعب,5,فَوَلدَ مُرْة الدُّول: سُحَيماً، وقيساً.
47,63,1,بنو حنيفة بن لجيم بن صعب,6,فَوَلَدة سُحيمُ بن مُرةّ: عبْد العُزَّى، وسَعْداً، والحَارث.
47,63,1,بنو حنيفة بن لجيم بن صعب,7,فَمَن بَني سُحيْمٍ: هَوْذةُ بن عليّ بن ثُمَامَةَ بن عَمْرو بن عبَدِ اللهِ بن عَمرو بن عَبد اللهِ بن عَمْرو بن عَبْدِ العَّزى الذي مَدَحُهُ الأعْشى، كان يُجيزُ الُبرُدَ لكسْرى حتَّى تَقَع بنجْرانَ، فأعطاهُ كسْرى قلنسَيةَ قيمَتها ثَلاثُون ألفَ دِرهْمٍ، فَذلكَ يقولُ الأعْشى:
47,63,1,بنو حنيفة بن لجيم بن صعب,8,لَهُ أكالِيلُ بالَاقُوتِ فضَّلَها … صُوَّاغُها لا تَرىَعَيْباً ولا طَبَعا
47,63,1,بنو حنيفة بن لجيم بن صعب,9,ومنهُم: شَمِرُ بن عَمْرو بن عبْدِ اللهِ بن عَمْرو بن عَبْدِ العُزَّى، وهو الذي قَتَلَ المُنذِر بن مَاءِ يَوم عَين أباغ، الذي يَقُولُ فيهِ أوسّ بن
48,64,1,بنو حنيفة بن لجيم بن صعب,1,حَجَر:
48,64,1,بنو حنيفة بن لجيم بن صعب,2,نُبئتُ أنَّ بَني سُحَيمٍ أدْخلوا … أسيافهُم تاَمُور نَفَسِ المُندِرِ
48,64,1,بنو حنيفة بن لجيم بن صعب,3,فَلَبئس ما كَسَبَ ابن عمْرو رهطْهُ … شَمِر، وكَانَ بِمسْمعٍ وبِمنْظَر
48,64,1,بنو حنيفة بن لجيم بن صعب,4,مِنهم: شَيَبانُ، وطَلقَ، ومَالَكُ، بنُو عمْرو بن عبْد اللهِ، وأمَّ بَني عمْرو وهؤلاء: عوانة، وهي اللاَّفظةُ بنْت عُبيد بن يربُوع بن ثعْلبَة بن الدُّول، سُميتْ اللافظْةَ لِسخائهاَ، ولهُ يقُولُ الأعْشى:
48,64,1,بنو حنيفة بن لجيم بن صعب,5,وجَدْتُ عَلْياً مَاجشداً فَورِثْتهُ … وطَلْقاً وشَيَبانَ الجَوادَ وَمَالِكا
48,64,1,بنو حنيفة بن لجيم بن صعب,6,هَؤلاءِ بنو اللَّافظةِ.
49,65,1,بنو حنيفة بن لجيم بن صعب,1,وَوَلَدَ عَبدُ اللهِ بن الدُّول: المُعبرّ، وغنَمَةَ، منهم: أبو مَريَم، وهو صُبيحُ بن المُحرشِ بن عبْد بن مَالك بن المُعَمرَ، وهو الذّضي يُقالُ إنهُ قَتَل زيْد بن الخطَّاب.
49,65,1,بنو حنيفة بن لجيم بن صعب,2,وولدّ ذُهلُ بن الَّول: صَبْرةَ، والحَارثَ.
49,65,1,بنو حنيفة بن لجيم بن صعب,3,فولدّ الحَارثُ بن ذُهل: هَفَّانَ.
49,65,1,بنو حنيفة بن لجيم بن صعب,4,فولّدّ هَفَّانَ بن الحَارث: عبْدَ منَاة، وضبَاباً، وعبَدَ الحَارث.
49,65,1,بنو حنيفة بن لجيم بن صعب,5,منهم: جَبَلةُ بن ثوْر بن جَاوَة بن عبْد مَنَاة بن هفّضانَ، هو الذي تَزَوج كُبَيشَةَ بنْت الحَارث بن كُريزٍ بن ربِيعةَ بن حَبيب بن عَبْد شَمسٍ، ثُم خَلَف عليهَا مُسَيلمَةُ الكَّاب، ثُمَّ خَلَف عليهاَ عبْدُ الله بن عَمر بن كُرسْز، فَولدتْ لهُ.
49,65,1,بنو حنيفة بن لجيم بن صعب,6,ومنهم: حَجِبُ بن قُداَمَة بن هِيمْان بن عَامر بن جاوَةَ.
49,65,1,بنو حنيفة بن لجيم بن صعب,7,وولّدّ تُعلبَة بن الدّضول: يربُعاً، ومثعاويَة فَولدَ يريُوعُ بن ثَعلَبةَ: ثعَلبةَ، وزيداً، وقَطَناً، وحبِيباً، وحُويْصاَ، ومُعاويةَ، وبَشيراً، ولَبيداً.
50,66,1,بنو حنيفة بن لجيم بن صعب,1,فولَدَ ثَعلبَةُ بن يربُوع: عُبيداً، والمشرفيَّ. فَمنَ بني عُبيدٍ: أثَالُ بن النُّعمان بن مسْلمَةَ بن عُبيد.
50,66,1,بنو حنيفة بن لجيم بن صعب,2,ومُطرَّفُ بن النَّعمان.
50,66,1,بنو حنيفة بن لجيم بن صعب,3,وحُريْثُ بن جابر بن سُريّ بن مسْلمَةَ، وليَ خُرسَانَ.
50,66,1,بنو حنيفة بن لجيم بن صعب,4,والمُعْترضُ بن عزَال بن سُبيَعٍ بن مسْلمةَ، قُتل يَومَ اليَامَة.
50,66,1,بنو حنيفة بن لجيم بن صعب,5,ومُحلمُ بن الطُّفيل بن سُبيع، قُتل يوْم اليَمَامةَ مع مُسيلمَةَ، وهو حَليفّ لِقريشٍ.
50,66,1,بنو حنيفة بن لجيم بن صعب,6,ومُجَّاعةٌ بن مُرارةَ بن سُلمى بن زيْد بن عُبيد، الذي بُقُالُ لهُ: مَجَّاعَة اليَمَامةَ.
50,66,1,بنو حنيفة بن لجيم بن صعب,7,وسَاريةُ بن عمْرو، الذي قالَ لحَالد بن الوَليد: إنْ كانَ لَكَ بأهلِ اليَمَامةَ حاَجةَ فاسْتيقّ هذا يَعني مجُاعَةَ.
50,66,1,بنو حنيفة بن لجيم بن صعب,8,وولدّ زيْدُ بن يَربُوعك مُجمّعاً.
50,66,1,بنو حنيفة بن لجيم بن صعب,9,وولد مُجمَّعُ بن زيْد: سَلمَة، وعَوفاً، وعُقبةَ.
50,66,1,بنو حنيفة بن لجيم بن صعب,10,منهم: سُلمى بن مُهينَ بن سُلمى بن عْرو بن مُجمَّع بن زيْد بن يربُوع.
50,66,1,بنو حنيفة بن لجيم بن صعب,11,وولد عامرُ بن حَنيفةَ: عبْد سعْد، وغنماً، أمهما العبْديَّة بنْت الجُعيد بن
51,67,1,بنو حنيفة بن لجيم بن صعب,1,صَبرةَ بن الدَّليل بن شَنّ بن أقصى.
51,67,1,بنو حنيفة بن لجيم بن صعب,2,فولَدَ عبْدُ سعْد بن عَامرٍ: مُعاوِيَةَ، وثَعلَبَةَ.
51,67,1,بنو حنيفة بن لجيم بن صعب,3,وولَدَ الحارثُ بن عَمرٍ: سعْداً: وعفاً، وحنَشَاً.
51,67,1,بنو حنيفة بن لجيم بن صعب,4,منْهمك عبْدُ الرَّحمان بن بخْدَج بن رَبِيعَةَ بن سُميْرِ بن عَاتِك بن قيْس بن سعْد بن الحَارث.
51,67,1,بنو حنيفة بن لجيم بن صعب,5,وولَدَ عَديَّ بن حَنيَفَةَ: عبْدَ الحَارث، ومُرَّة، وسعْداً، وعبْدُ مَنَاة، وعبْدَ اللهِ، أمُهُم: ظبْيَةُ بنْت عجْل بن لُجيْم.
51,67,1,بنو حنيفة بن لجيم بن صعب,6,فوَلَدَ عبْدُ الحَارث بن عَديَّ: الحَارثَ.
51,67,1,بنو حنيفة بن لجيم بن صعب,7,فولَدَ الحارثُ بن عبْدَ الحَارث: ربيَعَةَ، وحبيَباً، منه: مُسيْلَمَةُ الكَذَّاب ابن ثُمامَة بن كَبير بن حَبيب بن الحارِث بن عبد الحارث.
51,67,1,بنو حنيفة بن لجيم بن صعب,8,ونجْدةُ بن عَامر بن عبد اللهِ بن سيّار بن المُطرَّح بن ربيعة بن الحارث بن عبد الحَارث الخارجيّ.
51,67,1,بنو حنيفة بن لجيم بن صعب,9,هَؤلاءِ بَنو حَنيفة بن لُجيم.
51,67,1,بنو حنيفة بن لجيم بن صعب,10,وهَؤلاءِ بنو عِجْل بن لُجيْم
51,67,1,بنو حنيفة بن لجيم بن صعب,11,وولَدَ عِجْلُ بن لُجيْم: سعْداً، أمهُ: كَبْشةُ بنْت نَهْرشِ بن بَدَنَ بن بَكْر وآئلٍ.
51,67,1,بنو حنيفة بن لجيم بن صعب,12,وضُبيْعةَ، ورَبيعَة، وكعءباً، أمُهُم: المُفدّضاةَ بنْت سَوَادَةَ بن بلَال بن
52,68,1,بنو سعد عجل,1,سعْد بن بُهْثَةَ بن ضُبيْعَةَ بن رَبيعْةَ بن نِزَار، والمثْل، والواثبان.
52,68,1,بنو سعد عجل,2,وهَؤلاءِ بنو سعْد عِجلْ
52,68,1,بنو سعد عجل,3,وولَدَ سعْدُ بن عِجل: جِذيَمَة، وقيْساً، وذُهْلاً، وعَدياً، وحُيياً دَرضجَ، أمُهُم: هنْدُ نْت الضَّرِيبِ بن عُبيدة بن خُزيْمَة بن جُلّ بن عَديّ بن عبْد مَنَاة ابن أدّ.
52,68,1,بنو سعد عجل,4,ورَبيَعَة، وأمُهُ: مَاريَةُ بنْت الجُعيْد.
52,68,1,بنو سعد عجل,5,وَصَعْباً، أمُه مِن عَامَلةَ، وهو فيهم.
52,68,1,بنو سعد عجل,6,فولَدَ جُذيمةً بن سعْد: الأسعْد، وعَدياَ، ومعْنَاً دّرَجَ، وحُطيطاَ دَرَجَ، ومُهَوشاً دَرَجَ، أمُهُم: هنْدُ بنْت عَامر بن حُنيَفةَ.
52,68,1,بنو سعد عجل,7,فولَدَ الأسعْدُ بن جَذيمَةَ: حَاطِبة، أمُهُ: فاطِمةُ بنْت عَامر بن لُؤيّ بن غَالب بن فهْرٍ.
52,68,1,بنو سعد عجل,8,زسياراً، وكعباً، وهو حِمصانةُ، وعبْد اللهِ، أمُهم: هُويْلة بنْت سعْد بن ضُبيَةَ بن عِجْل.
52,68,1,بنو سعد عجل,9,فولَدَ حَاطبةُ بن الأسعْدك حُيياً، وعمْراً، زسعْداً، وعَوفاً، وهو الحَمطُ، وربيَعَة، أمُهم أمُ نهْدٍ بنْت ربيعَةَ بن سعِيد بن عِجْل.
52,68,1,بنو سعد عجل,10,منهم: عبْدُ الأسْودِ.
52,68,1,بنو سعد عجل,11,وثَعلَبةَ بن حَنظَلةَ بن سيَّار، صاحبُ القُبَّة يوم ذي قَارٍ.
53,69,1,بنو سعد عجل,1,فَمِن بيني عَبْد الأَسْود: الحَجَّاج بن عِلاج بن مَعْن بن عَبْدِ الأّسْود، كان شَرِيفاَ بالكُوفَةِ.
53,69,1,بنو سعد عجل,2,وعُتَبْتةُ، وعَتَّابُ ابنا النَّهَّاس، واسمُهُ عَبْدلَ بن حَنْظلةَ بن يَام بن الحَارِث بن سَيَّار بن حُيَيٍّ كَانا شَرِفين.
53,69,1,بنو سعد عجل,3,والحَكَمُ بن عُتَبْتةُ بن النَّهَّاس الفَقِيه.
53,69,1,بنو سعد عجل,4,ولَبِيدُ بن بُرْغُث من بني حَاطِبةَ، الذي قَتَلَ زَيْد بن الخَطَّابٍ يَوْم اليَمامَةِ فِيما أَخبرنا خِرَاشُ.
53,69,1,بنو سعد عجل,5,وَوَلَدَ سَيَّار بن الأّسْود: مَالِكاً، وعَمْراً، وعَوْفاً، ورَبِيعةَ؛ أُمهم زُهَيْرة بنت الطَّبِيب بن مُعَاوِيةَ بن عَامِر بن حَنِيفةَ. وعَبْدَ اللهِ أُمه زُهَيْرة بنت الطَّبِيب أيضاً.
53,69,1,بنو سعد عجل,6,فَوَلَدَ عَبْدُ اللهِ بن سيَّار: (حَيَّان) ووائِلاً، وسُلَيْطاً، وسَلَامَة (وثُمَامَةَ) منهم: سَعْسد بن مُرًّة، الذي غَلَبَ على أّذْرَبيجَانَ زَمَن عَبْدُ اللهِ بن الزُّبَيْر.
54,70,1,بنو سعد عجل,1,وَوَلَدَ رَبِيعةَ بن سيَّار: أَسوَداً، وعَبْدَ العُزَّى والحًارِثَ، وحَارِثةَ وعَمْراَ.
54,70,1,بنو سعد عجل,2,منهم: إِيَاسُ بن مُضَارِب شُرَط ابن مُطِيعٍ؛ وابنُهُ رَاشِد، الذي قَتَلَهُ إِبراهِيم بن الأَشْتَر.
54,70,1,بنو سعد عجل,3,وَوَلَدَ عَمْرو بن سَيَّار: سَلَمَةَ، وقَيْساً، وجَنْدَلاً، وخَالِداً.
54,70,1,بنو سعد عجل,4,وَوَلَدَ زَيْدُ بن سَيَّار: مَالِكاً.
54,70,1,بنو سعد عجل,5,وَوَلَدَ كَعْبُ بن الأَسْعَد، وهو حِمْصانةُ: الحَارِثَ، وعَوْفاً، ودَرْماً، وحِمْيرِياً.
54,70,1,بنو سعد عجل,6,فَوَلَدَ الحَارِثُ بن كَعْب: ذَبَّاباً، قَتَلْهُ عَبْدُ القَيْسِ وقد ذَكَره المُفَضَّل في المُنصِفَةِ. وخُنًسْياً.
55,71,1,بنو سعد عجل,1,فَوَلَدَ ذَبَّاب بن الحَارِث: شِهَاباً، رَهْط القَاسِم بن عَبْدً الغَفَّار بن عَبْدِ الرَّحْمانِ بن العَجلَان بن نُعَيْم، وهو الشُّندُخ بن شِهَابٍ الشاعر.
55,71,1,بنو سعد عجل,2,وَوَلَدَ قَيْسُ بن سَعْد بن عِجْلٍ بن لُجَيم بن صَعْب: جُشَمَ، وسَعْداً؛ أُمهمها: مَاوِيةُ بنت أَبي أَخْزَم بن رَبِيَعَةَ بن جَروَل بن ثُعَلٍ.
55,71,1,بنو سعد عجل,3,فَوَلَدَ جُشَم بن قَيْسَ: دُلَفاً، وعَبْدّ سَعْدٍ، أُمهم عَمْرَةُ بنت جَسْر بن تَيْم بن عَنَزَة.
55,71,1,بنو سعد عجل,4,فَوَلَدَ دُلَفُ بن جُشَمَ: حَارِثةَ، وسَعْداً، وعَمْراً، وقَشْعاً، ورَبِيَعَةَ، أُمهم: مَارِيةُ بنت بُرْدَ بن أَفصَى بن دُعْمي بن إِيَادٍ.
55,71,1,بنو سعد عجل,5,وعَبْدَ العُزَّى، وشِجْنَةَ، أُمهمها: حَبِيبةَ بنت الحَارِث بن الرُّطَيْل بن أُسامَةَ بن ضُبَيْعة بن عِجْل، بها يُعْرَفون.
55,71,1,بنو سعد عجل,6,ونَهَاراً، وكَعْباَ، والحَارِثَ؛ أُمهم: رُهْمُ (بنت نهار بن) رَبِيعَةَ بن جَذيمَةَ بن سَعْد بن مَالِك بن النَخَع. وَلأَياً وأُحَسْمَرَ، وفُضَيْلاً دَرَجَ؛ أُمهم رَقَاشَ بنت سَعْد بن عَدِي بن حَنِيفَةَ.
55,71,1,بنو سعد عجل,7,فَوَلَدَ حَارِثةَ بن دُلَفٍ: لأْياً، وَخَيْبَرياً، وقَيْساً، وجَمْهُوراً، وجَابراً،
56,72,1,بنو سعد عجل,1,وعُبَيَدةَ، ورَبِيَعَةَ، ونَاعِجاً، وعُقْيبةَ، وعَافَةَ، وبَعْجَةَ.
56,72,1,بنو سعد عجل,2,منهم: شُمَيُزُ بن الزَّبَّان بن الحَارِث بن لأَي بن حَارِثةَ الشَاعِر.
56,72,1,بنو سعد عجل,3,والأّغْلَبُ الشَعِر بن جَعْشم بن عَمْرو بن عَبِيدَةَ بن حَارِثةَ.
56,72,1,بنو سعد عجل,4,وَوَلَدَ عَمْرو بن دُلَف: عَامِراً.
56,72,1,بنو سعد عجل,5,وَوَلَدَ قَشْعُ بن دُلَف: رَبِيَعَةَ، وعَوْفاً رَهْط شَبابَةَ بن المُعْتمِر بن شَبابَةَ بن لَقيط بن عَبْدَ نُهْم بن عَوْف بن قَشْعٍ، احِب ديوان الكَوفة.
56,72,1,بنو سعد عجل,6,وَوَلَدَ عَبْدَ العُزَّى بن دُلَف: خُزاعِياً، وغُثَيّاً، أُمهما مَاوِيةَ بنت بُرْدِ بن أَفصى بن دُعْمِي بن إِيَاد خَلَفَ عليها بعد أَبِيه.
56,72,1,بنو سعد عجل,7,منهم: عيسى بن إدْرِيس بن مَعْقل بن عُمَيْر بن شَيْخَ بن مُعَاوِيةَ بن خُزَاعِي بن عَبْدَ العُزَّى، صاحب الكَرخِ.
56,72,1,بنو سعد عجل,8,وَوَلَدَ لأَيُّ بن دُلَف: عَمْراً؛ فَوَلَدَ عَمْرو بن لأَي: زَوَيةَ.
56,72,1,بنو سعد عجل,9,وَوَلَدَ نَهَارُ بن دُلَفٍ: حَارِثَةَ، رَهْط الهَزْهازِ بن مَذْعُور بن حَرْمَلَةَ ذي الغَلْصَمَةَ بن عَبْدِ اللهِ بن سَعْد بن حَارِثةَ بن نَهَار، جدّ الجُنَيْد بن أَيْمن.
57,73,1,بنو سعد عجل,1,وَوَلَدَ كَعْبَ بن دُلَف: عَمِيرةَ، رَهْط عَليّ بن عَبّاد بن الحَارِث بن عَنْز، ويُقَال غُنَيّ بن عَمْيرِة بن كَعْب؛ وفُغَار بن كَعْبٍ.
57,73,1,بنو سعد عجل,2,وَوَلَدَ عَبْدُ جَشَمَ: مَعاوِية، وأَسْعَداً؛ أُمهما: بنت مُعاويَة بن عَامِر بن ذُهْل بن ثَعْلَبَةَ.
57,73,1,بنو سعد عجل,3,فَولَدَ أسْعد بن عبْد جُشَم: العَّيارَ، وأميَّةَ، وأسَداً.
57,73,1,بنو سعد عجل,4,فَولَدَ العيَّارُ بن أسَعد: حَارثَةَ، وزَاهراً.
57,73,1,بنو سعد عجل,5,ووَلَدَ أسَدُ بن أسَعد: مُجمّعاً.
57,73,1,بنو سعد عجل,6,ووّلَدَ مُعَاويةُ بن عبْد سعْد: عبْد اللهِ، وواِئلاص، ورَبيَةَ.
57,73,1,بنو سعد عجل,7,فَولَدَ عبْدُ اللهِ بن مُعاويَة: مُرَّة، رهْط خِراَشٍ بن إسماعيل بن خِراشِ بن حُبيْر بن هِلَال، بن مُرَّة الرَاوِيَة.
57,73,1,بنو سعد عجل,8,وولَدَ سعْد بن قيْس بن سعْدك حُيَّياً، وعدّضانَ.
57,73,1,بنو سعد عجل,9,فَوَلَدَ حييُّ بن سعْد: عُليْاً، رهْط جَرِير بن حَرقاَء بن طَارقِ بن سُفيحِ بن عُلْيم بن حُييٍّ الشَاعِر.
58,74,1,بنو سعد عجل,1,وهَارونُ بن سعْد بن عُقْبَةَ بن بَشير بن عبْدِ اللهِ بن عدَّانَ بن سعْدٍ، كانَ شَرِيفاً، وكانَ في صَحَابة أبي جَعْفرٍ المُنْصُور.
58,74,1,بنو سعد عجل,2,وولَدَ ذُهْلُ بن سعْد: ربَيعَة، ومَالكاً.
58,74,1,بنو سعد عجل,3,فولَدَ ربيعَةُ بن ذهْلٍ: حييّاً.
58,74,1,بنو سعد عجل,4,مِنهم: قيْسُ، وحَارثةُ ابنا الَّصرَّاعِ بن جَنْدل بن حييّ بن رَبيِعَة، كانا شَرِيفينِ.
58,74,1,بنو سعد عجل,5,وولَدَ مَالِكُ بن ذُهْل: هَدَّاجاً الكَاهِن.
58,74,1,بنو سعد عجل,6,وولَدَ ربيعةُ بن سعْد: عَمراً، ومذْعُوراً، أمُهما: شَقِيقَةُ بنْت كَسْر بن كَعْب بن زُهَير التَّغْلبيّ.
58,74,1,بنو سعد عجل,7,وعَوْفاً، وحيَّةَ، وحَبيباً، أمُهُم: قارُورةُ بنْت مُعاويَة بن كِنْدَة.
58,74,1,بنو سعد عجل,8,مِنْهم: فُراتُ بن حَيَّان بت ثَعلبَةَ بن عبْد العُزَّى بن حَبيب بن ربيَعَة، كان شَرِيفاً، وهْو الذي كان يُحفرُ أيا سُفيان، والذي يقُولُ لهُ حَسَّانُ بن ثَابتٍ الأنصاريّ.
58,74,1,بنو سعد عجل,9,وإنْ نَلْقُ في تَطْوافنَا والتماسِنَا … فُراتَ بن حَيَّانٍ يكُن رَهْنَ هالِكِ
58,74,1,بنو سعد عجل,10,هؤلاء بَنو سعْدِ بن عِجْلٍ.
59,75,1,بنو ضبيعة بن عجل,1,وَهَؤلاء بَنو ضُبيْعةَ بن عِجْل
59,75,1,بنو ضبيعة بن عجل,2,وولَدَ ضُبيعْةُ بن عِجلٍ: رِبيعَةَ، وأسَامةَ، وسعْداً، وعَمْراً، وأبا سُودٍ، وأسْودَ.
59,75,1,بنو ضبيعة بن عجل,3,فوَلَدَ رِبيعَةُ بن ضُبيعْةُ: أساَمَةَ، وهِلَالاً، وسَعْيداً، وجُنْدَباً، رهْط جَنَاب بن أفْعى الشَّاعِر.
59,75,1,بنو ضبيعة بن عجل,4,فَوَلدَ أسَامةُ بن رِبيعَة بن ضُبيعْةُ: عَدَنَة، وعبْد، وعبْد اللهِ، وَوَدّاً.
59,75,1,بنو ضبيعة بن عجل,5,فَوَلَد عَدَنةُ بن أسامَةَ: مسْلَمَة، رهْط الذَّهَّابِ بن جُنْدل بن مَسْلَمَةَ بن عَدنَةَ الشَّاعِر.
59,75,1,بنو ضبيعة بن عجل,6,وولَدَ عبْد اللهِ بن أسَامَةَ: غَباتاً، وعبْد عَمْرٍو، وعَامِراً، وأبا عَمْرو، وسعْداً.
59,75,1,بنو ضبيعة بن عجل,7,وولَدَ عَبْدةُ بن أسَامَةَ: عِكّباً، رهْط عبْد اللهِ بن حَجْل بن مَالِكٍ بن عِكبِّ، أحد شُهُودِ بت أبي طَالبَ يَوْمَ الحَكَمين.
59,75,1,بنو ضبيعة بن عجل,8,ويِزيدُ بن جَدْعَاء، وهو حَنظلةُ بن عبْد عَمْرو بن عِكبٍ الشاعِر.
59,75,1,بنو ضبيعة بن عجل,9,وولَدَ أسَامَةُ بن ضُبيعْةُ: الرّثطيْلَ، وصُرّاً.
60,76,1,بنو ضبيعة بن عجل,1,وولَدَ سعْدُ بن ضُبيعْةُ بن عِجْلٍ: كعْباً، ورِبيَعَةَ.
60,76,1,بنو ضبيعة بن عجل,2,فَوَلَدَ كَعْبُ بن سعْد: عَامراً، وزَيداً، والحَارثَ، وهْو بُرمَةُ، وامرأ القَيْس.
60,76,1,بنو ضبيعة بن عجل,3,فولَدَ عَامرُ بن كَعْب: مالكاً وعَمْراً، والأعْور، فَولَدَ مَالِكُ الحَارث وهو الوَصَّافِ، وحَارَثَةَ، وسَلَمَة، وقَيْساً، وشَيطاناً.
60,76,1,بنو ضبيعة بن عجل,4,فَمَنَ بَني الوَصَّافِ: حنْظَلَةُ بن قَيْس بن سَيَّار بن جَبِر بن سَلَمة بن مَالِكٍ.
60,76,1,بنو ضبيعة بن عجل,5,ومَنْ وَلَدهَ: عُبيْد اللهِ بن الوَليد بن عبْد الرَّحمن بن قَيْس بن سَلَمةَ بن مَالِكٍ الوَصَّافي الفَقيه.
60,76,1,بنو ضبيعة بن عجل,6,وولَدَ هِلالُ بن رَبيَعَة بن ضُبيعْةُ: خُليَدَة ومُحَلّضماً، وهرْثَماً.
60,76,1,بنو ضبيعة بن عجل,7,فَولَدَ مثحلَّمُ بن مَالِكٍ: عُريجَة، منهم: النّسَيْرُ بن دُيْسم بن ثَوْر بن عُريْجَةَ، الذي يُقالُ لهُ قَلْعَةَ النُسيْرِ.
60,76,1,بنو ضبيعة بن عجل,8,هَؤلاء بَنو ضُبيعْةُ بن عِجْلٍ.
61,77,1,بنو ربيعة بن عجل,1,وهَؤلاءِ
61,77,1,بنو ربيعة بن عجل,2,بَنو رَبيعَة بن عِجْلٍ
61,77,1,بنو ربيعة بن عجل,3,وَوَلَد رِبَعَةَ بن عَجْل: مالكاً، وعضديّاً، وهوزَلَّة، بايعَ أنّ يَركبَ فَرسَين فَزَلَّ عن أحضدِهُما، فسُمَّي زَلَّةَ.
61,77,1,بنو ربيعة بن عجل,4,والحَارثَ وهْو العَبَّابُ، عَبَّ في مَاءٍ فسُميّ العَبَّابُ، أمُهُم: سَلْمى بنْت الضّضرِيب منْبني عَدِيّ بن عبْد مَنَاة بن أدٍّ.
61,77,1,بنو ربيعة بن عجل,5,فولَدَ مَالِكُ بن ربيَعَة بن عِجلٍ: عمْراً، وثَعلبَة، وحارِثةَ، والأسعْدَ، ورَبيعَةَ، يُقال لبَني ربيَعَة بَنو مُهْضمّة.
61,77,1,بنو ربيعة بن عجل,6,فولَدَ عمْراُ: شريطاً، وجَابراً، ومُرة، وحُذاقَة فولَدَ جابرُ بن عمْرو: عبد اللهِ.
61,77,1,بنو ربيعة بن عجل,7,منهم: شُزيبُ بن عبْد اللهِ، كان شَرفاً، وولدهُ أشراف.
61,77,1,بنو ربيعة بن عجل,8,وولَدَ شريطُ بن عَامر: عائذاً، فولَدَ عائذُ: بُجيراً، وعبد اللهِ، وهو المُكففُ، وسعْداً.
61,77,1,بنو ربيعة بن عجل,9,فولَدَ بُجيرُ بن عائذ: جابراً، ويزيدَ، وضراراً، وأسودَ، وأسيداً، وعرفجةَ، وعبد النُعمان، وعبد المُنذر، وعبد اللهِ، ومسرُوقاً، وعامراً، وحنظلَةَ، وخليفَة، وقد رأسو كُلهم.
61,77,1,بنو ربيعة بن عجل,10,فولدَ جابرُ بن بُجيرٍ: أبجراً.
62,78,1,بنو ربيعة بن عجل,1,من ولدهَ: حَجارُ بن أبجر، كان شريفاً.
62,78,1,بنو ربيعة بن عجل,2,وولدَ مُرة بن عمرو: عائذاً.
62,78,1,بنو ربيعة بن عجل,3,وولدَ ثعلبَةُ بن مالِك بن ربيعَة: قبيصَة، وحُيياً، وحبيباً، وعبد الحارث، وحرملاً، واحميراً، وعمراً، وخثعمةَ، أمهم: الظاعينَةُ بها يُعرفون.
62,78,1,بنو ربيعة بن عجل,4,وولَدَ ربيعةُ بن مالك بن ربيعةَ بن عجْلٍ: هلَالاً، وحُرامة، وعوفاً، أمهم: مُهضمّةُ بنت مُرة بن ذُهل من بني ضُبيعْة بن ربيعَة بن نِزارٍ.
62,78,1,بنو ربيعة بن عجل,5,منهم: أبو النّجمِ، وهو الفضُلُ بن قُدامة بن عُبيد بن عبد اللهِ بن عبْدة بن الحارث بن أياسِ بن عوف بن ربيعَة الرَّاجز.
62,78,1,بنو ربيعة بن عجل,6,وولدَ الأسعدُ بن مالك بن ربيعَة: الحارث، وشراحيْل.
62,78,1,بنو ربيعة بن عجل,7,وولَدَ شراحيلُ بن الأسعدِ: جندلاً.
62,78,1,بنو ربيعة بن عجل,8,منهم: عبدُ الرّحمْان بن بُشير بن عمرو بن جندلٍ، ولي شُرط الكُوفة.
62,78,1,بنو ربيعة بن عجل,9,وأبو كدراء، وهو رزيْنُ بن ظالم بن عوَّة بن جندلٍ الشَّاعر.
62,78,1,بنو ربيعة بن عجل,10,وولَدَ عَديّ، وهو زلةُ بن ربيعَة: كعباً، وهَلالاً.
62,78,1,بنو ربيعة بن عجل,11,وولَدَ العَّبابُ بن ربيعَة: شُنياً.
62,78,1,بنو ربيعة بن عجل,12,فولدَ شُنيّ العبَّابِ: ربيعَة: وثَعلبَة.
63,79,1,بنو كعب بن عجل,1,منهم: النهاسُ بن خُليد بن أسود بن عمرو بن عوف بن ربيعَة بن شُنيٍ بن العَّباب، كان شريفاً.
63,79,1,بنو كعب بن عجل,2,والعُديل بن الفَرخ بن معْن بن أسود بن عمرو بن جَابر بن ثعلبَة بن شُنيٍ الشَّاعرِ.
63,79,1,بنو كعب بن عجل,3,هؤلاُء بَنو ربيعَةَ بن عِجْلٍ
63,79,1,بنو كعب بن عجل,4,وهؤلاء
63,79,1,بنو كعب بن عجل,5,بَنو كعْب بن عِجْلٍ
63,79,1,بنو كعب بن عجل,6,وولَدَ كعْبُ بن عجلٍ: علمراً، وشأساّ درجَ.
63,79,1,بنو كعب بن عجل,7,فولَدَ عامرُ بن كعْب: عائذاً، وحُصيصاً، وغنياً، وشهْلة، وعُترة.
63,79,1,بنو كعب بن عجل,8,فولَدَ عايذُ بن عامر: مالكاً.
63,79,1,بنو كعب بن عجل,9,وولَدَ حُصيْصُ بن عامرٍ: زُعيراً.
63,79,1,بنو كعب بن عجل,10,وسعداً. هوبلء بنو عجْل لُجيم.
63,79,1,بنو كعب بن عجل,11,[وهولاء]
63,79,1,بنو كعب بن عجل,12,بنو يشْكر بن بكْرٍ
63,79,1,بنو كعب بن عجل,13,وولَدَ يشكرُ بن بكرٍ، كعْباً، وحرباً، وكنان، أمهم: سُحامُ بنت تغلب بن وائلٍ.
63,79,1,بنو كعب بن عجل,14,فولَدَ كعْبُ بن يشكُر: حُبيباً، والعتيك أمهما بنت العتيك بن عنم بن تغْلب.
63,79,1,بنو كعب بن عجل,15,فولَدَ حُبيبُ بن كعْب: غنماً، وجُشم، أمهما: الناقيمةُ، وهي رقاشِ بنت عامر بن ناقم بن ابن حُدان بن جديلةِ بن أسد بن ربيعَة بن نزار بن مَعَدٍّ.
64,80,1,بنو يشكر بن بكر,1,فولَدَ عنم بن حُبيب: غبر، وثغلبَة، وجُشم.
64,80,1,بنو يشكر بن بكر,2,فولد ثعلَبة بن عنْم: مالكاً، ووديَعَة، وعديّاً، ومهم: هنيَة بنت مالكٍ بن مالك بن بكر بن حُبيب بن عمرو بن غنم بن تغلَب.
64,80,1,بنو يشكر بن بكر,3,ورفاعَة، وامهُ: مَاريةَ بنت الجُعيد العبديّ.
64,80,1,بنو يشكر بن بكر,4,فمن بني مالَك بن ثعلبَة: أسودُ بن مالك بن مالك بن عبد اللهِ بن عبْد دو بن عبْد عوْف بن كعْب بن مالك بن مالكَ بن كعْب بن حُرفة، أصحابُ النّخْلِ، الذي يُصرم في السنةِ مرَّتين.
64,80,1,بنو يشكر بن بكر,5,ومنهم: عوفُ بن شيخ بن منَور بن النعمان بن هَرِم بن ثغلبَة بن سعْد بن عامرِ بن وديَعة بن ثعلبَة، كان لهُ شَرفَ بخُرسان.
64,80,1,بنو يشكر بن بكر,6,فولَدَ غُبرُ بن عنْم: ثعلبَة، والحارث، صاحب الفْرخِ الذي كانَ يضعهُ على الطريقِ، فوطئهُ عمرو بن شيبَان الأعمى.
64,80,1,بنو يشكر بن بكر,7,وعامر بن غُبر وجُشم.
64,80,1,بنو يشكر بن بكر,8,فولَدَ جُشمُ بن غُبر: ثعلبَة.
64,80,1,بنو يشكر بن بكر,9,منْ ولدهُ: حصبةُ بن شُعبْة بن ثعلبَة، أمهم الخُزاعيةُ.
65,81,1,بنو يشكر بن بكر,1,منهم أميرُ بن أحمر بن مُسْهر بن أميةَ بن قَيْس بن مَالِك بن عَامِر بن ثَعْلبَةَ بن جُشَم، ولي خُراسان.
65,81,1,بنو يشكر بن بكر,2,ومنهم أسيْد بن الهَديةَ بن الحَارِث بن رَبِيعَةَ بن مَالِك بن رَبِيَعَةَ بن مَالِك بن الحَارِث بن مَسْنت بن مُعَاوِية بن عَامِر بن غُبَر، حضر الفتح بمصر، ودعوتهُ في الصدف.
65,81,1,بنو يشكر بن بكر,3,وولَد ثَعْلبَةَ بن غُبَر: جُهْيلاً، وتَيْماً.
65,81,1,بنو يشكر بن بكر,4,منهم: بَاعِث، ووائِل، صُريم بن أسيْد بن ثَعْلبَةَ، كانا شريفين.
65,81,1,بنو يشكر بن بكر,5,وجَبلَةَ بن باعِث، وقد رأسَ.
65,81,1,بنو يشكر بن بكر,6,وراشدُ بن شِهاب بن عَبْدةَ بن عَصْم بن رَبِيَعَةَ بن مَالِك بن جُهْيل الشاعر.
65,81,1,بنو يشكر بن بكر,7,وولدَ: الترجمان بن عَمْرو بن عائِذ بن عَامِر بن ثَعْلبَةَ الشاعر.
65,81,1,بنو يشكر بن بكر,8,والقَعقاع بن ثُمامةُ بن قَيْس بن عَبْد اللهِ الذي يقول
66,82,1,بنو يشكر بن بكر,1,أَمَرتُكُمْ آمْرِي بِمُنقَطع اللَّوى … ولا أَمْرَ لِلمَعْصِيَّ إلاَّ مُضَيَّعَا
66,82,1,بنو يشكر بن بكر,2,وولدَ جُشمُ بن حُبيَّب: عَامِراً، وهْو ذُو المَجاسِد؛ والحَارِث.
66,82,1,بنو يشكر بن بكر,3,وولَدَ العَتِيك بن كَعْبٍ: عِجْلاً؛ أُمه حَرَامُ فوَلدَ عِجْلُ بن عَتِيك: كَعْباً، وجَشم، وهْو الأُقيْصر.
66,82,1,بنو يشكر بن بكر,4,منهم: أَرْقم بن عِلْباء بن عَوْف بن الأَسَعْد بن كَعْب بن عِجْلٍ الشاعر الذي ذبح كَبْش النُعمَان.
66,82,1,بنو يشكر بن بكر,5,وَولَدَ حَرْبُ بن يَشْكُر: كِنَانةَ.
66,82,1,بنو يشكر بن بكر,6,فولد كِنَانةَ بن حَرْبٍ: جَشم، وعَمْراً وذُهْلاً، وسُلِيماً.
66,82,1,بنو يشكر بن بكر,7,فمن بني كِنَانةَ: عَبْدُ اللهِ بن الكَواءِ، وهو عَمْرو بن النُعمَان بن ظَالِم بن مَالِك بن أبي عُصْم بن سَعْد بن عَمْرو بن جُشَم بن كِنَانةَ الخارِجي.
67,83,1,بنو تغلب بن وائل,1,وولَد كِنَانةَ بن يَشْكُر: ذُبيان، فولدَ ذُبيانُ بن كِنَانةَ: عَامِراً، وجُشَم، وجُهادة.
67,83,1,بنو تغلب بن وائل,2,منهم: الحَارِث بن حِلّزة بن مكْروه بن بُديْد بن عَبْد اللهِ بن مَالِك بن عَبْد بن سَعْد ين جُشَم الشاعر.
67,83,1,بنو تغلب بن وائل,3,وسُويْد بن أبي كاهِل من بني حَارِثة بن حِسْل بن مَالِك بن عَبْد سَعْد.
67,83,1,بنو تغلب بن وائل,4,ومن بني جُهادَةَ: عَبَّادُ بن جَهْمٍ، الذي قتل ناشرة بن أغْوث التَغْلبي.
67,83,1,بنو تغلب بن وائل,5,وناشِرة الذي قتل هَمَّام بن مُرَّة يوم التحالق، وكان نشأ في حجره.
67,83,1,بنو تغلب بن وائل,6,هؤلاء بنو يَشْكُر بن بَكْر.
67,83,1,بنو تغلب بن وائل,7,وهو آخر بني يَشْكُر.
67,83,1,بنو تغلب بن وائل,8,وهؤلاء
67,83,1,بنو تغلب بن وائل,9,بنو تَغْلِب بن وائِل
67,83,1,بنو تغلب بن وائل,10,وَولدَ تَغْلِب بن وائِل: غَنْماً، والأَوسَ، وعِمْران؛ أُمهم الوجِيهة بنت
68,84,1,بنو تغلب بن وائل,1,عِمْران بن عَمْرو بن عَامِر من غَسَّان.
68,84,1,بنو تغلب بن وائل,2,فولد غَنْم بن تَغْلِب: عَمْراً، ووائِلاً، والعتيك؛ أُمهم بين بُرْد بن أفصى بن دُعْمي بن إيَاد.
68,84,1,بنو تغلب بن وائل,3,فولد عَمْرو بن غَنْم بن تَغْلِب: حبيِباً، ومُعَاوِيةَ، وزَيْداً: أُمهم مَاوِية بنت حُذافة بن زُهِير بن إياد بن نِزار بن مَعَدّ بن عّنْان.
68,84,1,بنو تغلب بن وائل,4,وولدَ حبيِبُ بن عَمْرو بن غَنْم بن تَغْلِب: يَشْكُر وجُشم، ومَالِكاً؛ أُمهم أسماءُ بنت سَعْد بن الخَزرج بن تَيْم الله بن النَّمر.
68,84,1,بنو تغلب بن وائل,5,فوَلد بَكْر بن حَبِيب: جُشم، ومَالِكاً، وعَمْراً وثَعْلَبةَ، ومُعَاوِيةَ، والحَارِث؛ هؤلاء الستة يقال لهن الأراقِم؛ أُمُّهم مَاوِية بنت حِمار بن الدِيْل بن ناج أبي مُلك بن عِكْرمة بن خَصَفة بن قَيْس بن عَيْلان؛ ولهم يقول الحَارِث بن حِلزة:
68,84,1,بنو تغلب بن وائل,6,إِنَّ إِخْوَانَنا الأَرَاقِمَ يَغْلونَ … عَلينا في قَوْلِهم إِخْفَاءُ
68,84,1,بنو تغلب بن وائل,7,فولد جَشم بن بَكْر: زُهِيراً، ومَالِكاً، وسَعيْيداً، والحِارِث، مُعاويَة، وعَمْراً.
68,84,1,بنو تغلب بن وائل,8,فولد زُهِير بن جُشم: سَعْداً، وكَعْباً، والحَلرِث وعَبْد العُزى، والفَرْخ أُمهم: رُهْم بنت عَامِر بن سَعْد بن عَامِر بن النمِر.
69,85,1,بنو تغلب بن وائل,1,وجَشم؛ أُمه بنت المُخلد بن رِزاح من بني مُعَاوِية بن عَمْرو.
69,85,1,بنو تغلب بن وائل,2,فولد سَعْد بن زُهِير بن جُشم: عتابا، وعَتبة، أُمهما يَشْكُر بنت حُرْقة بن ثَعْلبَة بن بَكْ.
69,85,1,بنو تغلب بن وائل,3,وعُتبان؛ أمه أسماء بنت ذُهْل بن عبد بن جُشم.
69,85,1,بنو تغلب بن وائل,4,وحُييّ بن سَعْد أُمه النّزيفُ بنت صُفي بن حُيي بن عَمْرو بن بَكْر.
69,85,1,بنو تغلب بن وائل,5,وعَوْفاً، وبَكْراً وصَعْباً أُمهم بنت عَوْف بن حرب بن عَئذة قُريش؛ والحِرماز.
69,85,1,بنو تغلب بن وائل,6,فمن بني عتَّاب: عَمْرو بن كلثوم بن مالك بن عَتَّاب الشاعر.
69,85,1,بنو تغلب بن وائل,7,وعَبْدُ اللهِ والأَسْود، انبا عَمْرو، وكانا شريفين شاعرين.
69,85,1,بنو تغلب بن وائل,8,منهم: مَالِك بن طوْق بن مَالِك بن عَتَّاب بن زافِر بن عَبْد اللهِ بن شُريح بن مُرةَ بن عَبْد اللهِ بن عَمْرو بن كلثوم، صاحب الرحبة، المعروفة برحبة مَالِك بن طوْق.
70,86,1,بنو تغلب بن وائل,1,وعَصْم بن النُعمان بن مَالِك بن عَتَّاب، وهو أبو حَنش، الذي قتل شرحبِيل بن الحَارِث بن آكل المُرار، يوم الكُلاب، وله يقول سلمَةَ بن الحَارِث، أخو شرحبِيل بن الحَارِث:
70,86,1,بنو تغلب بن وائل,2,ألا أبْلغ أباً حَنشٍ رَسولاً … فَما لَكَ لا تَجيئ إلى الثَّوابِ
70,86,1,بنو تغلب بن وائل,3,ومنهم: أبو جابِر، كعْبُ بن ماَلك، كان شريفاً.
70,86,1,بنو تغلب بن وائل,4,وعبْدُ يُوشع بن حَربْ بن معْدي كرِب بن مُرة بن كُلثُومِ بن ماَلَك بن عتَّاب.
70,86,1,بنو تغلب بن وائل,5,ومنهم: أثّيرُ بن قرفة بن عمرو بنربْعيّ بن الوز بن الحاَلرث بن عثتبَة بن بُعج، فارسُ يومَ الخْابوُر.
70,86,1,بنو تغلب بن وائل,6,ومنْ بني عتْبانَ بن سعْدٍ: بنَو خُزيمَة بن طارق بن شَرَاحيْل.
70,86,1,بنو تغلب بن وائل,7,وخِراشُ بن عتبَان: وهو بيت بني عتْبان. وولَدَ جُشمُ بن زُهير: حُرفْة، وعتاباً، والحَارث وسعْداً، ومُعاوبَة، وقيساً، وعمراً، وعبْد اللهِ، وعبدَ العُزى.
70,86,1,بنو تغلب بن وائل,8,وولَدَ كعْبُ بن زُهيرٍ: كسراً، وشراً، ومُجمَّعا، وأباناً، ومالكاً، وحَجَلاً.
71,87,1,بنو تغلب بن وائل,1,منهم: جَميلُ بن قيساً بن عمرو بن حِصنْ بن سلمَةَ بن كعْب بن سَالمَ بن حَارثَة بن كسْر بن كعْب، الذي قتَلَ عُميرَ بن الحُباب اليسُّلمّي.
71,87,1,بنو تغلب بن وائل,2,وعطيَةُ بن عبد الَّحمان، كان من أشدّ الفرسان في العَربَ.
71,87,1,بنو تغلب بن وائل,3,وأمْرؤ القيْس بن أبان الذيّ قتلهُ الحارثُ بن عبَّاد ببُجير ن عمْرو بن عُبادٍ. قال الحارثُ طلَّ من طلَّ في الحُرُوب ولمَ يطْلْل قتيلّ أماتهُ ابنُ أبانّ.
71,87,1,بنو تغلب بن وائل,4,ومن بنَي الحارث بن زُهيرَ: كُليباً، ومُهلهلاً، وعَدياً، بنو ربيعَة بن مُرة بن الحارثَ بن زُهير.
71,87,1,بنو تغلب بن وائل,5,وولَدَ مالكُ بن جُشم: عمراً، وعامراً، وهو ذُو الرُّجيلةَ، رهْط همَّام بن مُطرف بن معْقل بن مُخلد بن عبد شَمس بن خالد بن عَامر بن مالَك بن جُشم.
71,87,1,بنو تغلب بن وائل,6,وشثييمُ بن مالَك، رهْط القطامّي الشَّاعر، وهو عُميرُ بن شُمييم بن عمْر بن عبْاد بن بكْر بن عامر بن مالَك بن جُشَم.
72,88,1,بنو تغلب بن وائل,1,وعمروُ بن مالَك.
72,88,1,بنو تغلب بن وائل,2,فولَدَ عمرو بن مالَك: دوْساً، وفدوكْساً.
72,88,1,بنو تغلب بن وائل,3,منهم: الأخطلُ، وهو غيّاث بن غوْث بن الصَّلتِ بن طَارقةَ بن عمْرو بن فدوْكسَ.
72,88,1,بنو تغلب بن وائل,4,وقالَ أخبروني رجلُ من بنْي تغْلب عن ابي الأخطْل قالَ: أسم الأخطل عتّابُ بن عْوف.
72,88,1,بنو تغلب بن وائل,5,ومنهم: عبْد يغُوث بن عمرو بن دوْسٍ الذي قتَلَ معَدَي كرِب، وهو علفْاءُ بن الحَارث المِلك.
72,88,1,بنو تغلب بن وائل,6,وولَدَ سعْد بن جُشم: مالكاً، وتيْماً، وعمْراً، رهْط: عُتبةَ بن الوَّغل بن عبْد اللهِ بن عنز بن عمْر بن حُبيبِ بن الهجرِس بن تْيم.
72,88,1,بنو تغلب بن وائل,7,وولَدَ مُعاويَة بن جُشم: عمْراً، وحنشاً.
72,88,1,بنو تغلب بن وائل,8,وولَدَ عمْرو بن حنشٍ: ذُهلاً، أهل بيت يُقال لهم: نو القصمْاءِ، وهُم في بني الحَارث بن جشم.
72,88,1,بنو تغلب بن وائل,9,وولَدَ مالكُ بن بكْرٍ: أسامةَ، والحَارث، أمهما: المُفداةُ بنت أسلَم بن أوْس اللهِ بن النَمر بن قاسِط.
73,89,1,بنو تغلب بن وائل,1,ومالكاً، ومعْناً، أمهما: هنْدُ بنت جُشم بن فزازة وسعْداً، وعوفاً، أمهم: رُهمُ بنت عامر بن سعْدبن زيْد منَاة بن النَّمر.
73,89,1,بنو تغلب بن وائل,2,وعمراً، وقُعيْن أمهما: القضْماءُ بنت الحَارث بن جُشم.
73,89,1,بنو تغلب بن وائل,3,قالَ: وقُعيْن يُقال لهم بنو ريشِ الحَبارى، رهْط ناشرة بن أغْوث بن قُعين، الذي قتَل همّام بن مُرة يومْ قضة.
73,89,1,بنو تغلب بن وائل,4,وقالَ زُهير بن عتَّاب:
73,89,1,بنو تغلب بن وائل,5,خذلتهْم ريشُ الحَبَلرى قُعيْنُ … وأصروا لأنّهم اصرار
73,89,1,بنو تغلب بن وائل,6,فولَدَ أسامَةُ بن مالَك: تيماً، أمهُ: هنْد بنت ثَعلَبة بن عُكابَةَ.
73,89,1,بنو تغلب بن وائل,7,وعَدياً، أمهُ بنت المثجلّد بن رزاح بن مُعاويَة.
73,89,1,بنو تغلب بن وائل,8,وعمراً، وأمهُ: مَاريَة بنت ربيعَةَ بن زيْد منَاَة منْ النَّمر.
73,89,1,بنو تغلب بن وائل,9,فولَدَ تيُمُ بن أسَامةَ: زُهيراً، وكنانة، وعبْد اللهِ أمهم: أمُ عُدس بنت زُهير بن جُشم.
73,89,1,بنو تغلب بن وائل,10,وعائذاً وربيَعَة ابنا تيْم، أمهما: مَاريَة بنت لابيَعَة، خلَفَ علهَمَا بعْد أبيهِ.
73,89,1,بنو تغلب بن وائل,11,فمن بني زُهير بني تيْم: النُعّمانُ بن زُرعةَ بن هَرميّ بن السفَاح، والسفاحُ هو مسَلَمَة بن خالِد بن كعْب بن زُهير.
74,90,1,بنو تغلب بن وائل,1,وكعْبُ بن زُهيَر، هُو بُرةُ القنفذُ.
74,90,1,بنو تغلب بن وائل,2,وهِشامُ بن عمورو بن بِسطام بن سُفيح بن مرْوان بن يعْلى بن سُفيح بن السفاحِ، الذي كان على السَّند.
74,90,1,بنو تغلب بن وائل,3,وولَدَ الحارثُ بن زُهير: تْيماً، وعبد بكرٍ، أمهما: هندُ بنت مُسلم بن شكَلَ بن الحَارث بن زُهيرٍ:
74,90,1,بنو تغلب بن وائل,4,وقَلوا مَنْ نكحْتَ فقُلتُ خيْراً … عجوُزاً من عُرينةَ ذَات مَالِ
74,90,1,بنو تغلب بن وائل,5,نكحْتُ عُجيزاً ونقدتُ ألفاً … كذَاَك البيعُ مُرْخص وغَالي
74,90,1,بنو تغلب بن وائل,6,وولَدَ كنانُة بن تيْم: عكبّاُ، وسعْداً، وصُريماص، وعبْداً.
74,90,1,بنو تغلب بن وائل,7,فَولَدَ عكبُّ بن كنَانَة: عكبَّاً، وهدْمَاً، ولهما يُولُ زُهير بن جنَابٍ:
74,90,1,بنو تغلب بن وائل,8,لَوْ كُنْتُ منْ جُشم بن بكْرٍ … إذَّا أودَى غَضبْ
74,90,1,بنو تغلب بن وائل,9,قَتَلتُ هدْماً بَغَياتٍ … أو عِكبّ بعكَبْ
74,90,1,بنو تغلب بن وائل,10,منهم: هوْبر بن ثعَلَبة بن عمْرو بن مالَك بن عبْد العُزَّى بن سعْد بن
75,91,1,بنو تغلب بن وائل,1,كناَنَة، قائد تغُلب يامَ وعُميْر بن الحُباب.
75,91,1,بنو تغلب بن وائل,2,ومنْ بني سعْد بن كنَانَة: بحْرُ بن الخُزميّ، وهو قَيس بن سَلمَةَ بن عبْد العُزى بن سعْد بن كناَنَة.
75,91,1,بنو تغلب بن وائل,3,وولَدَ عبدُ اللهِ بن تيّم: كعبَاً، ومَالكاً، وحَاميةَ، والحَارثَ.
75,91,1,بنو تغلب بن وائل,4,فولَدَ حَاميةُ بن عبْد اللهِ: الحِبير، وأمهُ الدارمَةُ.
75,91,1,بنو تغلب بن وائل,5,وولَدَ ع عَديّ بن أسَامةَ: عبْد اللهِ، ونُبْة ووليَعةَ، وحبيباً، وحُراثَة.
75,91,1,بنو تغلب بن وائل,6,فولَدَ عبدُ اللهِ بن عَديّ: سَوادَةَ، وهبَّابا، وكعْباً، وهِلالاً، وعُتْبةَ، ومعَاَرة، ويقالُ: قتاَدَةَ.
75,91,1,بنو تغلب بن وائل,7,فولَدَسَوَادةُ بن عبْد اللهِ: حبيباً، بطن.
75,91,1,بنو تغلب بن وائل,8,فولَدَ حَبيبُ بن سَوادَة: عبْد العُزى، وثعَلَبة، والحارثَ، وعَديّاً، وعبْد اللهِ، وعبْد مَنَافٍ، وجوْناً، وزيْد مَنَاة.
75,91,1,بنو تغلب بن وائل,9,وولَدَ الحارثُ بن مالأضك بن بكْر: جُندباً، وتيْماً.
75,91,1,بنو تغلب بن وائل,10,وولَدَ جُندْبٍ يقُولُ الوليدُ عُقبيَة بن أبي مُعَيطٍ.
75,91,1,بنو تغلب بن وائل,11,ولَوْ علَقَتْ بِذِمَةِ جُنْدبيّ … لآبتْ وهيَّ وافِة غزَاز.
75,91,1,بنو تغلب بن وائل,12,منهم: الآعْورُ بن أويس بت سَواَدةَ بن شَكرةَ الشاعر.
75,91,1,بنو تغلب بن وائل,13,وولَدَ مالكُ بن بكْر: صُباحاً، وعمْراً.
75,91,1,بنو تغلب بن وائل,14,فولَدَ عمرُو بن مالك: الأفْرةَ، وهو في عَنَزَةَ.
76,92,1,بنو تغلب بن وائل,1,ومنْ بني صُباح: شُعيبُ بن مُليلٍ الخَارجيّ.
76,92,1,بنو تغلب بن وائل,2,وولَدَ عُوْفُ بن مالَك بن بكْر بن حَبيب: عامراً، وحُيياً، وذُهلاً، وسعْداً، ومُعاويَة، وجُشم، وفُرسانَ، ووائَلَة، فدخَلَ فُرسانُ ووائَلةُ في كناَنَة.
76,92,1,بنو تغلب بن وائل,3,فولَدَ عامرُ بن عمْرو: نهاراً، وقيْساص.
76,92,1,بنو تغلب بن وائل,4,فمنَ بني نهَار: الأخْنُس بن شهاب الشَّاعر الفَارسِ.
76,92,1,بنو تغلب بن وائل,5,وولَدَ حيّي بن عمْرو: صُفياً، ولهُ تقُولُ إمرأةُ منهم:
76,92,1,بنو تغلب بن وائل,6,أيُّها النَّاعي صُفياً … هلْ سمعَتَ اللهُ ينْعاه
76,92,1,بنو تغلب بن وائل,7,صُفَيّ بن حِييٍّ … أكرم النَّاسِ وأوْفَاه
76,92,1,بنو تغلب بن وائل,8,وقَطناً، وحَسَناً، وعَديّاً.
76,92,1,بنو تغلب بن وائل,9,من بني صُفيّ بن حُيَيّ: الوليدُ بن طَريفٍ الخَارجيّ بن عَامر، أحد بني صُفيّ.
76,92,1,بنو تغلب بن وائل,10,ومنهم: الفْندسُ بن أوْس، وهو الّي قتَل الرَبيعَ بن مُحمدٍ الكلْبيّ.
76,92,1,بنو تغلب بن وائل,11,وولَدَ مُعاويَةُ بن عمْرو: رِزاحاً، وبكْراً، وعَديّاً، ومَالكاً.
77,93,1,بنو تغلب بن وائل,1,منهم: جابُر بن حُني بن حارثَة بن عمْرو بن مُعاويةَ.
77,93,1,بنو تغلب بن وائل,2,وولَدَ ثَعلبةُ بن بكْرٍ: حُرفةَ، وصُفيّاً، ومالكاً، والحَارثَ.
77,93,1,بنو تغلب بن وائل,3,فمن بني حُرفة: الهُذيْل بن هُبيرةَ بن قَبيصَة بن الحَارث بن حَبيب بن حُرفَةَ.
77,93,1,بنو تغلب بن وائل,4,ومعبْدُ بن حنشَ بن مالَك بن صفْوان بن مُعاويَة بن صُفيٍّ بن ثَعلبةَ.
77,93,1,بنو تغلب بن وائل,5,وعميرةُ بن جُعلِ بن عمْرو بن مالَك بي الحارثبن حَبيب بن حُرْفَةَ الشَّاعر.
77,93,1,بنو تغلب بن وائل,6,وولَدَ جُشم بن حَبيب: عبْداً، وزيْداً، أمهما: مَاريةُ بنت الضَّحيَان النَّمريّ.
77,93,1,بنو تغلب بن وائل,7,فولَدَ ريْدُ بن جُشم: عدياً، وجُشمَ، والنَّعمانَ.
77,93,1,بنو تغلب بن وائل,8,منهم: عَطيَّةُ بن حصْن بن ضَبَاب بن سيَّار بن مالَك بن عمْرو بن حَارثَة بن مالَك بن عَديّ بن زيْد بن جُشم، صَحبَ النبيَّ ﷺ .
77,93,1,بنو تغلب بن وائل,9,وولضدَ عبْد بن جُشم: عمراً، وذُهلاً، ومُرةَ، وسعْداً، ومَالكاً.
77,93,1,بنو تغلب بن وائل,10,منهم: الأخْزرُ النَّسابَة.
78,94,1,وهؤلاء بنو عنز بن وائل,1,وولَدَ مَالك بن حُبيب: عمْراً، وجُشم، وبَكراً.
78,94,1,وهؤلاء بنو عنز بن وائل,2,وولَدَ زيْدُ اللهِ: عمْراً، ومَالكاً، وأشرسَ، والدلْيلَ وعوْفاً.
78,94,1,وهؤلاء بنو عنز بن وائل,3,منهم: نُعْمُ بن ميَسرةَ بن مَالك بن الحَارث بت كَعْب بن عبد الله بن عْوف بن عبَّاد بن الدَّليل بن زيْد اللهِ، من الفُرسانِ يوْم الخَابوِر، ولهُ يقولُ الأخطلُ.
78,94,1,وهؤلاء بنو عنز بن وائل,4,لِزَيدِ اللهِ أقدامّ صِغَارُ … قليلَ أخذهن مِن النَّعالِ
78,94,1,وهؤلاء بنو عنز بن وائل,5,وولَدَ وائلُ بن غنْم بن تغْلبَ: شيبْانَ، ولَوذانَ.
78,94,1,وهؤلاء بنو عنز بن وائل,6,وولَدَ عمْرانُ بن تُغلبَ: عوفاً، وتيْماً، وأسَامةَ.
78,94,1,وهؤلاء بنو عنز بن وائل,7,وولَدَ الأوسُ بن تغَلبَ: وائلاً، ومَالكاً، ويعْلى، وعَوفاً.
78,94,1,وهؤلاء بنو عنز بن وائل,8,منهم: القرثعُ الشَّاعر.
78,94,1,وهؤلاء بنو عنز بن وائل,9,وكان يعْلى لَطَم أخاهُ عوفاً، فلَحَقَ عوْف بجُهينةَ فانتسبب إليهم، فقال عوْف:
78,94,1,وهؤلاء بنو عنز بن وائل,10,لَطْمَةُ يعْلى فَرَّقتْ بيَننَا … وطوحتْنا في أقاصي البِلَاد
78,94,1,وهؤلاء بنو عنز بن وائل,11,هَولأء بَنو تغْلب بن وائِل
78,94,1,وهؤلاء بنو عنز بن وائل,12,وهَؤلاء بَنو عنْز بن وائل
78,94,1,وهؤلاء بنو عنز بن وائل,13,وولَدَ عنزُ بن وائِل: رُفيَدةَ، وإراشةَ.
79,95,1,وهؤلاء بنو عنز بن وائل,1,فولَدَ إراشَةُ بن عَنْز: قَتَانا، وعُشيْراً، وجندَلَةَ.
79,95,1,وهؤلاء بنو عنز بن وائل,2,فولَدَ عُشيْرُ بن إراشَةَ: مالِكاً.
79,95,1,وهؤلاء بنو عنز بن وائل,3,فولَدَ مَالِكُ بن عُشيْر: غَنْم.
79,95,1,وهؤلاء بنو عنز بن وائل,4,وولَدَ تيُم بن عُشَيرْ: زُهيراً، وسَلَمةَ، وعمْراً.
79,95,1,وهؤلاء بنو عنز بن وائل,5,وولَدَ رُفيْدةُ بن عَنْز: عبْد اللهِ، وعَمراً، وربيَعَة ومُعاَويَة، وعمْراً، وحِمَاراً.
79,95,1,وهؤلاء بنو عنز بن وائل,6,فولَدَ عمْرو بن رُفيَدةَ: شَقيقاً، وسَلَمةَ، وغنْماً، وعبْد اللهِ.
79,95,1,وهؤلاء بنو عنز بن وائل,7,وولَدَ ربيِعةُ بن رُفيْدةَ: مَالِكاً.
79,95,1,وهؤلاء بنو عنز بن وائل,8,وولَدَ مالكُ بن ربيَعَة: جذِيمَةَ، وسَلامَانَ، وتوْلَب.
79,95,1,وهؤلاء بنو عنز بن وائل,9,فولَدَ سَلَاماَنُ بن مالِك: حُجْراً.
79,95,1,وهؤلاء بنو عنز بن وائل,10,منهم: عَمرُ بن ربيَعَة بن ماَلِك بن عَامر بن ربيَعَة، شَهدَ بَدْراً مع النبيّ ﷺ وحَليفُ الخَّطابِ بن نُفُيْلٍ أبي عُمرَ بن الخطَّاب.
79,95,1,وهؤلاء بنو عنز بن وائل,11,وابُنُه عبْدُ اللهِ بن عَامر، ولِدَ في زَمن النبيّ ﷺ .
79,95,1,وهؤلاء بنو عنز بن وائل,12,منهم: مَالكُ بن زيْد بن الحَارث بن خُدْيْج بن إياس بن ذُهْل بن سعْد بن غَنْم بن مَالِك بن عُشيْر بن إراشَة بن عَنْز، حليف الأزد بِمِصْرَ.
79,95,1,وهؤلاء بنو عنز بن وائل,13,وولَدَ عَامرُ بن رُفيْدةَ: عبْد اللهِ، وإياساً، وَوَهْباً.
79,95,1,وهؤلاء بنو عنز بن وائل,14,هَؤلاءِ بَنو عَنْز بن وائِلٍ.
80,96,1,بنو النمر بن قاسط,1,وَهَؤلاءِ
80,96,1,بنو النمر بن قاسط,2,بَنو النّمر بن قَاسِط
80,96,1,بنو النمر بن قاسط,3,وولَدَ النَّمر بن قَاسِطٍ: تيْم اللهِ، أمُهُ: سوْدَةُ بنت تيْم اللهِ بن رُفيْدَة بن ثَوْر بن كَلْب.
80,96,1,بنو النمر بن قاسط,4,وأوسَ مَنَاة، وعبْد مَنَاة، وسُنيَّةَ أمُهُم: هنْد بنت مُرِ بن أذّ بن طَابخَةَ.
80,96,1,بنو النمر بن قاسط,5,وإخواتهَم لأِمِهم: اللَّبوءُ بن عبْد القيْس، وبَكْرّ، وتَغْلبَ، وعنْزّ، والشُخيْصُ بَنو وائِلٍ.
80,96,1,بنو النمر بن قاسط,6,فولَدَ أوسُ مَنَاة بن النَّمر: أسْلمَ، وصعْباً، ومُعاَوَيةَ، وأسْودَ.
80,96,1,بنو النمر بن قاسط,7,فولَدَ أسْودُ بن أوس مَنَاةَ: صَعْباص، وعَامراً، والحَارثَ.
80,96,1,بنو النمر بن قاسط,8,فولَدَ عَامرُ بن أسْودَ: المُعقْدّ، وشِهَاباً.
80,96,1,بنو النمر بن قاسط,9,فولَدَ صَعْبُ بن أسْودَ: عوفاً، وعُقبَةَ، وعَامراً.
80,96,1,بنو النمر بن قاسط,10,منهم: أوْسُ بن قيْس بن نَفَر بن عُوف بن صَعْب سَمَّاةُ عَليّ بن أبي طَالب: الجأرُودَ.
80,96,1,بنو النمر بن قاسط,11,وولَدَ مُعَاويَةَ بن أوْس مضنَاة: كعْباً.
80,96,1,بنو النمر بن قاسط,12,فولَدَ كَعْب بن مُعاويَةَ: ثعْلَبَةَ.
80,96,1,بنو النمر بن قاسط,13,وولَدَ أسْلَمُ بن أوْس مَنَاة: سعْداً، وعَائذَة، وعَامراَ.
80,96,1,بنو النمر بن قاسط,14,فولَدَ سعْدُ بن أسلْم: كعْباً، ومَالكاً، والحَارثَ وهو قوْقَان.
80,96,1,بنو النمر بن قاسط,15,فولَدَ كعْبُ بن لأسلْم: جذِيمَةَ.
80,96,1,بنو النمر بن قاسط,16,منهم: صُهيْبُ بن سِنَان بن مَالِك بن عبْد عمْرو بن عقيل بن عَامر بن
81,97,1,بنو النمر بن قاسط,1,جنْدلَةَ بن جذَيمِةَ بن كعْب، صَحِبَ النبيّ ﷺ .
81,97,1,بنو النمر بن قاسط,2,وأمُهُ: سَلْمى بنت قُعيْدَ بن مُهيْض بن خُزَاعيّ بن مَازنَ بن مَالِك بن عمْرو بن تَيم، وعِدادُهُ في بني تيْم بن مُرَّة مِن قُريشٍ.
81,97,1,بنو النمر بن قاسط,3,ومنهم: حُمرانُ بن أبَان بن خالِد بن عبْد عمْرو بن عقيلٍ، الَّذي يُقالُ لهُ موْلى عُثمانَ بن عفَّان وكَاتُبه.
81,97,1,بنو النمر بن قاسط,4,وكاتْن أوسً منَاَة أسِروا في زَمن أبي بكْرٍ يوْم لقيهُم خالدُ بن الوليد، كان رئيسهم لَبيد بن عُتْبةَ بن خالد بن عبْد عمْرو بن عُقيل.
81,97,1,بنو النمر بن قاسط,5,وكانَ النَّعمْانُ بن المُنذر اسْتعملَ سِنانَ بن مَالِك على الأبُلَةَ.
81,97,1,بنو النمر بن قاسط,6,وولَدَ تُيم الله بن النَّمر: الخَزْوج، والحَاثَ. فولَدَ الخَزْوجُ بن تيْم اللهِ: سعْداً، وعمْراً، ومَالِكاً، وتَميِماً.
82,98,1,بنو النمر بن قاسط,1,فولَدَ سعْدُ بن الخزْوجَ: عَمراً، وهو الضَحْيانُ، رَبَع ربيَعَة أربعين سَنةَ. وعوفاً.
82,98,1,بنو النمر بن قاسط,2,فولَدَ بني سعْد بن عَمر، وهو الضَّحيَان.
82,98,1,بنو النمر بن قاسط,3,فولَدَ زيدُ منَاَة بن عوف: عَمراً، ورَبيعَة، وحُيياً، ومُعاويَةَ، وهِلَالاً.
82,98,1,بنو النمر بن قاسط,4,فولَدَ عَمرُ بن زيْد منَاَة: عمْرواً، فتَزضوج عمْرو القَّريَّةَ، وهي خُمَاعةُ بنت جُشم بن ربيَعَة بن زيْد منَاَة، فولدت لهُ سُفياناً.
82,98,1,بنو النمر بن قاسط,5,ثَمَّ خَلَف عَليها ابنهُ مَالك بن عمْرو، فولَدتْ لهُ كُليبْاً، وجُشمَ.
82,98,1,بنو النمر بن قاسط,6,منهم: أيُوب بن زيْد بن قيْس بن زُرارَةَ بن سَلَمةَ بن جُشمَ بن مألكٍ، الب ليغ، الَّذي يُقالُ لهُ ابن القِرَّيةَ.
82,98,1,بنو النمر بن قاسط,7,وولَدَ رِبيعَةَ بن زيْد منَاَة: جُشمَ منهم: الجَعْدُ بن قيْس بن قَنَان بن هَاشَة بن الحَارث بن خَيْثَمَة بن ربِيعَةَ بن زيْد منَاَة، كان شَرِيفاً.
82,98,1,بنو النمر بن قاسط,8,وولَدَ حِييّ بن زيْد منَاَة: العُريانَ، وكَعباً، وعَامراً.
82,98,1,بنو النمر بن قاسط,9,منهم: أحمْرُ، وهو مُباركُ بن عَبَّاد بن فيْس بن الحِرْماز بن كَعْب بن
83,99,1,بنو النمر بن قاسط,1,عَوْف بن حييّ بن زيْد منَاَة، طُعم فيما بيم رُكبيتهُ وسُرتهِ سبع مائة طعْنهً ثُمَّ نجا حتّى ماتَ هَرِماً، وطعن يوْم قتَال بني أمّ خَولي، وهم بَنو الحَارثبن همَّام، ولهُم يقولُ الشَاعرُ.
83,99,1,بنو النمر بن قاسط,2,تَبكي أمُّ خَوْليٍ بَنيَها … عَجِيجُ النَابِ أشضرَها السَّنَان
83,99,1,بنو النمر بن قاسط,3,وولَدَ ربِيعةُ بن زيْد منَاَة: هِلالاً، وجُشَم، وامراُ القيْس، وحِيياً.
83,99,1,بنو النمر بن قاسط,4,وولَدَ هِلالُ بن رِبيعَةَ: حَارثةَ، أبا حُوطٍ، وعَمراً وجُشمَ.
83,99,1,بنو النمر بن قاسط,5,فمن بني هِلال: عُقبيةُ بن قيْس بن البِشرِ بن هِلال بن البشْر بن قيْس بن زُهيْر بن عُقبةَ بن جُشم بن هِلالٍ، الذي كان على عيْن التَّمرِ حين لَقِيَه خالدُ بن الوَليدٍ، فقتلهُ وصَلبهُ.
83,99,1,بنو النمر بن قاسط,6,ومنهم: الثّويْرُ بن عمْرو بن هِلال الذي ذَكرهُ الأسْودُ بن عمرو بن كُلثُوم في شعْرهِ:
83,99,1,بنو النمر بن قاسط,7,هَلْ بامرِئً في وائِلٍ منْ ضُوّولةٍ … وَرَثَ الشذوَيْر ومَالكِاً ومُهَلهلا
83,99,1,بنو النمر بن قاسط,8,ومنهم: جَابرُ بن أبي حُوطْ الخيْر، وهو أبو حَوطْ الحظَائِر.
83,99,1,بنو النمر بن قاسط,9,وجابرُ أخو المُنْذر بم ماءِ السَّماءِ منْ أمَّهِ.
84,100,1,بنو غفلة بن قاسط,1,ومنهم: عُبيدُ بن مَالِك بنشَراحيْل بن الكَيّسِ، وهو زيْد بن الحَارث بن حَارثَة بن هِلال، وزيْدُ وهو النَّسابةُ.
84,100,1,بنو غفلة بن قاسط,2,وقالَ مِسْكينُ الشَّاعر.
84,100,1,بنو غفلة بن قاسط,3,حَكَّمْ دَغْفلاً وارْحَل إليهِ … وات تَدعَ المَطيَّ من الكَلَالِ
84,100,1,بنو غفلة بن قاسط,4,أوْابن الكَيّسِ النَّمريّ زيْداً … ولو أمس بِمُنْخرقِ الشَمَالِ
84,100,1,بنو غفلة بن قاسط,5,ومنهم: حُجيةُ بن ربيَعَة بم كِسْر بن عبْد ودّ عَامر بن جُشمَ بن هِلالَ، الذي حضمَل جَرير بن عبْد اللهِ النفًار على فَرسٍ فذهبَ جَريرُ ليركَبهُ من وحثيهِ، فقال: اركُبُهُ منْ ميامنهِ، فإنَّ النخيْلَ ميَامن.
84,100,1,بنو غفلة بن قاسط,6,وولَدَ هُميمُ بن الخزْرجِ: تَلاذِمَ، وأمرأَ القيْسِ، ومازناً.
84,100,1,بنو غفلة بن قاسط,7,هَؤلاءِ بَنو النَّمر بن قَاسِط.
84,100,1,بنو غفلة بن قاسط,8,وَهَؤلاءِ
84,100,1,بنو غفلة بن قاسط,9,بَنو غُفلةَ بن قَاسِط
84,100,1,بنو غفلة بن قاسط,10,وولدَ غُفلْةَ بن قَاسِط بن هنْب بن أفَضى بن دّعْمي: راشداً، والحِارثَ.
84,100,1,بنو غفلة بن قاسط,11,فولَدَ الحَارثُ بن غُفلْةَ: الأسْعَدَ، ورعدَةَ.
84,100,1,بنو غفلة بن قاسط,12,منهم: خوْثعَةُ بن عبْد اللهِ بن صَبْرة الذي يقولُ لهُ المُرقَّشُ:
85,101,1,بنو القيش بن أفصى,1,لِلَّهِ دّرَّكثما وَدَرُّ أبِيكثما … إنْ أفْلتَ الغَّفَليّ حَتَّى يُقْتَلا
85,101,1,بنو القيش بن أفصى,2,هَولاءِ بَنو قَاسِط بن هِنْب.
85,101,1,بنو القيش بن أفصى,3,وهَؤلاءِ
85,101,1,بنو القيش بن أفصى,4,بنو القيْشِ بن أفْصى
85,101,1,بنو القيش بن أفصى,5,وولَدَ عبْدُ القيْس بن أفصى: أفصى، امُهُ من إيادٍ والَّبو، أمُهُ: هنْدُ بنت مُّ بن أدّ بن طَابخَة، وإخواتُهِ لأمَّهِ: بكْر، وتغُلبُ، والشَّخيْصُ، وعنْزُ، بَنو وائلِ، وأوْسُ مَنَاةَ بن النَّمر.
85,101,1,بنو القيش بن أفصى,6,فولَدَ أفصى بت عبْدِ القبْس: لُكيزاً، وشَنَّاً، أمهُهما: لَيلى بنت فَرانَ بن بَلِيّ بن عمْرو بن الحَافِ بن قُضاعَةَ.
85,101,1,بنو القيش بن أفصى,7,فولَدَ لُكيْزُ بت أفصى: ودِيعَةَ، وصُباحاً، بطْن، ونُكْرَةَ.
85,101,1,بنو القيش بن أفصى,8,فولَدَ ودِيعُ بن لُكْنز: عمْراً، وعنْماً، بطن.
85,101,1,بنو القيش بن أفصى,9,فولَدَ عمْرو بن ودِيعَةَ: انماراص، وعِجْلاً، والدَّليل بَطن، والحَارثَ، بطن ومُحارباً بطْن.
85,101,1,بنو القيش بن أفصى,10,فولَدَ أنمَارُ بن عمْرو: مَالِكاً، وثعْلَبَة، بَطْن، وعَائِذةَ بطن، وصَعْباً،
86,102,1,بنو القيش بن أفصى,1,بَطن، وعوفاً، والحَارثَ.
86,102,1,بنو القيش بن أفصى,2,فولَدَ الحَارثُ بن أنْمار: ثعْلَبَة بطن، في بني عَمِر بن الحَالارث، وهُم رهْط هَرمِ بن حّيَّانَ.
86,102,1,بنو القيش بن أفصى,3,وعَامرُ بن الحَارث، بطن.
86,102,1,بنو القيش بن أفصى,4,فولَدَ عَامرُ بن الحَارث: عمْراً، وعَطِيةَ، وعوْفاً، ربيَعَة، وهمَّاماً، ونُعمَانَ، ومُرة، وماَلِكاً.
86,102,1,بنو القيش بن أفصى,5,فولَدَ مَالِكُ بن عَمر: ربِعَة، والوَارثَ، وهو عَامر، وهَدَّاجاً، قَتَلةُ زُهْير بن جنَاب، وسُليمَةَ، وسعْداَ، وعبْد اللهِ، وعبَّاداً.
86,102,1,بنو القيش بن أفصى,6,فمن بَني مُرةّ بن عَمر: الرَّيَّان بن حُيَص بن عوْف بن عَائِذَةَ بن مُرةّ، صَاحبُ الهِرَاوَةَ التي تَضرِبُ بها العَربُ مَثَلاً.
86,102,1,بنو القيش بن أفصى,7,والصَّيقُ بن ماَلِك بن مُرة، بطْن.
86,102,1,بنو القيش بن أفصى,8,منهم: مِهْزمُ بن الفزْرِ.
86,102,1,بنو القيش بن أفصى,9,ومن بني سُليَمَة بن مَالِك: ثُعلبَةَ، الذي يُقالُ لهُ أمَّ حَزنَةَ بن حَزَن
87,103,1,بنو القيش بن أفصى,1,ابن زيْد منَاَة بن الحارثِ بن ثُعلبَةَ بن سُليَمَة.
87,103,1,بنو القيش بن أفصى,2,وولَدَ عوْف بن أنَمار: بكْراً.
87,103,1,بنو القيش بن أفصى,3,فولَدَ بكْرُ بن عوْف: عوفاً.
87,103,1,بنو القيش بن أفصى,4,فولَدَ عوْف بن بَكْر: عمْراص، ورَبيعَةَ، ومُرة ووآثِلَةَ، وجذيِمَةَز فّدّخلتْ وآثِلةَ في بني جذيِمةَ بن عوْف.
87,103,1,بنو القيش بن أفصى,5,فولَدَ جذَيمَة بن عوْفٍ: ثعَلَبة، والحَارثَ، وسعْداً وعَوفاً، وعَامراً، وكعْباص، ومُعاويَة، وصعْباً، ويقُالُ: صعْب بن مُبشَّر بن عُمير بن أسَد ولكِن كانَ جذَيمَةُ تبنَّاهُ وادَّعاهُ.
87,103,1,بنو القيش بن أفصى,6,فولَدَ الحَارثُ بن جذَيمَة: عَدياَ، بطن بالكُوفَةِ، ومُرةَ، وعَمْراً، وعَامراً، وسعْداً.
87,103,1,بنو القيش بن أفصى,7,فولَدَ عَديَّ بن الحَارث: قيْساص، ومَالكاً، والنَّعمانَ ولوْذّانَ.
87,103,1,بنو القيش بن أفصى,8,وولَدَ ثعَلبَةَ بن جذيمَةَ: مُعاويَةَ، وسَلاَّغاً وحُييَّاً.
87,103,1,بنو القيش بن أفصى,9,فولَدَ مُعاويَةُ بن ثَعلبَةَ: حَارثَةَ، ومَعْسراً، وقُريعْاً، وهو ثَعلبَةُ، واسْحَمَ، وعبْد شَمسٍ وعمْراً، وحَييَّاً.
87,103,1,بنو القيش بن أفصى,10,يُقالُ: لِعْدّ شَمْسٍ، وعمْرو، وحَيّ، البَراَجِمُ فمن بني حَارثةَ بن مُعاويَةَ: الجارُودُ، وهو بشْرُ بن عمْرو بن جَنَش بن
88,104,1,بنو القيش بن أفصى,1,وابنه المُنذرُ بن الجَاروًدِ، استعمَلهُ عليّ بن أبي طِالب.
88,104,1,بنو القيش بن أفصى,2,وعبْد اللهِ بن الجَاروُد، قتَلهُ الحَجَّاجُ بن يِوسف برُسْتقُاذ.
88,104,1,بنو القيش بن أفصى,3,وحبيبُ بن الجَاروَدِ، مُسْلم، وعتَّاب.
88,104,1,بنو القيش بن أفصى,4,وولَدَ عوْفُ بن جَذيمَة: مَالِكاً، وجُعْشُماً، طَالَ عُمروهُ، قالَ في ذلك شِعراً.
88,104,1,بنو القيش بن أفصى,5,وولَدَ عمْروُ بن عوْف بن بَكْر: عوفاً، وحَنْبلاً، بطن، وربَيعَة، وهو حَوثرةُ قالَ: وإنّما سُميّ لأنَّه حَجّ فمَرَّ بأمرأةِ معَها قِعبّ لها فاسْتَامهَا فأكَثَرتْ، فقَاَل: واللهِ لوْ أدْخلْتُ حَوْثرَتي فيهِ، يعني كُمرتَهُ لمَلأتَهُ، فَسّميّ حَوثرةَ.
88,104,1,بنو القيش بن أفصى,6,وربيَعُ بن عمْرو. فَحَضَنَ حَوثَرةُ بني ربيعِ أخيهِ فَغَلبَ عَليهم.
88,104,1,بنو القيش بن أفصى,7,ودضرَجَ ربيَعَةُ.
88,104,1,بنو القيش بن أفصى,8,فولَدَ عوْفُ بن عمْرو: عَصْراً، بَطن.
89,105,1,بنو القيش بن أفصى,1,منهم: الأشجَّ، وهو المُنْذرُ بن عَائذ بن الحَارث بن عمْرو بن زيَاد بن عصْرٍ، وفَدَ على النبي ﷺ في اثَني عَشرَ رجُلاً من عْد لبقيْس، فقالَ النبي ﷺ قَبلَ مَجيِئهم: لَيأتِنَني ركْب منْ المَشْرقِ لمْ يُكرهوا على الإسلامِ، قدْ أتْعبوا الرَّكابَ، وأفْنوا الزَّادَ: ثَمَّ قاَل: الَّهُمَ اغْفر لعْبِد القْيس أتوْني لا يَسئلوُني مَلاً، وهُم خَيْر أهْلِ المَشْرِقِ.
89,105,1,بنو القيش بن أفصى,2,وعمْروُ بن أمَّ مرْجُوم بن عبْد عمْرو بن قيْس بن شِهَاب بن عبْد الله بن عَصْر، وفدَ أيضاً.
89,105,1,بنو القيش بن أفصى,3,وولَدَ عجْلُ بن عمْرو بن وَدِيعَةَ: ذُهْلاً، وكَاهِلاً.
89,105,1,بنو القيش بن أفصى,4,فولَدَ ذُهْلُ بن عِجْلٍ: ظَالماً.
89,105,1,بنو القيش بن أفصى,5,فولَدَ ظَلمُ بن ذُهْل: حُداداُ، وعَمْراً، وغَالباً.
89,105,1,بنو القيش بن أفصى,6,فولَدَ حُدادُ بن ظَالم: ليْثاً، بَطن، ثَعْلبَةَ، بَطن.
89,105,1,بنو القيش بن أفصى,7,فولَدَ لَيثُ بن حُدادٍ: عِسَاساً، عَامراً، بَطن.
89,105,1,بنو القيش بن أفصى,8,فولَدَ عِساسُ بن ليِث: حِدْرجَانَ، وعَدياً، واسوى، وحُييّاً، وعبْد يَغُوث، وحَضْرمِيّاً.
89,105,1,بنو القيش بن أفصى,9,منهم: جَيْفرُ بن عبْد عَمْرو بن خَوْليّ بن هَمَّام بن العَاتِك بن حِدْرِجَان، كان شَريفاً.
90,106,1,بنو القيش بن أفصى,1,وسُفَيانُ بن خَوْليّ بن عبْد عمْرو بن خَولْيٍ بم همَّام، وفَدَ على النبي ﷺ .
90,106,1,بنو القيش بن أفصى,2,وقُرطُ بن جَمَّاحٍ شَهَدَ القادِسية.
90,106,1,بنو القيش بن أفصى,3,وعُميْرُ بن حُصين بن جَوْدان بن ربِيعَةَ بن زيْد بن جَابِر كان شَريفاً.
90,106,1,بنو القيش بن أفصى,4,وحَصينُ بن مُقاتِل بن حُجْر بن لُمزَةَ بن حَكَم بن جَابِر، استْعمَلَهُ عليَّ بن أبي طَلِب ﵇ .
90,106,1,بنو القيش بن أفصى,5,والمُخَتارُ بن رَديْجِ بن أوْس بن همَّام بن لُيث بن حُمرانَ بن حِدْرِجانَ، كان شَريفاً: وهو جدَّ عبْدِ الصَّمد وأحْمد ابنا مُعذَّلِ بن البَخْتَريّ بن المُختْتارِ بن رَدَيْج.
90,106,1,بنو القيش بن أفصى,6,وقُدَامَةُ بن مُصْعب بن المُثَّنى بن بِلَال بن هَرِم بن سَرَّاق بن همَّام بن دُلف بن حُمْرانَ بن حِدّرِجانَ كان خَطِيباً أيام عِيسى بن مُسى الهَاشِميّ.
90,106,1,بنو القيش بن أفصى,7,وزُخَارةُ بن عبْد اللهِ بن صَبْرة بن حدرجان، رأس عبْد القْيس حَتَّى
91,107,1,بنو القيش بن أفصى,1,ومَصْقَلةُ بن كَرب بن رَقَبةَ بن خَوْتعَةَ بن عبْد اللهِ بن صَبْرةَ، وهو الخَطِيب.
91,107,1,بنو القيش بن أفصى,2,وعَمُهُ عبْدُ اللهِ بن رَقَبَ، قَتلَ يَوْم الجَملِ معَ عَليّ بن أبي طَالِب، ومعهُ الرَّايَة.
91,107,1,بنو القيش بن أفصى,3,وسعْدُ، وصَعْصَعَةُ، وزَيْدُ، وسِيْحانُ بَنو صُوحَان بن حُجْر بن الحَارث بن الهِجْرسِ بن صَبْرةَ. كان سَيْحانُ الخطيب قتْل صعْصَعَة، فقُتل، وهو وزيْدّ يَوم الجَملِ ومَعَهُما الرَّايَةُ.
91,107,1,بنو القيش بن أفصى,4,وعَلقمَةُ بن أسْوي الشَّاعر.
91,107,1,بنو القيش بن أفصى,5,وولَدَ مُحاربُ بن عمْرو: حَطَمةَ وإليهم تُنْسبُ الدرُوعُ الحَطَمِية، وظَفَراً، وامرأ القيْسِ، ومَالِكاً.
91,107,1,بنو القيش بن أفصى,6,فمن بني مُحَارب بن عمْرو: مَزيدَةُ بن مَالِك بن هَمَّام بن مُعاويَةَ بن شَبابَةَ بن عَمِر حَطَمَةَ، وفَدَ عَلى النبي ﷺ .
91,107,1,بنو القيش بن أفصى,7,وعُبيْدةُ وهَمّام بن مُعاويَةَ بن شَبَابَة وفَدَ أيضاً.
91,107,1,بنو القيش بن أفصى,8,وولَدَ الدَّيْلُ بن عمْرو: ظَافراً، وعَوْفاً.
92,108,1,بنو القيش بن أفصى,1,منهم: مسْعُودُ بن قبيِصةَ، كان في ألفيْن وخمسمائَة من العَطا بالكُوفَة.
92,108,1,بنو القيش بن أفصى,2,ومنهم: أبو نضْرةَ صَاحب أبي سَعيدٍ الخُدْريّ، وأسمه المُنذر بن مَالِك بن قُطعَة، أحد بني عوْف بن الدَّيْل.
92,108,1,بنو القيش بن أفصى,3,ومنهم: صُحَارُ بن عبَّاس بن شَراحَيل بن مُنْقذ بن عمْرو بن مُرة بن عَامر بن حَارثَة بن مُرة بن ظَفَر بن الدَّيْل، وفَدَ على النبي ﷺ ، وكان بَليغاً خَطيباً، وهو الذي قال لهُ مُعاويَةَ: يا أزرق، فقال: والبَايء أزْرق، فَقَالَ لهُ مُعاويَةُ: يا أحْمر، فقاَلَ لهُ: والذَّهبُ أحْمر.
92,108,1,بنو القيش بن أفصى,4,وولَدَ نُكْرةُ بن لُكيز: صبْرة، وشقَرة وعجْلاً، وظَفَراص، وشَزَناً، ومُنبضهاً.
92,108,1,بنو القيش بن أفصى,5,منهم: المُثَّقبُ، وهو عَائِذُ بن مِحْصن بن ثعَلَبةَ بن وائِلةَ بن عّديّ بن عوْف بن دُهنِ بن عُذُرَةَ بن مُنبَّه، وإنما سُميّ لقبهُ لِبيتٍ قالهُ: وثَقَّبنَ الوَصَاص للعُيُون.
92,108,1,بنو القيش بن أفصى,6,منهم: المُفضّلُ الشَّاعر بن مَعْشر أسْحَم بن عَديّ بن شَيْبانَ بن سَوْد بن عُذّرةَ بن مُنبّه بن نُكَرةَ، الذي قالَ المُنْصِفَةَ.
93,109,1,بنو القيش بن أفصى,1,ومنهم: شأسُ بن نَهَار بن أَسْود بن حُزيْك بن حَييّ بن عَوْف بن سُد بن عُذْرة بن مُنبه، وهو المُمزقُ؛ وإنما سُمي المُمزق بييت قاله:
93,109,1,بنو القيش بن أفصى,2,فلإنْ كُنْتُ مَأكُولاً فَكُنْ خَيْرَ آكُلٍ … وإِلاَّ فأدْرِكْني وَلمَّا أُمَزَّقِ
93,109,1,بنو القيش بن أفصى,3,ومنهم: ابن مُسلِم بن الأَعْلمَ، كان شريفاً وولدَ صُبَاح بن لُكيْز: كَعْباً، وصُحَاراً، وحَبِيباً، والدِيْل.
93,109,1,بنو القيش بن أفصى,4,فَوَلد الدِيْل بن صُبَاح: مَالِكاً، وذُبْياناً.
93,109,1,بنو القيش بن أفصى,5,وولَد حَبِيب بن صُبَاح: صُريمْاً، والحَارِثَ.
93,109,1,بنو القيش بن أفصى,6,وولَد صُحَار بن صُبَاح.
93,109,1,بنو القيش بن أفصى,7,منهم: الأعْور بن مَالِك بن عَمْرو بن مَالِك بن عَامِر بن ذُبْيان بن الدِيْل بن صُبَاح، وفد على النبي ﷺ .
93,109,1,بنو القيش بن أفصى,8,وَوَلَد غَنْم بن وَدِيعةَ: عَوْفاً، وعَمْراً.
93,109,1,بنو القيش بن أفصى,9,فَوَلد عَوْف بن غَنْم: رِفاعَة، والحَارِث، وجابِراً.
93,109,1,بنو القيش بن أفصى,10,فَوَلد الحَارِث بن عَوْف: عَوْفاً، وأَسْعداً، وثَعْلبَةَ.
93,109,1,بنو القيش بن أفصى,11,فَوَلد عَوْف بن الحَارِث بن عَوْف: مَازِناً، وعَبّاداً، وعَوْفاً، وعَمْراً، وسُحيماً.
94,110,1,بنو القيش بن أفصى,1,منهم: عَامِر بن عُبْادة، كان من قُوادِ أبي جَعْفر المنصُور.
94,110,1,بنو القيش بن أفصى,2,وكثُيرُ بن حِصْن بن عَامِر بن عَوْف بن الحَارِث بن عَبّاد بن عَوْف بن الحَارِث بن عَوْف بن غَنْم.
94,110,1,بنو القيش بن أفصى,3,ووَلدَ عَمْرو بن غَنْم بن وَدِيعةَ: الدِيْل، ومَازِناً.
94,110,1,بنو القيش بن أفصى,4,فَوَلَد الدِيْل بن عَمْرو بن غَنْم: الحَارِث.
94,110,1,بنو القيش بن أفصى,5,منهم: مُخاشن بن رَبِيعَةَ بن قَيْس بن شَرَاحيْل بن مُريّ بن حنْظَلَة بن مُنْقذ بن عَدِيّ بن الحَارِث بن الدِيْل.
94,110,1,بنو القيش بن أفصى,6,مُنْقذ بن حَيّان بن يَزِيد بن هَرِم بن آمْرئ القَيْس بن مُنْقذ بن عَدِيّ بن الحَارِث بن الدِيْل بن عَمْرو بن غَنْم بن وَدِيعةَ، وفد على النبي ﷺ . وهو ابن أُخت الأَشَجَّ.
94,110,1,بنو القيش بن أفصى,7,وحَكِيم بن جَبَلة بن حِصْن بن أسْود بن كَعْب بن عَامِر بن عَدِيّ بن الحَارِث بن الدِيْل، ولي البصرة لعَليّ بن أبي طَالِب، قتله اصحاب طلْحةَ والزُبِير يوم مقدم عَليّ البصرة.
95,111,1,بنو القيش بن أفصى,1,وولَدَ شنُّ بن أفصى بن عَبْد القَيْس: هُزيزاً، وهو أول من برا الرِماح الخطية.
95,111,1,بنو القيش بن أفصى,2,وقال النجاشِي: تَخَيِّرهُ الهَزِيز مَنْ العَوَالي.
95,111,1,بنو القيش بن أفصى,3,وعَدَياً، والدِيْل.
95,111,1,بنو القيش بن أفصى,4,فَوَلد الدِيْل بن شَنُّ: حَبِيباً، وجَذيمَة، وعَمْراً، وسَعْداً، وصَبْرة.
95,111,1,بنو القيش بن أفصى,5,فَوَلد صَبْرة بن الدِيْل: الجُعَيْد.
95,111,1,بنو القيش بن أفصى,6,فَوَلد الجُعَيْد بن صَبْرة: عَمْراً، وهو الذي ساق عَبْد القَيْس من تهامَةَ إلى البحرين.
95,111,1,بنو القيش بن أفصى,7,وكان يُقال له الأَفْكل؛ قال الحَارِث بن مُرَّة الشِّيباني.
95,111,1,بنو القيش بن أفصى,8,تَدِينُ لَهُ القَبائِلُ مَنْ مَعَدٍّ … كمَا دَانَتْ قَضَاعَةَلابنِ زَيْدٍ
95,111,1,بنو القيش بن أفصى,9,ومن ولدهُ: المُثَّنى بن مُخربة، صاحب عَليٍّ.
96,112,1,بنو عميرة بن أسد,1,وعَبْدُ الرَّحمان بن أُذَيَنْة، ولي قضاء البصرة.
96,112,1,بنو عميرة بن أسد,2,وعَبْد اللهِ بن أُذَيْنة، كان عالِماً.
96,112,1,بنو عميرة بن أسد,3,وَرِئَابُ بن زَيْدِ بن عَمْرو بن جَابِر بن ضُبيْب بن عَوْف بن مُرَّة بن هَرَيْم بن مُرَّة بن ثَعْلَبَةَ بن الجُعَيْد، تزعم عَبْد القَيْس أنه كان نَبياً، كان يقول الَمْدُ لِلّهِ الذي رَفَع السَّماءَ بِغَيْر مَنَارٍ، وشَقَّ الأَرْضَ بِغَيْرِ مِحْفَازٍ هؤُلاء بنو عَبْد القَيْس بن أفصى.
96,112,1,بنو عميرة بن أسد,4,وهؤُلاء
96,112,1,بنو عميرة بن أسد,5,بنو عَمْيرةَ بن أَسَدٍ
96,112,1,بنو عميرة بن أسد,6,وولَدَ عَمْيرةَ بن أَسَد بن رَبِيعةَ بن نِزَار بن ابن مَعَدّ بن عَنَدنان: مُبَشراً.
96,112,1,بنو عميرة بن أسد,7,فَولدَ مُبَشر بن عَمْيرةَ: أَنَماراً.
96,112,1,بنو عميرة بن أسد,8,فَولدَ أَنَمارُ بن مُبَشر: عُبْلةَ، وفَهْماً، وتَيْماً.
96,112,1,بنو عميرة بن أسد,9,فَولدَ تَيْم بن أَنَمار: صَعْباً، دخل في بني جذِيمَةَ بن عَوْفٍ؛ وعَبَّاساً.
96,112,1,بنو عميرة بن أسد,10,وولَد فَهْم بن أَنَمارٍ: مُحارِباً، وعَاصِماُ.
96,112,1,بنو عميرة بن أسد,11,وولَد عُبْلةَ بن أَنَمارٍ: عَمْراً، وسَعْداً، وبَكْراً.
96,112,1,بنو عميرة بن أسد,12,فَولدَ بَكْر بن عُبْلةَ: فَهْماً، وسَعْداً، وخُماماً، وعَمْراً.
97,113,1,بنو عميرة بن أسد,1,فَولدَ فَهْم بن بَكْرٍ: جَارِية، وخَديجاً والقوَّال، ويَعْمر.
97,113,1,بنو عميرة بن أسد,2,فَولدَ جَارِية بن فَهْم: وَهْباً، وثَعْلَبة، وسَلَمةَ.
97,113,1,بنو عميرة بن أسد,3,منهم: طَرِيف بن أبان بن سَلَمةَ بن جَارِية، وفد على النبي ﷺ .
97,113,1,بنو عميرة بن أسد,4,ومُطرق بن أَبان.
97,113,1,بنو عميرة بن أسد,5,فمن ولدَ طَرِيف: جَعْثنة بن قَيْس بن سَلَمةَ بن طَرِيف بن أبان بالكوفة.
97,113,1,بنو عميرة بن أسد,6,وعَامِر بن مًسْلم بن قَيْس، قتل مع الحُسين بن عليّ بن أبي طَالِب ﵇ بالطفِ.
97,113,1,بنو عميرة بن أسد,7,فوَلَد عَمْرو بن عُبْلة: غَنْماً، وثَعْلبَة.
97,113,1,بنو عميرة بن أسد,8,فوَلَد ثَعْلبَة بن عَمْرو: إياساً، وبُداً، وسَعْداً.
97,113,1,بنو عميرة بن أسد,9,فوَلَد سَعْد بن ثَعْلبَة: جُشَمَ.
97,113,1,بنو عميرة بن أسد,10,وولَدَ إياس بن ثَعْلبَة: عَوْفاً، وزَبِينة.
97,113,1,بنو عميرة بن أسد,11,فوَلَد زَبِينة بن إياس: عَائِشاً.
97,113,1,بنو عميرة بن أسد,12,فوَلَد عايُش بن زَبِينة: عُصْماً، ويقال: عَصْرا؛ وأباناً، وزَيْداً في تيم الله بن ثَعْلَبةَ.
97,113,1,بنو عميرة بن أسد,13,وولَدَ عَوْف بن أبان: مَضابناً، وعِتْراً، ورَبِيعةَ، وعَمْراً، وعَبْد الأشْهلِ.
98,114,1,وهؤلاء بنو عنزة بن أسد,1,منهم: النُعمَان، وهو ذو الخَرق بن رَاشِد بن مُعاوَيةَ بن وَهْب بن عَبْد الأّشْهل، كان سيد بني عَمِيرة.
98,114,1,وهؤلاء بنو عنزة بن أسد,2,وولَدَ سَعْد بن عُبْلة: عَامِراً، وسُبيعة، وثَعْلَبةَ.
98,114,1,وهؤلاء بنو عنزة بن أسد,3,وولَدَ منْصُور بن مُبشر: كِنْانةَ، وجُبيلاً.
98,114,1,وهؤلاء بنو عنزة بن أسد,4,فَولَدَ جُبيْل بن منْصُور: سَعْداً.
98,114,1,وهؤلاء بنو عنزة بن أسد,5,فَوَلَد سَعْد بن جُبيْل: ذُبياناً، وثَعْلَبةَ.
98,114,1,وهؤلاء بنو عنزة بن أسد,6,فَوَلَد ذُبيان بن سَعْد: عَلياً، وعِتْراً، وأحيْحة.
98,114,1,وهؤلاء بنو عنزة بن أسد,7,فمن بني عَليّ: ناجِيةُ بن مُسخٍ من بني العَيَّار بن الضَّحْيان بن عَامِر بن رُهم بن عَليّ.
98,114,1,وهؤلاء بنو عنزة بن أسد,8,وذو الرُجيلةَ، عَامِر بن زَيْد مَنَاة بن عَليّ، وهم في بني تَغْلب؛ رَهْط هَمام بن مُطرفٍ.
98,114,1,وهؤلاء بنو عنزة بن أسد,9,هؤُلاء بنو عَمْيرةَ بن أَسَدٍ.
98,114,1,وهؤلاء بنو عنزة بن أسد,10,وهؤُلاء بنو عَنَزَةَ بن أَسَدٍ
98,114,1,وهؤلاء بنو عنزة بن أسد,11,وَوَلد عَنَزَةَ بن أَسَدٍ بن رَبِيعة بن نِزَار: يَذْكر، ويقْدُم؛ أُمهما: سَلّمى بنت مَنْصُور بن عِكْرمةَ بن خصَفَةَ بن قَيْس بن عَيْلان.
98,114,1,وهؤلاء بنو عنزة بن أسد,12,فَولدَ يَذْكُر بن عَنَزَةَ: أسْلماً، وحُحارِباً، وعَامراً دَرَجَ.
98,114,1,وهؤلاء بنو عنزة بن أسد,13,فَولدَ أسْلمُ بن يَذْكُر: عَتِيكاً، ويَعْلى، وبغِيثاً، والصُبّاح، دَرَجَاً.
98,114,1,وهؤلاء بنو عنزة بن أسد,14,فَولدَ عَتِيك بن أسْلمُ: جِلان، وحَرْباً، وصُباحاً. وفَولدَ صُباح بن عَتِيك:
99,115,1,وهؤلاء بنو عنزة بن أسد,1,هِزَّلن، ومُحارِباً، والدُوّل، وعُكابَةَ.
99,115,1,وهؤلاء بنو عنزة بن أسد,2,ولهِزان يقول الأَعْشى:
99,115,1,وهؤلاء بنو عنزة بن أسد,3,لَقَد كانَ في أَهلِ اليَمَامَةِ مَنْكَحٌ … وفِتْيان هِزَّان الطِوَال الغَرَانِقَة
99,115,1,وهؤلاء بنو عنزة بن أسد,4,فوَلَد هِزان بن صُباح: وائِلاً.
99,115,1,وهؤلاء بنو عنزة بن أسد,5,فَوَلدَ وائِل بن هِزان: مُعاوِيةَ، ومِالِكاً، وسَعْداً.
99,115,1,وهؤلاء بنو عنزة بن أسد,6,فمن بني وائِل: عُبادَةُ بن شَكْس بن الأَسْود بن الأَعْسر بن مُعاوِيةَ بن وائِل، وكان فارساً، شاعراً.
99,115,1,وهؤلاء بنو عنزة بن أسد,7,وسُعْدانة بن العَاتِك بن المُخارِق بن حِمار بن سَعْد بن وائِل، وهو الذي أدركه عُبَيد بن ثَعْلبةَ بن يرْبوع الحتقّي، وهو جالستحت نخلةٍ سحُوق يخرف رُطبها وهو قاعدٌ يقول:
99,115,1,وهؤلاء بنو عنزة بن أسد,8,تَقَاصَرِي آخذ جَنَاكِ قَاعِداً … أِنَّي أَرى حَمْلَكِ مِنِّي صَاعِدا
99,115,1,وهؤلاء بنو عنزة بن أسد,9,فأَهْوى إليه بالرمح ليقتله، فقال: لاتَقتُلَني ولكن أُحَالِفُكَ وأكون مَعَكَ، فدله على ما أراد وصار فيهم إلى اليوم.
99,115,1,وهؤلاء بنو عنزة بن أسد,10,وضَوْر بن رِزاح بن مَالِك بن سَعْد بن وائِل بن هِزان، ولهم يقول جرِير بن الخَطفيّ.
100,116,1,وهؤلاء بنو عنزة بن أسد,1,وكان الحَارِث بن لُؤيّ بن غَالِب يقال له الحَارِث من بني هِزان.
100,116,1,وهؤلاء بنو عنزة بن أسد,2,وكان للحَارِث عَبْد حَبشي يقال له جُشَم، فحضِنه فقلب عليه، فقيل لهم بنو جُشم، فقال جَرِير وهو ينسبهم إلى لُؤيّ:
100,116,1,وهؤلاء بنو عنزة بن أسد,3,بَني جُشَمٍ لَسْتُم لِهِزَّانَ فَانْتِمْوا … لِفَرعِ الرَّوَابي مِن لُؤَيّ بن غَالِبِ
100,116,1,وهؤلاء بنو عنزة بن أسد,4,ولا تَنْكِحوا في آلِ ضَوْرٍ بَنَاتِكُم … وَلَا في شَكِيسٍ بِئسَ حَيّ الغَرَائِبِ
100,116,1,وهؤلاء بنو عنزة بن أسد,5,ومنهم: عَبْدُ اللهِ بن دَيْسم بن بَكْير بن زَيْد بن ثَابِت بن سَلَمَة بن مَكْروه بن أَأْزر بن مُعاوِية بن سًعْد بن الحَارِث بن رِزاح بن مَالِك بن سَعْد من أهل خراسان.
100,116,1,وهؤلاء بنو عنزة بن أسد,6,ووَلَد مُحارِب بن صُباح: وَدِيعةَ.
100,116,1,وهؤلاء بنو عنزة بن أسد,7,فَوَلد وَدِيعةَ بن مُحارِب: ضُبيْعَة، وعَامِراً.
100,116,1,وهؤلاء بنو عنزة بن أسد,8,وولَدَ جِلان بن عَتيك: الحَارِث، وخُزراً، وهو جُشم؛ ومُرّة، ورَبِيعة، وجُرثُومة.
100,116,1,وهؤلاء بنو عنزة بن أسد,9,فمن بني جِلان: النابئُ بن نَضْلة بن جَنْدل بن مُرّة بن غَنْم بن الحَارِث بن جِلان، الذي يقال له مُكعْبر الجِلاني، كان شريفاً.
100,116,1,وهؤلاء بنو عنزة بن أسد,10,ووَلَ الدُّوْل بن صُباح بن عَتيك بن أسْلم بن يَذْكر: الحَارِث، وهو الذي كان إذا مَصّر ثَوْبه مَصّرتْ عَنَزَةَ فلا يُمَصّر أحد ثَوْبه إلا نزعوا كتْفه.
101,117,1,بنو يقدم بن عنزة,1,منهم: عَبْد شَمْس بن مَرّة، وهو القُدارُ بن عَمْرو بن ضُبيعة بن الحَارِث بن الدُّوْل، وهم الذين أسروا: حاتم الطائي.
101,117,1,بنو يقدم بن عنزة,2,والحَارِث بن ظَالِم؛ وكَعْب بن مَامَة.
101,117,1,بنو يقدم بن عنزة,3,ووَلَد مُحارِب بن يّذْكر: عَدّاءاً، وسًعْداً.
101,117,1,بنو يقدم بن عنزة,4,هؤُلاء بنو عَنَزَةَ بن أَسَدٍ
101,117,1,بنو يقدم بن عنزة,5,وهؤُلاء
101,117,1,بنو يقدم بن عنزة,6,بنو يَقْدُم بن عَنَزَةَ
101,117,1,بنو يقدم بن عنزة,7,وَوَلَد يَقْدُم بن عَنَزَةَ: تَيْماً، والنَّمِر.
101,117,1,بنو يقدم بن عنزة,8,فوَلَد النَّمِر بن يَقْدُم: جسراً، ورَبِيعة، وعَبْداً، وسَعْداً، ودَهْراً، ومُعاوِية.
101,117,1,بنو يقدم بن عنزة,9,فوَلَد سَعْدُ بن النَّمِر بن يَقْدُم: حَبِيباً، وجَزْءاً؛ وَهْط أوْس الشاعر؛ ورُشِيد بن رُمَيْض الشاعر؛ ودُهمَةَ بن سَعْد.
101,117,1,بنو يقدم بن عنزة,10,ووَلَد تَيْمُ بن يَقْدُم: رَبِيعة.
101,117,1,بنو يقدم بن عنزة,11,ووَلَد رَبِيعة بن تَيْمُ: عَبْد العُزى، وسَعْداً.
101,117,1,بنو يقدم بن عنزة,12,فوَلَد عَبْد العُزى بن رَبِيعة: هُميماً، وذُهْلً، وسَاعِدة.
102,118,1,بنو ضبيعة بن ربيعة بن نزار,1,فمن بني هُميْم: عْمرانُ بن عِصامٍ الشَّاعِر، قتلهُ الحجَّاجُ بِدَيْر الجَمَاجِم.
102,118,1,بنو ضبيعة بن ربيعة بن نزار,2,وهؤُلاء
102,118,1,بنو ضبيعة بن ربيعة بن نزار,3,بنو ضُبيْعَةَ بن ربِيعَةَ بن نِزَار
102,118,1,بنو ضبيعة بن ربيعة بن نزار,4,وولَدَ ضُبيعّةَ بن ربيِعَةَ بن نزارٍ: أحْمسّ، والحَارثَ، وهو بنَانةُ الذي في قُريشٍ.
102,118,1,بنو ضبيعة بن ربيعة بن نزار,5,فَوَلَدَ أحْمسُ بن ضُبيعَةَ: جُلياً، ونّذيراً، وعَوْفاً، وزيْداً، وبَّلا، وهم في بني ثَعْلبَةَ بن بَكر بن حُبيب من بني تَغْلب، منهم: بالكُوفةِ نّاس، وبالجزِيرةِ نَاس، وفيهم يقولُ الأوَّلُ: إنَّ بِلَالاً هِيَ مَوْلى بَلِّ وولَدَ جُليُّ بن أحْمس: جُماعَةَ، ووهْباً، ومَعْناً.
102,118,1,بنو ضبيعة بن ربيعة بن نزار,6,فولَدَ جُماعَةُ بن جُليٍّ: بِلَالاً، وسعْداً.
102,118,1,بنو ضبيعة بن ربيعة بن نزار,7,فولَدَ بِلَالاً بن جُماعَةُ: جُشَمَ، ووَائِلاً.
102,118,1,بنو ضبيعة بن ربيعة بن نزار,8,فولَدَ جُشَمَ بن بِلَالٍ: مَالكاً.
102,118,1,بنو ضبيعة بن ربيعة بن نزار,9,فولَدَ مَالِك بن جُشَمَ: عمْراً، وعَامراً، وعَديّاً.
102,118,1,بنو ضبيعة بن ربيعة بن نزار,10,منهم: المُسَيَّبُ بن عَلَسِ بن مالك بن عمْرو بن قُمَامَة بن عمْرو بن زيْد بن ثعلَبَة بن عَديِّ الشَّاعر.
103,119,1,بنو ضبيعة بن ربيعة بن نزار,1,وولَدَ وهْبُ بن جُلّيّ: حَرْباً، وسَاهِرةَ، ومُصْعَباً.
103,119,1,بنو ضبيعة بن ربيعة بن نزار,2,فولَدَ حَربُ بن وهْب: دَوْفناً، وبُهْثَةَ، وسضلَمانَ وسَلَماَنَ وسُلّيناً، وهُنياً.
103,119,1,بنو ضبيعة بن ربيعة بن نزار,3,فولَدَ دّوْفنّ بن حَرْبٍ: ربيَعَة، وزِياداً، وزيْداً.
103,119,1,بنو ضبيعة بن ربيعة بن نزار,4,فولَدَ ربيَعَةَ بن دّوْقن: عبدَ اللهِ.
103,119,1,بنو ضبيعة بن ربيعة بن نزار,5,فولَدَ عبْد اللهِ بن ربيَعَة: الحَارثَ الأضْجَم، وأولُ حَرْبٍ كانتْ في ربيعَةَ فيهِ.
103,119,1,بنو ضبيعة بن ربيعة بن نزار,6,ومنْ بني دّوْفن: المُتَلَمسُ، وهو جرِيرُ بن عبد المَسيح بن عبْد اللهِ بن زيْد بن دّوْقن الضُبَعيّ الشَّاعِر.
103,119,1,بنو ضبيعة بن ربيعة بن نزار,7,وولَدَ بُهْثةَ بن حَرْب بن مَالِم: مُحارباً، وبِلَالاً، وسَوادَةَ.
103,119,1,بنو ضبيعة بن ربيعة بن نزار,8,فولَدَ مَالِكُ بن بُهْثَةَ: يعْمر، كانوا في كلْب دَهْراً، ولهمُ يقولُ آمْؤ القيْس بن حُجْر الكِنْديّ:
103,119,1,بنو ضبيعة بن ربيعة بن نزار,9,كِنانَّيةُ بانَتْ وفي الصَّدرٍ وِدَّهَا … مُجَاورةً غَسانَ والحَيّ يَعْمَرا
104,120,1,بنو ضبيعة بن ربيعة بن نزار,1,ثُم رَجعُوا إلى قَومهم.
104,120,1,بنو ضبيعة بن ربيعة بن نزار,2,وولَدَ بِلالُ بن بُهْثَةَ: سعْداً، وعَامراً.
104,120,1,بنو ضبيعة بن ربيعة بن نزار,3,منهم: التَكلاَّمُ بن زيْد بن ثعَلَبةَ بن عمْروا بن صَيفيّ بن عوْف بن ربيَعَةَ بن هَشَةَ بن يغُوث بن ربيعَةَ بن سَلَمةَ بن سعْد، الذي يَقولُ.
104,120,1,بنو ضبيعة بن ربيعة بن نزار,4,عَيَّرتَنْي شتْراً منْ غَيْرِ فاحِشَةٍ … كانتْ إلى أجَلٍ منَّي بِمِقْدارِ
104,120,1,بنو ضبيعة بن ربيعة بن نزار,5,فَنَّكم وِهجَائي غيْر مُكْتَرثٍ … كالمُستغيثِ منْ الرَّمضَاءِ بالنَّارِ
104,120,1,بنو ضبيعة بن ربيعة بن نزار,6,أإنْ هَجتْكَ بَنو شَيبْان تَشْتُمني … فَارْجع كِلَابَكَ مَا ضَرَّبْتَ منْ ضَارِي
104,120,1,بنو ضبيعة بن ربيعة بن نزار,7,كالثَورْ يُضرَبُ إنْ عَافتْ طُرُقُتُهُ … مَاءَ الحِيَاضِ فَهَلْ عَيَّرْتَ منْ عَارِ
104,120,1,بنو ضبيعة بن ربيعة بن نزار,8,قُبَحا لِقومٍ بَنو حِمْضانَ سَادَتُهُم … فَاعْتَّبر الأرضَ بلأسماءِ أو مَاِي
104,120,1,بنو ضبيعة بن ربيعة بن نزار,9,إنَّ رَبِيعَةَ لَنْ يَثِني سَوَابِقَها … نَزْوُ الجِداءِ على بَطحاءِ ذي قَارِ
104,120,1,بنو ضبيعة بن ربيعة بن نزار,10,كأيَّن فَقْحَتَها وَجَاءَ فَقْحَتها … عَيْنانِ رُكَّبا في رأسِ حَجَّارِ
104,120,1,بنو ضبيعة بن ربيعة بن نزار,11,وولَدَ سَاهرةُ بم وهْب بن جُلّيّ: مَالِكاً.
105,121,1,بنو ضبيعة بن ربيعة بن نزار,1,وولَدَ صَعْب بن وهْب بن جُليّ: ذُبياناً، ورُهءماَ، وعمْراً، والحَارثَ.
105,121,1,بنو ضبيعة بن ربيعة بن نزار,2,وولَدَ زيْدُ بن أحْمسَ: أوْساً، ويَشْكُرَ، وبيتَ الَّعنَ.
105,121,1,بنو ضبيعة بن ربيعة بن نزار,3,فولَدَ أوْسُ بن زيْد: مَازِناً، وسُبيْعاً.
105,121,1,بنو ضبيعة بن ربيعة بن نزار,4,فولَدَ مَاونُ: مُرة، وأمُهث: الكَلْبَةَ من بني العَنْبر، فهُم بنو الكَلْبةَ، وهي مَيَّةُ بنت عِلاّجِ بن سُحْمةَ بن مُنذِر بن جَهْور بن عَديّ بن جُنْدّب.
105,121,1,بنو ضبيعة بن ربيعة بن نزار,5,وولَدَ سُبيْعُ بن أوس: مَنْعَةَ.
105,121,1,بنو ضبيعة بن ربيعة بن نزار,6,فولَدَ منْعَةُ: ظَفَراً، ومَازِناً.
105,121,1,بنو ضبيعة بن ربيعة بن نزار,7,فولَدَ مَازنُ: اسْحَمَز وولَدَ ظفَرُ بن منْعَةَ: وائِلَةَ، وشَجْنَةَ.
105,121,1,بنو ضبيعة بن ربيعة بن نزار,8,فولَدَ وَائِلةُ: المُخيَّلَ.
105,121,1,بنو ضبيعة بن ربيعة بن نزار,9,فولَدَ المُخيّلُ: مُشَمَّتاً، وقدْ رَأسَ.
105,121,1,بنو ضبيعة بن ربيعة بن نزار,10,فولَدَ مُشمَّتث: الحُليْسُ، وقد رَأسَ.
105,121,1,بنو ضبيعة بن ربيعة بن نزار,11,وولَدَ عوْفُ بن أحْمس: زيْداً.
105,121,1,بنو ضبيعة بن ربيعة بن نزار,12,فهؤُلاءِ بَنو ضُبيْعَةَ بن ربِيعَةَ.
106,122,1,بنو إياد بن نزار بن معد بن عدنان,1,وهم آخر رَبِيعَةَ بن نزارٍ.
106,122,1,بنو إياد بن نزار بن معد بن عدنان,2,وهؤُلاء
106,122,1,بنو إياد بن نزار بن معد بن عدنان,3,بنو إياد بن نزار بن مَعَدّ بن عَدْناَنَ
106,122,1,بنو إياد بن نزار بن معد بن عدنان,4,وولد إِيَاد بن نِزَار بن عَدْنَان: دُعْمِيّاً وزُهْراً، ونُمَارَةَن وثَعْلَبَةَ امهم: لَيْلى بنت الحَافِ بن قُضَاعَةَ.
106,122,1,بنو إياد بن نزار بن معد بن عدنان,5,فولد تُمَارَةَ بن إِيَادك الطَمَّاحَ، حَيُّ عظيم، كان لهم وعدد فَهَلَكوا ولهم يقول عَمْرو بن كُلْثومٍ:
106,122,1,بنو إياد بن نزار بن معد بن عدنان,6,أَلا سَائِل بنَي الطَمَّاحِ عَنَّا … ودُعْمِيّاً فَكَيْفَ وَجَدْتُمونَا
106,122,1,بنو إياد بن نزار بن معد بن عدنان,7,وولد زُهْرُ بن إِيَاد: حُذَاقَةَ، الشَّلَل، دخل في تنوخ، وضعَبْدَ اللهِ في بني تَمِيم، وعَمْراً في بني العَمَّ.
106,122,1,بنو إياد بن نزار بن معد بن عدنان,8,فولد حُذَاقَةَ بن زُهْرٍ: أُمَيَّةَ، ومُنّبَّها، ويَزِيدَ.
106,122,1,بنو إياد بن نزار بن معد بن عدنان,9,فولد ويَزِيدَ بن حُذَاقَةَ: عَمْراً دخل في تنوخ.
106,122,1,بنو إياد بن نزار بن معد بن عدنان,10,وولد أُمَيَّةَ بن حُذَاقَةَ: الدَّيْلَ، وَيَذمُرَ.
106,122,1,بنو إياد بن نزار بن معد بن عدنان,11,فولد الدَّيْلَ: أُمَيَّةَ، ودَوْسَاً.
106,122,1,بنو إياد بن نزار بن معد بن عدنان,12,فولد دَوْسُ بن الدَّيْلَ: بُرْجَانَ.
107,123,1,بنو إياد بن نزار بن معد بن عدنان,1,منهم: عَبْدُ هِنْد بن نُجَمَ بن مَنْعَةَ بن بُرْجَانَ، الذي يقول له عَدِيّ بن زَيْد العَبَادِيّ:
107,123,1,بنو إياد بن نزار بن معد بن عدنان,2,أَلا أَبْلِغْ خَلِيلي عَبْدَ هِنْدٍ … فَلَا زَالتْ قَرِيبَاً منْ سَوَادِ الخُصُوصْ
107,123,1,بنو إياد بن نزار بن معد بن عدنان,3,وهم بالحيرة.
107,123,1,بنو إياد بن نزار بن معد بن عدنان,4,وانبه هِنْد بن عَبْدَ صَاحِبُ أَقسَاس مَالِك.
107,123,1,بنو إياد بن نزار بن معد بن عدنان,5,ومِنْ بني مُنَبَّهٍ: أَبو دُوَادٍ، واسمه جَارِيَةُ بن حُمْرَانَ بن بَجْر بن عِصَام بن نَبهَان بن مُنَبَّهٍ بن حُذَاقَةَ بن زُهْرِ بن إِيَاد. أُمَيَّةَ بن حُذَاقَةَ واخوه: مَارِيَةُ، وأَرِيَة.
107,123,1,بنو إياد بن نزار بن معد بن عدنان,6,ةمن بني أُمَيَّةَ بن حُذَاقَةَ: الأعْوَرُ الذي ينسب اليه دَبْر الأَعْوَرِ ولموضع الدَيْرِ يقول أبو دُوَادٍ:
107,123,1,بنو إياد بن نزار بن معد بن عدنان,7,ودَيْرٍ يَقُولُ لَهُ الدَائِرونَ … وبلُ أُمَّ دَارِ الحُذَاقِيّ دَارَا
108,124,1,بنو إياد بن نزار بن معد بن عدنان,1,ومنهم: قُرَّةَ الذي ينسب اليه دَيْر قُرَّة، دَيْر السَّوَّا.
108,124,1,بنو إياد بن نزار بن معد بن عدنان,2,وولد الشَّلَل بن زُهْرٍ: ذُبيَاباً، والأَوْسَ، والحَارِث.
108,124,1,بنو إياد بن نزار بن معد بن عدنان,3,منهم: عَبْدُ العَاص بن عَوْف بت غَطَفَان بن أُهَيْب بن ذُبيَان الشاعر، كان مع دَاود اللَّثق السُّلَيْحِيّ وهم في تنوخ.
108,124,1,بنو إياد بن نزار بن معد بن عدنان,4,وولد دُعْمِيُّ بن إِيَاد بن نِزَار: أَفْصَى، وغَيْلانَ، امهما: رَمْلةُ بنت أَسَد بن رَبيعَة.
108,124,1,بنو إياد بن نزار بن معد بن عدنان,5,فولد أَفْصَى بن دُعْمِيُّ: يقدم، وبُرْداً، الحَارِث، امهم زَينضبُ بنت قَيْس بن عَيْلَان، وامهما: عَمْرةَ بنت طَابِخَةَ بن الياسَ بن مُضَر.
108,124,1,بنو إياد بن نزار بن معد بن عدنان,6,ويقال لِبُرْد عَيْلَان: غَمَامَتَا إِيَاد.
108,124,1,بنو إياد بن نزار بن معد بن عدنان,7,فولد الحَارِث بن أَفْصَى: صُبْحاً ورُكْبَةَ، ونَخْناً دخل في تنوخ.
108,124,1,بنو إياد بن نزار بن معد بن عدنان,8,فولد ورُكْبَة بن الحَارِث: مُعْرضَاً.
108,124,1,بنو إياد بن نزار بن معد بن عدنان,9,وولد صُبْحُ بن الحَارث: أَفْصَى، الحَارِث.
108,124,1,بنو إياد بن نزار بن معد بن عدنان,10,منهم: الحُرُّ بن ثَابِت بن عَبْدِ اللهِ بت ثَابِت بن حَسَّان.
108,124,1,بنو إياد بن نزار بن معد بن عدنان,11,وولد يَقْدُمُ بن أَفْصَى: عَوْذَ مَنَاة، ومَنْصوراً، وابا دَوْسٍ، مَالِكاً، امهم:
109,125,1,بنو إياد بن نزار بن معد بن عدنان,1,أَسمَاء بنت عَمِيرَةَ بن أَسَد بن رَبيعَةَ بن نِزَار.
109,125,1,بنو إياد بن نزار بن معد بن عدنان,2,فولد مَنْصور بن يَقْدُم: النَبِيتُ، وعَمْراً، وسَعْداً.
109,125,1,بنو إياد بن نزار بن معد بن عدنان,3,فولد النَبِيتُ بن مَنْصور: مُتَبَّه، وهو النُّعمّانَ، وشَاهِرَةَ، ولِحيَاناً.
109,125,1,بنو إياد بن نزار بن معد بن عدنان,4,فولد مُتَبَّه بن النَبِيتُ: قَيْسا، وهو ثَقيفُ، فيما يقال، والله اعلم، وكُنَّةَ، وثَعْلَبَةَ، الحَارِث، ولَحْيونَ، ومَالِكاً، امهم: أُمَيْمَةُ بنتسَعْد بن هُذَيْل.
109,125,1,بنو إياد بن نزار بن معد بن عدنان,5,فمن نسب ثَقِيفاً إلى إِيَاد قهذا نسبهم، ومن نسبهم إلى قَيْسٍ فهة قِسيُّ بن مُتَبَّه بن بَكْر بن هَوَازِن.
109,125,1,بنو إياد بن نزار بن معد بن عدنان,6,يقولون كانت أُمَيْمَةَ عند مُتَبَّه بن النَّبِيت فتزوجها مُتَبَّه بن بَكْر، فجاءَتْ بِقِسِيًّ معهامنْ ارياديّ.
109,125,1,بنو إياد بن نزار بن معد بن عدنان,7,وصُبْحُ بن الحَارِث بن مُتَبَّه بن النَّبِيت في تنوخ.
109,125,1,بنو إياد بن نزار بن معد بن عدنان,8,وولد أَبو دَوْسٍ بن يَقْدَم بن أَفْصَى بن دُعْمِي بن إِيَاد: جُدَيّاً.
109,125,1,بنو إياد بن نزار بن معد بن عدنان,9,منهم: قُسُّ بن سَاعِدَة بن شَمِر بن عَدِيّ بن مَالِك بن جُدَيّ، صاحب الكلام بعكَاظٍ.
109,125,1,بنو إياد بن نزار بن معد بن عدنان,10,وولد عَوْدُ مَنَاة بن بن يَقْدَم بن أَفْصَى بن دُعْمِي بن إِيَاد: الطَّمَثَانَ، وبَجَلاً، وذُهْلاً.
110,126,1,بنو إياد بن نزار بن معد بن عدنان,1,فولد الطَّمَثَانَ بن عَوْدُ مَنَاة: وائِلَةَ، وعَمْراً.
110,126,1,بنو إياد بن نزار بن معد بن عدنان,2,فولد عَمْراً بن الطَّمَثَانَ: أَمِينَاً، ورِبَّيلاً، وغَطَفانَ، ومُطَرَانَ، امهم: أُمَيْمَةُ بنت سَعْد بن هُذَيل، اخوة ثَقِيفِ لامه.
110,126,1,بنو إياد بن نزار بن معد بن عدنان,3,فمن لني رِبّيل بن عَمْرو بن الطَّمَثَانَ: أبو مُسَيْكَةَ، الذي شَتَرَ عَيْن الاشْتَرَ النَّخَعي يوم اليرموك، وهم بالروم كثير.
110,126,1,بنو إياد بن نزار بن معد بن عدنان,4,وولد وائِلَةَ بن الطَّمَثَانَ: الهُوْنَ، والنَّمِرَ.
110,126,1,بنو إياد بن نزار بن معد بن عدنان,5,فولد النَّمِرَ بن وائِلَةَ: أَيْدَعَانَ.
110,126,1,بنو إياد بن نزار بن معد بن عدنان,6,وولد الهُوْنُ بن وائِلَةَ: عَوْفاً، وغَطَفَانَ، وغَوْثَعَانَ فولد وغَوْثَعَانَ بن الهُوْنُ: عَامِراً، وعُبَيْداً، وعَمْراً.
110,126,1,بنو إياد بن نزار بن معد بن عدنان,7,فولد عَامِر بن غَوْثَعَانَ: سَعْداً، وكَعْباً، وذُهْلاً، وعَوْفاً، وعَدِيّاً.
110,126,1,بنو إياد بن نزار بن معد بن عدنان,8,منهم: لَقِيط بن مَعْبَد بن خَارِجَةَ بن مَعْبَد بن حُطَيْط بن غَوْثَعَانَ الشَّاعر.
110,126,1,بنو إياد بن نزار بن معد بن عدنان,9,كانَ في رَهْنِ كِسْرى، زكَتَبَ يُنْدِر قَوْمَهُ في قَولِهِ:
111,127,1,بنو إياد بن نزار بن معد بن عدنان,1,يا دَاَرَ عَمْرَةَ مِنْ مُحتَلَّها الجَرَعَا وَوَلَدَ أَيْدَعَانَ: ثَعْلَبَةَ، وذُهْلاً فَوَلَدَ ثَعْلَبةُ بن مَالِك، عَمْراً، ومَالِكاً، وذُهْلاً؛ أُمهم: الهَيْجُمانَةُ بنت سَعْد بن زَيْد مَنَاة بن تَيْم، بها يُعْرَفُون.
111,127,1,بنو إياد بن نزار بن معد بن عدنان,2,فَوَلَدَ عَمْرو بن ثَعْلَبةُ بن مَالِك بن أَيْدَعَانَ: كَعْباً، وعَامِراً، وسَالِماً، وعَدِياً، وحَارِثةَ؛ أُمهم تَيْم بنت عَبْدَ شَمْس بن سَعْد بن زَيْد مَنَاة بن تَمِيم.
111,127,1,بنو إياد بن نزار بن معد بن عدنان,3,فَوَلَدَ عَامِر بن عَمْرو بن ثَعْلَبةُ بن مَالِك: مَالِكاً، وامرأ القَيْس، وحُطَيْطاً.
111,127,1,بنو إياد بن نزار بن معد بن عدنان,4,وَوَلَدَ كَعْب بن عَمْرو بن ثَعْلَبةُ بن مَالِك بن أَيْدَعَانَ: زُفَراً، وامرأ القَيْس، وحُطَيْطاً.
111,127,1,بنو إياد بن نزار بن معد بن عدنان,5,وَوَلَدَ بَجَلُ بن عَوْدَ مَنَاة: سَلامَان.
111,127,1,بنو إياد بن نزار بن معد بن عدنان,6,منهم: زَيْدُ بن سَلامَةَ بن قَنَان بن كَعْب بن عَمْرو بن سَلامَان بن بَجَلُ الذي باع الفَسْو من عَبْدَ القَيْس، اشتراه مِنه عَبْد اللهِ بن بَيْدرة بن مَهْو بن عَوْف بن جَذِيمَةَ العَبْديّ.
111,127,1,بنو إياد بن نزار بن معد بن عدنان,7,ومنهم: الحَارِث بن المُنْذر بن الحَارِث بن المُنْذَر بن جُلَيْح بن حَيَّال بن قَنَان بن كَعْب بن عَمْرو بن سَلامَان، الذي ذَكرهُ لَقِيطُ بن مَعْبِد في شعرهِ.
112,128,1,بنو إياد بن نزار بن معد بن عدنان,1,زَيْدُ القَنَا يَوْمَ لَاقى الحَارِثينِ مَعَا ومنهم: سَعْدُ بن الضَّبابِ الذي نَزلَ به أمْرؤُ القَيْسَ بن حُجْر ومَدَحهُ.
112,128,1,بنو إياد بن نزار بن معد بن عدنان,2,ومنهم: ابنُ الغَزَ، الذي يُصَفُ بعِظمِ الأّيْرِ.
112,128,1,بنو إياد بن نزار بن معد بن عدنان,3,وبِلَالُ الرَّمَّاحُ بن مُحْرزٍ، صاحب دَيْر الجَماجِمِ.
112,128,1,بنو إياد بن نزار بن معد بن عدنان,4,وَوَلَدَ بُرْدُ بن أَفْصى: أَشْيَبَ، وعَبْدَ القَيْس والأَوْسِ.
112,128,1,بنو إياد بن نزار بن معد بن عدنان,5,فَوَلَدَ عَبْدَ القَيْس بن بُرْدٍ: اللَّبو، وأَبا وائِلٍ، وعَمْراً وعَدِياً.
112,128,1,بنو إياد بن نزار بن معد بن عدنان,6,فَوَلَدَ اللَّبو بن عَبْدَ القَيْس: عَوْفاً، وثَعْلَبَةَ.
112,128,1,بنو إياد بن نزار بن معد بن عدنان,7,فَوَلَدَ ثَعْلَبَةَ بن اللَّبو: زَيْدَ مَنَاة.
112,128,1,بنو إياد بن نزار بن معد بن عدنان,8,وَوَلَدَ أَبو وائِلٍ بن عَبْدَ القَيْس: قَيْساً، وأَبا الدَّيل.
112,128,1,بنو إياد بن نزار بن معد بن عدنان,9,وَوَلَدَ أَشْيَبُ بن بُرْدٍ: الدَّيْل.
112,128,1,بنو إياد بن نزار بن معد بن عدنان,10,وَوَلَدَ الدَّيْل بن أَشْيَبُ: مَالِكاً، وسَعْداً، وسَعْدَ اللاَّتِ.
112,128,1,بنو إياد بن نزار بن معد بن عدنان,11,فَوَلَدَ سَعْدَ بن الدَّيْل: شَبَابَةَ، وذُهْلاً، وكَعْباً، وعَمْراً.
113,129,1,بنو إياد بن نزار بن معد بن عدنان,1,فَوَلَدَ شَبَابَةُ بن سَعْدَ: كِنَانَةَ، وعَمْراً، وطِمثَاناً.
113,129,1,بنو إياد بن نزار بن معد بن عدنان,2,منهم: مَازِنُ بن قَنَان بن ثَعْلبَةَ بن عَوْف بن مَالِك بن كِنَانَةَ.
113,129,1,بنو إياد بن نزار بن معد بن عدنان,3,وَزَيْدُ القَنَا بن سِنَان بن يَحَيى بن عَوْف بن مَالِك بن كِنَانَةَ الذي ذكرُهما لَقِيطُ بن مَعْبَد.
113,129,1,بنو إياد بن نزار بن معد بن عدنان,4,كَمازِنِ بن قَنَانٍ أُو كَصَاحِبهِ … زَيْدُ القَنَا يَوْمَ لَاقى الحَارِثينِ مَعَا
113,129,1,بنو إياد بن نزار بن معد بن عدنان,5,وسَعْدُ بن الصَّامِت بن عَوْف بن مَالِك بن كِنَانَةَ بن شَبَابَةَ بن سَعْد بن الدَّيْل بن أَشْيب بن بُرْد بن أَفْصى بن دُعْمِي بن إِيادَ.
113,129,1,بنو إياد بن نزار بن معد بن عدنان,6,وكَعْبُ بن مَامَة بن عَمْرو بن ثَعْلَبَةَ بن سلول بن كِنَانَةَ الجَوادَ الذي يُضرَبُ به المَثَلُ.
113,129,1,بنو إياد بن نزار بن معد بن عدنان,7,ومنهم: بنو قُرْط بن عَامِر بن عَمْرو بن مَالِك بن كِنَانَةَ بن شَبَابَةَ بن سَعْد أبن الدَّيْل بن أَشْيب بن بُرْد بن أَفْصى بن دُعْمِي بن إِيادَ، حُلفاءُ لبني رُفَيْع بن كَعْب بن جَذيمَةَ بن عَوْف بن بَكْر بن عَوْف بن أَنْمار بن عَمْرو بن وَدِيعَةَ بن لُكَيْز بن أَفْصى بن عَبْدَ القَيْس بن أَفْصى، وهم معهم بالخطِّ من البحرينِ.
113,129,1,بنو إياد بن نزار بن معد بن عدنان,8,ومنهم: الحَارِثُ بن دَوْس الشاعر.
113,129,1,بنو إياد بن نزار بن معد بن عدنان,9,وَوَلَدَ غَيلانُ بن دًعْمِي بن إِياد: مَسْعُوداً، وجُلْزانَ.
114,130,1,بنو إياد بن نزار بن معد بن عدنان,1,منهم: المِنْهَالُ بن عَبْدِ الرَّحمان بن مَالِك بن رَبِعيّ بن عَمْرو، من بني جُلْزانَ بن غْيلانُ بن دًعْمِي بن إِياد.
114,130,1,بنو إياد بن نزار بن معد بن عدنان,2,فَوَلَدَ مَسْعوُد بن غَيلانُ بن دًعْمِي بن إِياد: رِياحاً.
114,130,1,بنو إياد بن نزار بن معد بن عدنان,3,فوَلَد رِياح بن مَسْعوُد: وائِلاً، وَرُدْقاً، وزُرْعَةَ.
114,130,1,بنو إياد بن نزار بن معد بن عدنان,4,منهم: وَعْوعة بن هُذيم الذي اسرَجهم.
114,130,1,بنو إياد بن نزار بن معد بن عدنان,5,ومنهم: هاَرُون بن عِمْرانَ بن رَاشِد.
114,130,1,بنو إياد بن نزار بن معد بن عدنان,6,واسمُ رَاشِد قِرْضابُ بن شِهَابَ بن عَمْرو، من بني غَيلانُ ثم من بني رَبَعَةَ.
114,130,1,بنو إياد بن نزار بن معد بن عدنان,7,وَفَدَ رَاشِد إلى النبي ﷺ فسمَاهُ رَاشِداً، وكان يُسمى أَيضاً حُنَيْفاً.
114,130,1,بنو إياد بن نزار بن معد بن عدنان,8,وهؤُلاء بنو إِيَادِ بن نِزَار.
114,130,1,بنو إياد بن نزار بن معد بن عدنان,9,والحمُد للهِ رَبَّ العالَمين.
114,130,1,بنو إياد بن نزار بن معد بن عدنان,10,تمَّ نَسَبُ ولد نِزَار مَعَدِّ بن عَدْنان.
115,131,1,نسب قحطان,1,﷽
115,131,1,نسب قحطان,2,نسَبُ قَحْطَان
115,131,1,نسب قحطان,3,عَوْنك يارَبّ
115,131,1,نسب قحطان,4,قال هِشَام بن مُحَمِد بن الكَلْبيّ: وَلَدَ قَحْطَانُ بن عَابِر بن شَالِخ بن أَرْفَخْشذ بن سَام نُوْحٍ: ويقال قَحْطَانُ بن الهَمَيْسع بن تَيِمن بن نَبْت بن إسماعيل بن إبرَاهِيم الخَلِيل ﷺ : المُرْعِفَ، وهو يَعْرُبُ؛ وَلأّياً، وجَابِراً، والمُتَلَمَّس، والعَاصِي، وغَاشِماً، والمُتغَمْشِر، وعَاصِباً، والقَطَامِي، ومُعَزَّزاً، وظَالِماً، والحَارِثَ، ونُباتَةَ. فَهَلَكوا كلهم إلا ظَالِماً.
115,131,1,نسب قحطان,5,فأَما نُباتَةُ فإنهم دخلوا في الرُحبة من حِمْيَر.
115,131,1,نسب قحطان,6,وأما الحًارِثُ فَوَلَدَ فيما يقال لهم: الأَقيَّون وهم رَهْط حَنْظَلَة بن صَفْوانَ من أهل الرَّسِ. والرَّسُ فيما بين نَجْران واليمن من حضرمَوتٍ إلى اليَمامة.
116,132,1,نسب قحطان,1,وكانوا يَسكنونَ الرَّسَّ ولَيْس لِسائِرهم وَلَدَ غيْر يَعْرُب.
116,132,1,نسب قحطان,2,فَوَلَدَ يَعْرُب بن قَحْطَان: يَشْجُبَ، وحَيْدان وجُنادَةَ، ووَائِلاً، وكَعْباً.
116,132,1,نسب قحطان,3,فَوَلَدَ يَشْجُبَ بن يَعْرُب: سَبَأ، وهو عَامِر.
116,132,1,نسب قحطان,4,فوَلَدَ سَبَأ بن يَشْجُبَ: كَهْلان، والعَرَنْجَجَ، وهو حِمْيرُ، ونَصْراً، وأَمْلحَ، وبِشْراً، وزَيْدَانِ، وعَبْدَ اللهِ، ونُعمَانَ، والعَوْدَ، ويَشْجَبَ، ودُهْمان وشَدّاداً، ورَبِيعَةَ.
116,132,1,نسب قحطان,5,فتفرقت القَبائل من كَهْلان وحِمْيرَ؛ وقيل لسائِر بني سَبَأ: السَبأيون، ليست لهم قبائل دون سَبَأ.
116,132,1,نسب قحطان,6,قال هِشَامُ بن مُحَمَّد الكَلْبّي: حدثَنا أبو جَنَابٍ الكَلْبّي عن يَحيَى بن عُرْوَةَ بن هَانِئ المُرادِي عن أبيه عن فَرْوةَ بن مُسَيْك المُرادِي: قدِمتُ على رسول اللهِ ﷺ فقُلتُ: يارسول اللهِ أخْبِرني عن سَبَأ، أَرَجُل، أم
117,133,1,نسب قحطان,1,خَيْل، أم وادٍ، فقال بل رَجُل، وَلَدَ له عَشْرةُ، فتشاءم أربَعَةَ، وتيامن سِتَةَ، فالذين تشاءمُوا: غَسَّانُ، ولَخْمُ، وجُذامُ، وعَامِلةُ؛ والذين تيامنوا: حِمْيرَ، والأَزْدُ، ومَذْحِجُ، وكِنْدَةُ، والأَشعْر، وأَنَمار؛ والذين منهم: بَجِيلةُ وخَثْعَم.
117,133,1,نسب قحطان,2,فَوَلَدَ زَيْدان بن سَبَأ: نَجْرَانَ.
117,133,1,نسب قحطان,3,وَوَلَدَ كَهْلانُ بن سَبَأ: زَيْداً.
117,133,1,نسب قحطان,4,فَوَلَدَ زَيْدُ بن كَهْلانُ: عَرِبياً، ومَالِكاً.
117,133,1,نسب قحطان,5,فَوَلَدَ مَالِكاً بن زَيْدُ: الخَيَار.
117,133,1,نسب قحطان,6,فَوَلَدَ الخَيَار بن مَالِك: رَبِيَعَةَ.
117,133,1,نسب قحطان,7,فَوَلَدَ رَبِيَعَةَ بن الخَيَارِ: أَوْسَلَةَ.
117,133,1,نسب قحطان,8,فَوَلَدَ أَوْسَلَةَ بن رَبِيَعَةَ: زَيْداً.
117,133,1,نسب قحطان,9,فَوَلَدَ زَيْدُ بن أَوْسَلَةَ: مَالِكاً، وتُبيعاَ، بَطن في هَمْدان.
117,133,1,نسب قحطان,10,فَوَلَدَ مَالِكُ بن زَيْدُ: أَوْسَلَةَ، وهو هَمْدان؛ والهَانَ، قَبيلتَان يأتي ذكرهما.
117,133,1,نسب قحطان,11,وَوَلَدَ عَرِيبُ بن زَيْد: يَشْجَب.
117,133,1,نسب قحطان,12,فَوَلَدَ يَشْجَب بن عَرِيبُ: زَيْداً.
117,133,1,نسب قحطان,13,فَوَلَدَ زَيْدُ بن يَشْجَب: أُدد، ومُرّةَ، ونَبتاً، وهو الأَشْعرُ، وهم الأَشْعَريون، ولَدَته، أُمه والشَعُر على كل شيءٍ منه. أُمه دَلَّةُ بنت
118,134,1,نسب قحطان,1,مَيْسَحَان بن كَلَدَةَ بن رَدْمَان من حِمْير.
118,134,1,نسب قحطان,2,وقال شاعرهم:
118,134,1,نسب قحطان,3,نَحْنُ بَنو نَبْتٍ إِذا ما نَسَبَتْنَا … فَأكْرِمْ بِنَبتٍ وَالِداً حِينَ يُذْكَرُ
118,134,1,نسب قحطان,4,هُوَ الأَشْعَرُ الرأس النَّزور وَلَم يَكْن … دَلِيل العِنَادِ خُروَعاً حِين يَكْبَرُ
118,134,1,نسب قحطان,5,وجُلْهُمَةَ، وهوطَّييءٌ، كان أَوَّلَ من طَوى المَشاهِد في ذلك الزمَان؛ ومَالِكاً وهْو مَذْحِجُ اُمهما: مَدَلَّةُ بنت مَيْسحان، وكان قد تزوجها قبل دَلَّةَ.
118,134,1,نسب قحطان,6,مَدَلَّةُ هي مَذْحِجُ، ويقال بل وَلَدَتهُ على أَكمةَ يقال لها مَذْحِجُ فَغَلَبَ عليه.
118,134,1,نسب قحطان,7,فَوَلَدَ مُرَّةُ بن أُدد: الحَارِثَ، ورُهْماً، وكانوا قد درجوا.
118,134,1,نسب قحطان,8,منهم: الأَفْعى بن أَجْهش بن غَنْم بن رُهْم، الذي كانت العربُ تتحاكَم إليه بنجْران.
118,134,1,نسب قحطان,9,وَوَلَدَ الحَارِثُ بن مَرَّةُ: عَدِياً، ومَالِكاً.
119,135,1,نسب قحطان,1,فَوَلَدَ عَدِيُّ بن الحَارِثِ: عُفَيْراً، وهم لَخْم؛ يقال لَحْمهُ، لَطَمَهُ.
119,135,1,نسب قحطان,2,وعَمْراً وهو جُذَام، وجُذَامُ خَدَمهُ؛ الحَارِثَ وهو عَامِلَةَ؛ أُمهم رَقَاشَ بنت هَمْدان.
120,136,1,نسب كندة,1,نسب كِنْدةَ
120,136,1,نسب كندة,2,فَوَلَدَ عُفَيْر بن عَدِي بن الحَارِث بن مَرَّةَ بن أُدد بن زَيْد بن يَشْجُب بن عَرِيب بن كَهْلان بن سَبَأ: ثَوْراً، وهو كِنْدَةَ؛ أُمه: أَسمْاءُ بنت مَالِك بن الحَارِث أبن مُرَّة.
120,136,1,نسب كندة,3,فَوَلَدَ كِنْدَةَ بن عُفَيْر: مُعَاوِيَةَ، وأَشْرس؛ أُمهما: رَمْلةً بنت أَسَد بن رَبِيَعَةَ بن نِزَاربن مَعَدّ بن عّدْنانَ.
120,136,1,نسب كندة,4,فَوَلَدَ مُعَاوِيَةَ بن كِنْدَةَ: مُرْتَعاً، وإِنما سُميَ: مُرْتَعاً لأنه كان يُرتِعهم ارضهم، وهو عَمْرو؛ وزَيْداً دَرَجَ؛ أُمهما زَينَبُ بنت جَذِيمَةَ الأَبْرش بن مَالِك بن الأَزْدِ.
120,136,1,نسب كندة,5,فَوَلَدَ مُرْتَعُ بن مُعَاوِيَةَ: ثَوْراً، وقَيْساً؛ أُمهما عَائِشةَ بنت ذي يَزن الحِمْيري.
121,137,1,نسب كندة,1,فَوَلَدَ ثَوْرُ بن مُرْتَع: مُعَاوِيةَ، وقَيْساً؛ أُمهما وَرَقَةُ بنت عَامِر بن سَكْسك.
121,137,1,نسب كندة,2,فَوَلَدَ مُعَاوِيةَ بن ثَوْرٍ: الحَارِث الأَكْبَر، ويَزِيد، أُمهما كَبْشة بنت عُقْبة بن السَّكثون بن أشْرس.
121,137,1,نسب كندة,3,فَوَلَدَ الحَارِث بن مُعَاوِيةَ بن ثَوْر: مُعَاوِيةَ؛ أمه بنت الحَارِث الغِطْريف الأَزدّي.
121,137,1,نسب كندة,4,وّوَهْباً، بطن بالشام واليمن، ليس منهم بالكوفةِ إلا آل عَبْد الرَّحمان بن العُرَاء، كان أَبلى مع الحَجَّاج؛ وزيد بن الحارث، بطن، لهم مَسْجِد بالكوفةِ؛ أُمهما: مَرْجانَةُ بنت وَهْب من آل ذي يَزَنِ.
121,137,1,نسب كندة,5,والَرائِش بن الحَارِث بطن، والرَّائِش وهو الهُجْن، ذلك لأنه لم تُعرف أُمه؛ وأُمهات الهُجْنِ جميعاً تُستنكر تسميتهم.
121,137,1,نسب كندة,6,والرًّائِش رَهْط شُريحَ بن الحَارِث القَاضي.
121,137,1,نسب كندة,7,وَوَلَدَ مُعَاوِيَةَ بن الحَارِث بن مُعَاوِيَةَ بن ثَوْر: الحَارِث الأَصْغر، وعَمْراً؛ بطنان؛ أُمهما أَسمْاءُ بنت عَمْرو بن الحَارِث الغِطْريف.
121,137,1,نسب كندة,8,وأَخوهما لأُمهما: الحَارِث بن الخَزْرج بن حَارِثةَ بن ثَعْلَبَةَ بن عَمْرو بن
122,138,1,نسب كندة,1,مُزيْقياً من الأَزْد.
122,138,1,نسب كندة,2,وإنما سُمَّي مُزيْقياً لإنه كانت تُمَزَّق عليه حلَلُه، ولهم يقول حَسَّانُ بن ثَابِتٍ.
122,138,1,نسب كندة,3,وإذا دَعَوتُ الحَارِثَيْنِ أَجَابَني … كِنْدَيُّهُم والحَارِثُ بن الخَزْرَجِ
122,138,1,نسب كندة,4,وذُهْل بن مُعَاوِيةَ بطن، لهم مَسْجد بالكوفةِ، أُمُهُ من حِمْيرٍ.
122,138,1,نسب كندة,5,فَوَلَدَ الحَارِثُ بن مُعَاوِيَةَ بن الحَارِث بن مُعَاوِيَةَ بن ثَوْر بن مُرْتَعُ بن مُعَاوِيَةَ بن كِنْدَةَ بن عُفَيْر بن عَدِي بن الحَارِث بن مُرَّةَ بن أُدد مُعَاوِيَةَ الأكرَمين بطن، الذين ذَكرهم الأَعْشى.
122,138,1,نسب كندة,6,وإن مُعَاوِيَةَ الأكرَمين الحِسَانُ الوُجَوه الطوالُ الأُمم.
122,138,1,نسب كندة,7,وأمرؤ القَيْس بن الحَارِث، بطن، رَهْط مُوسى بن أبي الرَّوْحاء، كان ولِيَ لأَبي جَعْفَرٍ فَارْس؛ لهم مسجِد بالكُوفةِ بناهُ مُوسى؛ وأُمهما هِنْد بنت وَهْب بن الحَارِث بن مُعْاوِيَةَ.
122,138,1,نسب كندة,8,ومَالِك بن الحَارِث لهم مسجِد بالكُوفةِ؛ وأُمهم هِنْد بنت رَبِيَعَةَ بن زَبِيد بن صَعْب بن سَعْد العَشِيرةِ بن مَذْحج بطن يقال لهم بنو هِنْدٍ، به يُعرفون.
122,138,1,نسب كندة,9,والطُّمَحُ بن الحَارِث، لهم مسجِد بالكُوفةِ، بطن.
123,139,1,نسب كندة,1,والحَارِثُ بن الحَارِث، وهم جَوْن؛ وهَما يدعيان الهُجْن؛ والرَّائش الذي كنا ذكرنا منهم، لا يعرف لهؤُلاء الثلاثةِ امهات.
123,139,1,نسب كندة,2,فَوَلَدَ مُعَاوِيَةَ بن الحَارِث بن مُعَاوِيَةَ بن الحَارِث: رَبِيَعَةَ، والعَاتِك، والمُثَل؛ أُمهم هِنْد بنت رَبِيَعَةَ بن وَهْب بن الحَارِث الأكبَر.
123,139,1,نسب كندة,3,فَوَلَدَ رَبِيَعَةَ بن مُعَاوِيَةَ بن الحَارِث: عَدِياً بطن؛ ووَهْباً، بطن، وأبا كَرِبٍ، بطن، وامْرأَ القَيْس بطن، لهم مسجِد بالكُوفةِ؛ وسَلَمَةَ، وهو لكَمَة الظما لا عَقِبَ له إلا امرأة؛ أُمهم قَطَام بنت ذُهْل بن مُعَاوِيَةَ.
123,139,1,نسب كندة,4,ومَالِك بن رَبِيَعَةَ بطن، لهم مسجِد بالكُوفةِ؛ أُمه زَهْيرةُ بنت عَمْرو بن شَيبان بن ذُهْل بن ثّعْلَبَةَ بن بَكْر بن وائِل.
123,139,1,نسب كندة,5,فَوَلَدَ عَدِي بن رَبِيَعَةَ: جَبَلَةَ، بطن، لهم مسجِد بالكُوفةِ؛ وحَجراً، أُمهم: لَمِيس بنت امْرئ القَيْس بن الحَارِث، وهو الولاَّدَة بن عَمْرو بن مُعَاوِيَةَ.
123,139,1,نسب كندة,6,والحَارِث بن عَدِي، بطن، لهم مسجِد، يُقال لهم بنو عَدِيّ؛ أُمه مَاوِيَةَ بنت السَّيْحان بن ذُهْل بن مُعَاوِيَةَ، ويقال لهم: الحي الفرِيد، لأنهم لم يدخلوا في الحلف حين تحالفت كِنْدَةُ.
123,139,1,نسب كندة,7,فمن بني جَبَلَةَ: الأَشْعَثُ بن قَيْس بن مَعْدِي كَرِب بن مُعَاوِيَةَ بن جَبَلَةَ، وفد على النبي ﷺ .
124,140,1,نسب كندة,1,وشُرحْبِيل بن مَعْدِي كَرِب بن مُعَاوِيَةَ بن جَبَلَةَ، حرم الخمر، وهو عَفِيف لِتَحْريمه الخْمر، وفد على النبي ﷺ ، وكان في أَلفين وخمس مائة من العطَاء في زمان عَمَرَ بن الخَطَّاب ﵁ .
124,140,1,نسب كندة,2,والأَسْود بن مَعْدِي كَرِب بن مُعَاوِيَةَ بن جَبَلَةَ قتله بنو الحَارِث بن كَعْبٍ وله يقول عَمْرو بن مَعْدِي كَرِب:
124,140,1,نسب كندة,3,وَهُم تَرَكوا ابنَ كَبْشَةَ مُسْلَحِبَّاً … وَهُم شَغَلُوهُ عِن شُرْبِ المَقَدِّ.
124,140,1,نسب كندة,4,هؤلاء جاهيلون إسلاميون.
124,140,1,نسب كندة,5,وإسحَاق بن إبراهِيم بن حُجز بن مَعْدِي كَرِب الأَعْرج، كان عَالِماً بالأَنساب.
125,141,1,نسب كندة,1,وفد أبوه إبراهِيم إلى النبي ﷺ ، وأُمه زَينَب الأَشْعب بن قَيْس.
125,141,1,نسب كندة,2,وسَيْف بن قَيْس بن مَعْدِي كَرِب، وكانت أُمه قَيْنةً يقال لها: الشَحاء حَضْرمِية، وفد إلى النبي ﷺ فأمره أن يؤذن فلم يؤذن حتى مات.
125,141,1,نسب كندة,3,والوَلِيد بن عَدِيّ بن هَانِئ بن حُجْر بن مُعَاوِيَةَ، وفد جده هَانِئ بن حُجْر بن مُعَاوِيَةَ، وهو الشاعر الذي يقول.
125,141,1,نسب كندة,4,مَنَازِلُ مِنْ أَبي قَابُوسِ أَقْوَتْ … وَمِنْ أَهلِ الصَّنَائعِ مِنْ إِيَادِ.
125,141,1,نسب كندة,5,وشُرَحْبِيل بن السَّمْطِ بن الأَسْود بن جَبَلَةَ، شهيد القادسية، جاهليّ إسلاميّ، وولِي حِمْص، وهو الذي قسمها مَنَازَل حين فتحها.
125,141,1,نسب كندة,6,ومن وَلَدهُ: السَّمْطُ بن ثَابِت بن زَيْد بن شُرَحْبِيل، قتله مَرْوانَ بن مُحمَّد.
126,142,1,نسب كندة,1,وأبنه عَبْدٌ اللهِ بن السَّمْطِ.
126,142,1,نسب كندة,2,وهَانِئُ بن أبي شَمِر، كان شريفاً، جاهِلياً.
126,142,1,نسب كندة,3,من وَلَدهُ إياسُ بن أَوْس بن هَانِئ، وهو أبو الكَيَّاس، كان عالماً بنًسبِ كِنْدَةَ، ومنه أخَذَ مُحمَّد بن السَّائِب نَسَبَ كِنْدَةَ.
126,142,1,نسب كندة,4,والحَارِثُ بن هَانِئ، وقد شَهِد سَابَاطَ، واستنقذه حُجْر بن عَدِيّ، وكان استحْلَمَ فنادى ياحُجْر بلغة أهل اليمن، فعقب عليه واستنقذه، وكان في ألفين وخمس مائَة من العطاءِ.
126,142,1,نسب كندة,5,وحُجْر بن عَدِيّ بن الأَدْبر بن عَدِيّ بن جَبَلَةَ، وكان طُعن في دُبره فسُمي بالأَدْبر لذلك، جاهِليّ أسلاميّ؛ وفد إلى النبي ﷺ .
126,142,1,نسب كندة,6,وأخوه هَانِئ، وكان في الفين وخمس مائَة من العطاءِ.
126,142,1,نسب كندة,7,وشهَدَ القادسيةَ، وشَهَدَ الجَمَلَ وضفينَ مع عَليّ بن أبي طَالِب ﵇ قتَله مُعَاوِيَةَ وأصحابه بمرج عَذْراء، وكان الذي تولى قَتلهُ أبو الأَعْورالسُّلمِي.
127,143,1,بنو حجر بن عدي,1,وأبناهُ عَبْدُ اللهِ، وعُبِيدُ اللهِ قتلمهما مَصْعَبُ بن الزُبِيرِ، وكانا يتشيعان.
127,143,1,بنو حجر بن عدي,2,ومُعَاذ بن هَانِئ بن عَدِيّ، كان من رُؤوس السَبعَةَ، وكان على شُرَطِ المُختَار بن أبي عُبَيْدٍ، فهرب إلى الشام لما ظَهَر مَصْعَبُ.
127,143,1,بنو حجر بن عدي,3,والذَّرْذارُ، وأسمه هَانِئ بن الحَارِث، وهو الجَعْدُ بن عَدِيّ بن جَبَلَةَ، كان شريفاً، وبالكُوفَةِ قوم من جَبَلَةَ يُنَسبون إليه؛ وهم من بني أَشاة، وهي أُمهم حَضْرمية.
127,143,1,بنو حجر بن عدي,4,وبَشْيّر بن الأودج بن أبي كَرِب بن جَبَلَةَ، وكان بَشْيّر وفد على النبي ﷺ ، هو وأخوه قَيْس بن الأودج ثم أرتدا كافرين فقتلا يوم ارتدت كِنْدَةُ يوم النُجَيًرِ.
127,143,1,بنو حجر بن عدي,5,هؤلاء بنوجَبَلَةَ بن عَدِيّ.
127,143,1,بنو حجر بن عدي,6,هؤلاء
127,143,1,بنو حجر بن عدي,7,بنو حُجْر بن عُدَيّ
127,143,1,بنو حجر بن عدي,8,وَوَلَدَ حُجْر بن عَدَيّ بن رَبِيَعَةَ: مَرَّة، بطن، لهم مسجد بالكُوفةِ، وشُرَحْبِيل؛ أُمهما هِنْدُ بنت وَهْب بن رَبِيَعَةَ.
128,144,1,بنو حجر بن عدي,1,فمن بني مُرَّة: شُرَحْبِيل بن مُرَّة بن سَلَمَةَ بن مُرَّة المُكّدَّد، وكان جواداً استخلفه الأّشَعْثُ على اذربيجان، ويُسمى المُكّدَّد لقوله:
128,144,1,بنو حجر بن عدي,2,سَلُوني وكُدُّوني فإِنِّي لَباذِلٌ … لَكُمْ ما حَوَتْ كَفَّايَ في العُسْرِ واليُسْرِ.
128,144,1,بنو حجر بن عدي,3,وكان فيمن وفد على النبي ﷺ .
128,144,1,بنو حجر بن عدي,4,وحُجْر الشَّرِ بن يَزِيد بن سَلَمَةَ بن مُرَّة، كان شريفاً، وكان أحَدَ الشهود يوم الحَكميْن، ولاه مُعَاوِيَةَ إرمينية، وإنما سُمي حُجْر الشَّرِ أن حُجْر الأَدْبرِ كان يقال له حُجْر الخير فأرادوا أن يفضلوا بينهم.
128,144,1,بنو حجر بن عدي,5,وطَلْقُ بن عَمْرو بن هَمَّام بن مُرَّة، وهو الذي بنى مسجد بني مُرَّة وأخرجه من دارهِ.
128,144,1,بنو حجر بن عدي,6,وعَائِذُ بن عَدِيّ بن هَمَّام بن مُرَّةَ، كان شريفاً.
128,144,1,بنو حجر بن عدي,7,وفد أبوه عَدِيّ بن هَمَّام إلى الرسول ﷺ . وقد ذكره أَعْشى هَمْدان
129,145,1,بنو عدي بن ربيعة بن معاوية بن الحارث,1,في شعره، وهو الذي لَطَم عَبْدَ الرَّحمانِ بن مُحمَّد بن الأشَعْث فلم تَغْضب له كِنْدَةُ وغَضبَتْ له هَمْدان.
129,145,1,بنو عدي بن ربيعة بن معاوية بن الحارث,2,هَؤلاء بنوحُجْر بن عَدَيّ.
129,145,1,بنو عدي بن ربيعة بن معاوية بن الحارث,3,وهَؤلاء
129,145,1,بنو عدي بن ربيعة بن معاوية بن الحارث,4,بنو عَدَيّ بن رَبِيَعَةَ بن مُعَاوِيَةَ بن الحَارِث
129,145,1,بنو عدي بن ربيعة بن معاوية بن الحارث,5,وَوَلَدَ الحَارِث بن عَدَيّ بن رَبِيَعَةَ: شُرَحْبِيل، ولُحَيّاً، ورَبِيَعَةَ، وعَمْراً أُمهم: مَارِيةَ بنت مَالِك بن الحَارِث بن بَدَا.
129,145,1,بنو عدي بن ربيعة بن معاوية بن الحارث,6,فمن بني الحَارِث بن عَدَيّ: كبشُ بن هَانِئ، وهو المُطلِعُ بن حُجْر بن شُرَحْبِيل بن الحَارِث الذي يقول له النابغِةُ:
129,145,1,بنو عدي بن ربيعة بن معاوية بن الحارث,7,بَعْد كَبْشِ بن هَانِئ وبَني فَرْ … وَةَ والأَشْعَث بن قَيْس أَسِيراً
129,145,1,بنو عدي بن ربيعة بن معاوية بن الحارث,8,وأَبي الخَيْرِ قَشْعَم غَادَرُوُه … حَيْثُ أَضحْتْ خِيَارُهم مَنْحُورَاً
129,145,1,بنو عدي بن ربيعة بن معاوية بن الحارث,9,وكان سبب قتل كَبْش أن الأشَعْث خرج يثأر لأبيه حين قتلهُ مُرَاد، وكان مخرجُهم مُتسادين على أَلويةٍ ثلآثة: كَبْش على لِواء، وقَشْعم على لِواء، والأَشْعَث على لواء، وهو القَشْعم بن يَزِيد بن الأَرْقَم فلقوا بني المُعْقل من بني الحَارِث بن كَعْب، فقُتِل كَبْش والقَشْعمُ
130,146,1,بنو عدي بن ربيعة بن معاوية بن الحارث,1,ونبو فَرْوةَ بن زُرارَةَ بن الأَرْقم، وأسروا الأَشَعْثَ، وكان الأَشَعْث يقول: إذا أخطأتُ مُرَاداً لم أُبالِ على أي قبائِل مَذْحجِ وقعْتُ. فوقع على بني الحَارِث بن كَعْب. فَفدِي بثلاثة آلاف بعير، ولم يُفْد بها عَربي غيره. وفيه يقول عَمْرو بن مَعْدِي كَرِب:
130,146,1,بنو عدي بن ربيعة بن معاوية بن الحارث,2,أتَانَا ثَائِراً بأبيهِ قَيسٍ … فأهْلَكَ جَيْشُ ذَلِكُم السَّمَغْدِ
130,146,1,بنو عدي بن ربيعة بن معاوية بن الحارث,3,فَكانَ فِدَاؤُهُ أَلفَي قَلْوُص … وأَلفاً مِنْ طَرِيفَاتِ وتُلْدِ.
130,146,1,بنو عدي بن ربيعة بن معاوية بن الحارث,4,وفد أبيه إلى االنبي ﷺ يَزِيدُ بن كَبْش والمُطَّلِع بن هانِئ بن حُجْر بن شُرَحْبِيل بن الحَارِث، جاهليّ كان طَليعَةَ قومِهِ إذا غَزَا.
130,146,1,بنو عدي بن ربيعة بن معاوية بن الحارث,5,ومنهم: كامِلُ بن الحَارِث بن هانِئ بن حُجْر، كان من رجال بني الحَارِث.
130,146,1,بنو عدي بن ربيعة بن معاوية بن الحارث,6,والعَلْماء بنت هانِئ بن حُجْر كانت لها دار المُختار بن أبي عُبَيْدٍ.
130,146,1,بنو عدي بن ربيعة بن معاوية بن الحارث,7,وقَمَام بنت الحَارِث بن هانِئ بن الحَارِث بن جَبَلَةَ بن حُجْر بن
131,147,1,بنو وهب بن ربيعة,1,شُرَحْبِيل بن الحَارِث بن عَدِيّ، يقال لها قمام بالكوفة عند دار الأّشْعَثِ أبن قَيْس؛ وكانت عند إسماعِيل بن الأّشَعْث، فولدت له.
131,147,1,بنو وهب بن ربيعة,2,ووفد هانِئ بن الحَارِث بن جَبَلَةَ، ومَعْدي كَرب بن الحَارِث بن لُحّي بن شُرَحْبِيل إلى النبي). قائِدُ بن مُحمَّد بن الغرير بن حُجْر بن مَعْدي كَرب بن لُحّي، ولي الجزيرة.
131,147,1,بنو وهب بن ربيعة,3,ونَهِيك بن غُريْر بن هانِئ بن حُجْر، قتل يوم صِفين مع عَليّ بن أبي طَالِب.
131,147,1,بنو وهب بن ربيعة,4,هؤُلاء بنو عَدِيّ بن رَبِيَعَة بن مُعَاوِيةَ بن الحَارِث.
131,147,1,بنو وهب بن ربيعة,5,وهؤلاء
131,147,1,بنو وهب بن ربيعة,6,بنو وَهْب بن رَبِيعةَ
131,147,1,بنو وهب بن ربيعة,7,وولد وَهْب بن رَبِيعةَ بن مُعَاوِيةَ: عَمَراً، ورَبِيعةَ؛ أُمهما رُهْم بنت المِثل بن مُعَاوِيةَ؛ وحُجْر بن وَهْب لهم مسجد بالكوفة، بطن.
131,147,1,بنو وهب بن ربيعة,8,وأبا الخير بن وَهْب، بطن، لهم مسجد بالكوفة، وكان يُدعى أبا الخير الظَّلوم، وفيه يقول الشاعر:
131,147,1,بنو وهب بن ربيعة,9,أُحِبُ بَني رَبِيعَةَ حَيْث كَانوا … ويَمنَعُنِي أَبو الخَيرِ الظَّلُوم
132,148,1,بنو وهب بن ربيعة,1,أُمهم: زينب بنت عَمْرو بن ثَعْلَبَةَ بن إِياد، عمه كَعْب بن مَامة بن عَمْرو بن ثَعْلَبَةَ.
132,148,1,بنو وهب بن ربيعة,2,وولد عَمْرو بن وَهْب: نُعمان، وحُمراً، بطن وحُباباً درجَ؛ أُمهم كَبْشةَ بنت خُديج بن أمرئ القَيْس بن الحَارِث بن مُعَاوِيةَ.
132,148,1,بنو وهب بن ربيعة,3,فولَدَ نُعمان بن عَمْرو: الأَرْقم، بطن، لهم مسجد بالكوفة، أُمهم المِسْك بنت عَدِيّ بن رَبِيَعَة.
132,148,1,بنو وهب بن ربيعة,4,وعَمْراً، وهو شَمْلة، بطن، دَرَجَ، وأُمه أُمامة بنت الشّيْطان بن خُديج بن أمرئ القَيْس بن الحَارِث.
132,148,1,بنو وهب بن ربيعة,5,فمن بني الأرْقم: مَعْدي كَرب بن الأّسْود بن الأرْقم، جاهلي، كان سيدهم.
132,148,1,بنو وهب بن ربيعة,6,وأبوه الذي يزعمون أن الأَعْشى مدحه.
132,148,1,بنو وهب بن ربيعة,7,ومَعْدي كَرب، وهو الأجذمْ، ضربه قَيْس بن مَعْدي كَرب، أبو الأَشعْث، فسمي الأَجذم.
132,148,1,بنو وهب بن ربيعة,8,فيومئذ تحالفت بنو وَهْب بن رَبِيعةَ، وبنو المِثل بن مُعَاوِيةَ، وبنو أبي كَرْب بن مُعَاوِيةَ على بني عَدِيّ بن رَبِيَعَة، ومَرةَ مع بني عَدِيّ، ولم يدخل بنو الحَارِث بن عَدِيّ، معهم في الحلف فسموا الحيّ الفريد.
133,149,1,بنو وهب بن ربيعة,1,ومنهم زُرارةُ، وسعيدُ ويزِيدُ بنو فرازَةَ بن زُرارةَ بن الأَرْقم، قتلوا يوم خرج ابن الأّشْعث ثائراً بأبيه.
133,149,1,بنو وهب بن ربيعة,2,والقَشْعم بن يزِيد بن الأَرْقم قتل يومئذٍ.
133,149,1,بنو وهب بن ربيعة,3,وقتل قَيْس بن فرْوةَ بن زُرارةَ في الاسلام ببلنجر مع سلَمان بن رَبِيعةَ الباهِلي.
133,149,1,بنو وهب بن ربيعة,4,ومنهم: يزِيد بن فَرْوة بن زُرارةَ بن الأَرْقم، الذي أجار خالِد بن الوّلِيد يوم قطع نخْل بني ولِيعةَ.
133,149,1,بنو وهب بن ربيعة,5,ولما قدم عَليًّ بن أبي طالِب الكوفة أخذ أصحابهُ بيالُون من عُثمان أبن عَفان، فقال بنو الأَرْقم لانُقِيم بِبِلادٍ يُشْتَمُ بها عُثمَانَ فخرجوا إلى الجزيرة، والى الرُها وخرج معهم من ولدوا من كِنْدةَ، فخرج معه بنو أَحْمرأبن عَمْرو، وبعض بني الحَارِث بن عَدِيّ، وبنو الأَجذم من بني حُجْر بن وَهْب فقدموا على مُعاوِية، فقال: هذا حيّ من كِنْدةَ عظِيم قدِموا عَليّ ناقمين عَليٍّ فكان إذا قدم عليه أهل العِراق أَنزلهم الجزيرة مخافة أن يُفسدوا أهْل الشام عليه فأنزلهم نصِيبين واقطعهم قطاِئع؛ ثم كتب إليهم إني أخافُ عليكم عَقَارِبها، فأنزلهم الرُّها، وأقطعهم قطاِئع، وشهدوا صِفين مع
134,150,1,بنو وهب بن ربيعة,1,معاوِيةَ، فضرب عَدِيّ بن عَمِيرة بن فَرْوة بن فَزارةَ بن الأَرْقم على يدهِ يومئذٍ.
134,150,1,بنو وهب بن ربيعة,2,وكان أخر من خرج إليهم من الكوفة: العِرسُ بن قَيْس بن سَعْد بن الأَرْقم، ولي الولايات، وولي الجزيرة.
134,150,1,بنو وهب بن ربيعة,3,وجَبْرُ بن القَشْعم بن يزِيد بن الأَرْقم، أول من قضى بالعراق لعُمَرَ بن الخطَّاب، ثم كان سلمان بن رَبِيعةَ الباهّلي؛ ثم شُريح، ثم أبو بُرْدة بن أبي موُسى الأَشْعري.
134,150,1,بنو وهب بن ربيعة,4,ومنهم: عَدِيّ بن عَمِيرة بن زَرارةَ بن الأَرْقم كان ناسِكاً فقِيهاً، وولي الجزيرة وإرمينية واذربيجان لِسُليمان بن عَبْد المَلِك.
135,151,1,بنو وهب بن ربيعة,1,وولَد خُمْرُ بن عَمْرو: قَيْساً، وعزِيزاً، أُمهما بنت رَبِيعةَ بن وَهْب بن رَبِيعةَ.
135,151,1,بنو وهب بن ربيعة,2,منهم: أبو شمر بن قَيْس بن خُمْر، كان شاعراً شريفاً في الجاهلية والإسلام.
135,151,1,بنو وهب بن ربيعة,3,ومنهم: سَوادة بن حُجر بن كَابِس بن قَيْس بن خُمْر، كان شريفاً بالإسلام بالرُّها، وهو أبو الصُباح بن سَوَادَة.
135,151,1,بنو وهب بن ربيعة,4,وولَد رَبِيعةَ بن وَهْب بن رَبِيعةَ بن مُعَاوِية.
135,151,1,بنو وهب بن ربيعة,5,فَولد مُعَاوِية بن رَبِيعةَ بن وَهْب: شَجَرة، بطن، لهم مسجد بالكوفة يقال لهم الشَّجرات، لهم عددٌ وشرفٌ بحضرموت، ولهم بها ولايةٌ؛ وحَرْملة، وعَمْراً؛ أُمهم من بني الرَّائِش بن الحَارِث.
135,151,1,بنو وهب بن ربيعة,6,فمن بني شَجَرة: بنو عَبْد اللهِ بن سَلَمة بن الأَسْود بن شجَرة وافدين.
135,151,1,بنو وهب بن ربيعة,7,ومِحْصن بن عَلس بن شجرةَ، وشَجَرة، وعَلَس ابنا الأَسْود بن شجَرة، وفدا.
135,151,1,بنو وهب بن ربيعة,8,وأبو لينَةَ، وهو عَبْد اللهِ بن أبي كَرِب بن الأَسْود بن شجَرة، وفد أيضاً.
136,152,1,بنو أبي الخير بن وهب,1,وكانوا وفدوا مع الأَشْعث حين وفد على النبي ﷺ في سبعين رجُلاً من كِنْدةَ.
136,152,1,بنو أبي الخير بن وهب,2,هؤُلاء بنو عَمْرو بن وَهْب بن رَبِيعةَ.
136,152,1,بنو أبي الخير بن وهب,3,وهؤُلاء
136,152,1,بنو أبي الخير بن وهب,4,بنو أبي الخَيْر بن وَهْب
136,152,1,بنو أبي الخير بن وهب,5,وولد أبوالخَيْر بن وَهْب: سَلَمةَ، أُمه بنت عَدِيّ بن رَبِيعةَ.
136,152,1,بنو أبي الخير بن وهب,6,فولد سَلَمةَ بن أبي الخَيْر: مُرْة.
136,152,1,بنو أبي الخير بن وهب,7,منهم: عَبْد اللهِ بن سَلَمةَ بن مُرْة، وكان من اصحاب عَليّ بن أبي طَالِب ﵇ ولاهُ السواد، ومان أحد العِشرين الذي شهدوا حلْف اليمن ورَبِيعة زمان عَليّ بالكوفة.
136,152,1,بنو أبي الخير بن وهب,8,ومَعْدان بن رَبِيعة بن سَلَمةَ بن أبي الخَيْر، وفد أيضاً.
136,152,1,بنو أبي الخير بن وهب,9,هؤُلاء بنو أبي الخَيْر.
136,152,1,بنو أبي الخير بن وهب,10,وهؤُلاء
136,152,1,بنو أبي الخير بن وهب,11,بنو حُجْر بن وَهْب
136,152,1,بنو أبي الخير بن وهب,12,وولد حُجْر بن وَهْب: قَيْساً، وأُمه هِنْد بنت زَيْد مَناة من بني الرَّائِش.
136,152,1,بنو أبي الخير بن وهب,13,وعَدِياً، وسَلَمةَ؛ أُمهما النَظارةُ بنت ودِيعة بن مَالِك بن دلا بن الحَارِث بن شُرحْبِيل، وهو الأَخزم، وأُمه من بهْراء.
136,152,1,بنو أبي الخير بن وهب,14,ووَهباً، وأُمه من أهل نجران.
136,152,1,بنو أبي الخير بن وهب,15,منهم: مُعاوِية بن حُجْر، الذي قتل سعيد بن عَمْرو بن النُعَمان يوم صَفا.
137,153,1,بنو حجر بن وهب,1,وسَلَمةُ بن مُعاوِية بن وَهْب، وهو أبو قِرَّة وفد؛ وابنه عَمْرو بن أبي قِرَّة. وليِ القضاء بالكوفة؛ ثم جَبْر بن القَشْعم الأَرْقمي؛ ثم شُريح بن الحَارِث؛ ثم عَمْرو بن أبي قُرَّة، ثم الحُسين بن أبن الحَسَن زمن خالِد بن عَبْد الله القسْري، ولي الحكم لخالِد بن عَبْد الله القسْري.
137,153,1,بنو حجر بن وهب,2,ومن بني حُجْر: يزِيد بن عَمْرو بن قَيْس، وهو أبن الصَماء جاهلي شريف.
137,153,1,بنو حجر بن وهب,3,وقابُوس بن قَيْس بن سَلَمةَ، كان من اشرافهم.
137,153,1,بنو حجر بن وهب,4,وجَبلَةَ بن أبي كَرِب بن قَيْس بن حُجْر، وقد كان في ألفين وخمس مائة من العطاء.
137,153,1,بنو حجر بن وهب,5,وعَمْرو بن حَسان، شهد يوم القادسية.
137,153,1,بنو حجر بن وهب,6,والأَسْود بن جَبلَةَ بن الحَارِث بن قَيْس بن حُجْر، ولي السَوادَ زمن زِيادٍ.
137,153,1,بنو حجر بن وهب,7,وزَنمق بن العَلاء بن المُغِيرة بن عَمْرو بن حَسان، شريف بالجزيرة.
137,153,1,بنو حجر بن وهب,8,والأَجْلحُ، يحي بن عَبْد اللهِ بن مُعاوِية بن حَسان الفقيه؛ وابنه كان فقيهاً عالما.
138,154,1,بنو حجر بن وهب,1,والمُنْذر بن عَدِيّ بن المُنْذر بن عَدِيّ، وفد.
138,154,1,بنو حجر بن وهب,2,والحَارِث، والهَيْدكوُر بن عَدِيّ بن المُنْذر، كان شريفاً.
138,154,1,بنو حجر بن وهب,3,وحُسين بن حَسن بن جرِير بن الحَارِث بن سَلَمةَ بن المُنْذر بن عَدِيّ بن حُجْر، ولي القضاء.
138,154,1,بنو حجر بن وهب,4,والأَسود بن سَلَمةَ بن حُجْر بن وِهْب، وفد وابنه، وهو غُلام يومئذ، ودعا له النبي ﷺ .
138,154,1,بنو حجر بن وهب,5,وجَبَلةَ بن سَعْد بن الأَسْود، وفد أيضاً.
138,154,1,بنو حجر بن وهب,6,والعباسُ بن يزِيد، وكان شاعراً فارساً، وهو الذي يقول:
138,154,1,بنو حجر بن وهب,7,أَمَّا القَطَاةُ فإِنِّي سَوْفَ أَنعَتُها … نَعْتَاً يُوافِقُ نَعْتيِ بَعْضَ ما فِيها
138,154,1,بنو حجر بن وهب,8,وهجا أبن الخطفيّ، فقال جرِيرُ:
138,154,1,بنو حجر بن وهب,9,أَعبْداً حَلَّ في شُعَبَى غَرِيباً … أَلُؤماً لا أَبَا لكَ وآغْتِرابَا
139,155,1,بنو حجر بن وهب,1,وأبنه عُبَيدُ اللهِ بن العَباسِ، ولي فارس أيام خالِد بن عَبْد اللهِ القَسْري؛ وولي الكوفة زمان يُوسف بن عُمَر.
139,155,1,بنو حجر بن وهب,2,وأخوه جَعْفر بن العَباسِ، ولي ما سَقت دجلةُ، ثم قتله الخوارج.
139,155,1,بنو حجر بن وهب,3,وولي عُبَيدُ اللهِ أيضاً لأبي العَباسِ قنسرين، ولأبي جَعْفر ارمينية وبها مات.
139,155,1,بنو حجر بن وهب,4,وكان شهد الخوارج بالكوفة وهو يقتتلون بين الكوفة والجزيرة أيام الضحَّاك مع جَعْفر أخيه حين قتل، فقال أبو عطاء السَّنْدي:
139,155,1,بنو حجر بن وهب,5,فَقُلْ لِعُبَيدِ اللَّهِ لَوْ كَانَ جَعْفَرٌ … هَوُ الحَيّ لَمْ يَجْنَحْ، وأَنتَ قَتِيلُ
139,155,1,بنو حجر بن وهب,6,فُضِحْتَ وقَدْ أَرْدَوا أَخَاكَ وكَفَّروا … أَبَاكَ فَمَاذَا بَعْدَ ذَاكَ تَقُولُ
140,156,1,بنو حجر بن وهب,1,فقال: أقولُ: أَعَضَّك اللَّهُ بِبظْرِ أَهْلِك وعَبْد الرَّحمان، وفَرْوة أنبا إياس بن سَلَمة بن حُجْر، قتلا بصفين مع عَليّ.
140,156,1,بنو حجر بن وهب,2,وسَعْد بن الأَسْود بن جَبَلةَ، الذي قال لمُعاوِية يوم النُخيلة: أُبايُعك على كتابِ اللهِ وسُنَّةِ نبِيّه؛ فقال لَا شرطَ لكَ. فقال وأنتَ لا بَيْعة لك.
140,156,1,بنو حجر بن وهب,3,ويزِيد بن قَيْس بن سَلمةَ، الذي يقال له قارِئ بني سَلَمة، وفد على مُعاوِيةَ.
140,156,1,بنو حجر بن وهب,4,وعَمْرو بن سَلام بن قَيْس بن سَلمةَ، وهو أبو الحَلال الذي يقول له العَباسُ بن يزِيد:
140,156,1,بنو حجر بن وهب,5,إِذَا قَطَعْنا طَامِسَ الأَجْبَالِ … وقلَّةَ الحَزْنِ فَلَا نُبَالِي
140,156,1,بنو حجر بن وهب,6,مَا فَعَلَ الشَّيخُ أَبو الحَلَالِ … شَيْخٌ لَنَا قد لَجَّ في الضَّلالِ
140,156,1,بنو حجر بن وهب,7,ومسْرُوق بن يزِيد بن الأَسْود، الذي اختط خطة بني يَزِيد بالكوفة.
140,156,1,بنو حجر بن وهب,8,وابنه النُعمان قتل بخرسان ومعه أبو كِنْدة. وأكَتل بن العَباس كان على الرمَاة يوم مَسْلمَة، يوم لقي أبن المُهَلبِ.
141,157,1,بنو امرئ القيس بن ربيعة,1,وسأسلةُ بن الحُسين بن العباس، كان فارساً وهو الذي قتل عُبَيدة الخارجي وجاء برأسه.
141,157,1,بنو امرئ القيس بن ربيعة,2,هؤُلاء بنو وَهْب بن رَبِيعَةَ.
141,157,1,بنو امرئ القيس بن ربيعة,3,هؤُلاء
141,157,1,بنو امرئ القيس بن ربيعة,4,بنو امْرِئ القَيْس بن رَبِيعَةَ
141,157,1,بنو امرئ القيس بن ربيعة,5,وولَد آمْرِؤ القَيْس بن رَبِيَعَةَ: وَهْباً، والحَارِث أمهما بنت آمْرِئ القَيْس بن ذُهْل بن مُعاوِيةَ.
141,157,1,بنو امرئ القيس بن ربيعة,6,منهم: عُمَرُ بن مُعاوِيةَ بن حَيوةَ بن النُعمَان بن أبي شَمر بن الحَارِث بن وَهْبَ، ولي شرطة البصرة، وكان مع عَبْد الّله بن مُعاوِية بن عَبْد الّله بن جَعْفر بن أبي طالِب قائداً.
141,157,1,بنو امرئ القيس بن ربيعة,7,وكان عَبْد الّله بن مُعاوِيةَ أبلغ العرب، وأجملهم، وكان غَلبَ على فارس، قتله أبو مُسْلم، وهو الذي يقول:
141,157,1,بنو امرئ القيس بن ربيعة,8,أَصُدُّ صُدُودَ امْرِئٍ مُحْمَدٍ … إِذَا حَالَ ذُو الوِدِ عَنْ حَالِهِ
141,157,1,بنو امرئ القيس بن ربيعة,9,وَلَسْتُ بمُستَعْتِبٍ صَاحِباً … إِذَا جَعَلَ الصَّرْمَ في بالِهِ
141,157,1,بنو امرئ القيس بن ربيعة,10,وَلكِنَّني صَارِمُ حَبْلَهُ … وذَلِكَ فِعْلِي بأَمْثَالِهِ.
141,157,1,بنو امرئ القيس بن ربيعة,11,وجرِير بن سَعْد بن بِشْر بن عَدِيّ بن النُعَمان بن حُجْر بن وَهْب بن آمْرِئ القَيْس بن رَبِيَعَ كان شريفاً.
141,157,1,بنو امرئ القيس بن ربيعة,12,هؤُلاء بنو آمْرِئ القَيْس بن رَبِيَعَةَ.
142,158,1,بنو أبي كرب بن ربيعة,1,وهؤُلاء
142,158,1,بنو أبي كرب بن ربيعة,2,بنو أبي كَرِب بن رَبِيعةَ
142,158,1,بنو أبي كرب بن ربيعة,3,وولد أبو كَرِب بن رَبِيَعةَ: عَمْراً فولدَ عَمْرو بن أبي كَرِب: سَلَمة، وهو المُجر بطن لهم مسجد في الكوفة؛ وحجراً.
142,158,1,بنو أبي كرب بن ربيعة,4,منهم: سَمُرة بن مُعاوِيةَ بن عَمْرو بن سَلَمة، وفد إلى النبي ﷺ .
142,158,1,بنو أبي كرب بن ربيعة,5,هؤُلاء بنو أبي كَرِب بن رَبِيَعةَ.
142,158,1,بنو أبي كرب بن ربيعة,6,وهؤُلاء بنو مَالِك بن رَبِيَعةَ
142,158,1,بنو أبي كرب بن ربيعة,7,وولد مَالِك بن رَبِيَعةَ: مُعاوِيةَ، ورَبِيَعةَ؛ أمهما من بني أسْعد بن هَمام.
142,158,1,بنو أبي كرب بن ربيعة,8,ومنهم: حُجْر، ويُعرف بفارس مِنسال بن مُعاوِيةَ بن مَالِك، كان شريفا شاعراً؛ ويقال مِنسال فرس أو أرضْ.
142,158,1,بنو أبي كرب بن ربيعة,9,هؤُلاء بنو رَبِيَعةَ.
142,158,1,بنو أبي كرب بن ربيعة,10,وهؤُلاء
142,158,1,بنو أبي كرب بن ربيعة,11,بنو المِثل بن مُعاوِيةَ
142,158,1,بنو أبي كرب بن ربيعة,12,وولد المِثل بن مُعاوِيةَ: بَهْدلة، بطن لهم مسجد.
142,158,1,بنو أبي كرب بن ربيعة,13,فولَد بَهْدلة بن المِثل: مُعاوِيةَ، والشَّجار.
142,158,1,بنو أبي كرب بن ربيعة,14,منهم: قَطَنُ بن قَيْس بن الشَّجار، الشاعر في الجاهلية وقوله:
143,159,1,بنو العاتك بن معاوية,1,وَجَدْتُ المُرْحَبِيَّ أَخا المَعَالِي … وسُرَّتَهُ وَهُم خَيْر الوَفِيرِ
143,159,1,بنو العاتك بن معاوية,2,وَهُمْ أَهْلُ المَكَارِمِ والمَسَاعِي … إِذَا مَا لدَهْر طَرير
143,159,1,بنو العاتك بن معاوية,3,وزِياد بن يزِيد بن المُضاهِر بن النُعمان بن سَلَمة بن الشَّجار، وهو أبو الشعْثاء، قتل مع الحُسين بن عَليّ ﵇ ، بالطّفَ وذكرهُ الكُمَيت في قصيدته:
143,159,1,بنو العاتك بن معاوية,4,وَمَالَ أَبو الشَّعْثاءِ أَشْعَثَ دَامِيَاً … وإِنَّ أَبا حُجْرٍ قَتِيلُ مُزَمَلُ
143,159,1,بنو العاتك بن معاوية,5,هؤُلاء بنو المِثل بن مُعاوِيةَ.
143,159,1,بنو العاتك بن معاوية,6,وهؤُلاء
143,159,1,بنو العاتك بن معاوية,7,بنو العَاتِك بن مُعاوِيةَ
143,159,1,بنو العاتك بن معاوية,8,وولد العَاتِك بن مُعاوِيةَ: شَيبان بطن، أُمه البيضَاءُ بنت الأَبيَض بن آمْرِئ القَيْس بن الحَارِث، ومَالِكاً، وحِيياُ لاِمرأة من بني وَهْبٍ.
143,159,1,بنو العاتك بن معاوية,9,منهم: الحَارِث بن سَعيد بن قَيْس بن الحَارِث بن شَيبان، وفد إلى النبي ﷺ . وسَعْد بن شُرحْبِيل بن قَيْس بن الحَارِث بن شَيبان، وفد أيضاً.
144,160,1,بنو امرئ القيس بن الحارث,1,وأماناة بن قَيْس بن الحَارِث وفد أيضاً؛ وعاش دهراً طويلاً، وله يقول الشاعر:
144,160,1,بنو امرئ القيس بن الحارث,2,أَلَا لَيْتَني عُمِّرْتُ يا أُمَّ خَالِدٍ … كَعُمْرِ أَمَانَاةِ بن قَيْسِ بن شَيْبَانِ
144,160,1,بنو امرئ القيس بن الحارث,3,لَقَدْ عَاشَ حَتَّى قِيلَ لَيْسَ بِمَيِّتٍ … وأَفْنى فِئَاماً مِنْ كُهُولٍ وشُبَّانِ
144,160,1,بنو امرئ القيس بن الحارث,4,فَحَلَّتْ بِهِ مِنْ بَعْدِ حَرْس وحِقْبَةٍ … دُوَيْهِيَّةٌ حَلَّتْ بِنَصْرِ بن دَهْمَانِ
144,160,1,بنو امرئ القيس بن الحارث,5,فأَضْحَى كأَن لَمْ يُغنِ في النَّاسِ سَاعَةَ … رَهِين ضَرِيحٍ في سَبَائِب كِتَانِ
144,160,1,بنو امرئ القيس بن الحارث,6,ومعروف بن قَيْس بن شُرحْبِيل قتل يوم النجير. ويَزِيد بن أماناة، قتل يوم النجير.
144,160,1,بنو امرئ القيس بن الحارث,7,هؤُلاء بنو مُعاوِيةَ بن الحَارِث بن مُعاوِيةَ
144,160,1,بنو امرئ القيس بن الحارث,8,وهؤُلاء
144,160,1,بنو امرئ القيس بن الحارث,9,بنو امْرئ القَيْس بن الحَارِث
144,160,1,بنو امرئ القيس بن الحارث,10,وولد آمْرِؤ القَيْس بن الحَارِث بن مُعاوِيةَ: خُدَيجاً وبَكْراً، والأبيَض؛ أمهم: أمامَة بنت عَبْد الله بن وَهْب بن الحَارِث.
145,161,1,بنو امرئ القيس بن الحارث,1,منهم: الحَارِث بن فَرْوة بن الشَّيطان بن خُديج وفد إلى النبي ﷺ .
145,161,1,بنو امرئ القيس بن الحارث,2,ومَعْدي كَرِب بن شُرحْبِيل بن خُديج وقد وفد أيضاً.
145,161,1,بنو امرئ القيس بن الحارث,3,وإياس بن شُرحْبِيل بن قَيْس بن يزِيد بن الذّائد بن بَكْر، وفد أيضاً.
145,161,1,بنو امرئ القيس بن الحارث,4,وقَيْس بن عَبْد الله بن بَكْر، وفد أيضاً.
145,161,1,بنو امرئ القيس بن الحارث,5,وعزيز بن سَعْد بن مَعْدي كَرِب بن شُراحيْل بن الشَّيطان، قتل يوم عين الوردة مع سليمانَ بن صُرد الخُزاعي.
145,161,1,بنو امرئ القيس بن الحارث,6,من ولده: سودةُ بن مُحمد بن عَبْد الله بن عزيز بن سَعْدٍ، كان فارس العرب بخرسان.
145,161,1,بنو امرئ القيس بن الحارث,7,وكان عَبْد الله بن عزيز من اصحاب مُحمد بن الحنفيةِ، وحُبس معه في الشِّعْب، حبسه أبن الزُبِير.
146,162,1,بنو مالك بن الحارث,1,واسم الذّائد: امرؤ القَيْس، سمي الذّائد لقوله:
146,162,1,بنو مالك بن الحارث,2,أَذُوذُ القَوَافِيَ عَنَّي ذِيَادَاً … ذِيَادَ غُلامٍ غَوِيٍّ جَوَادَا
146,162,1,بنو مالك بن الحارث,3,فَلَمَّا كَثُرنَ وأَعْيَّنْني … تَنَقَيْتُ مِنْهُنَّ عشراً جِيَادا
146,162,1,بنو مالك بن الحارث,4,فَأَعْزِلُ مِرْجَانَها جَانِباً … وآخذُ مِنْ دُرِّهَا المُسْتَجادا
146,162,1,بنو مالك بن الحارث,5,يقال لولده بنوالذّائد، لا يعرفون إلا به.
146,162,1,بنو مالك بن الحارث,6,ومُوسى بن أبي الرَوْقاء، يزِيد بن الحَارِث بن يزِيد بن الحَارِث بن فَرْوة بن الشَّيطان بن خُديج ولاه أبو جَعْفر فارس.
146,162,1,بنو مالك بن الحارث,7,وعَميرةَ بن شِهاب بن رَبِيعة بن مُعاوِية بن صُريم بن ثَعْلبةَ بن بَكْر بن امرئ القَيْس، كان فارساً، وهو الذي أخذ مُلكية العامرية أمرأة عبد الرَّحمان بن مُحمد بن الأَشْعث بسجستان فقدم بها الكوفة فحبسه حتى مات لذلك.
146,162,1,بنو مالك بن الحارث,8,هؤُلاء بنو أمرئ بن الحَارِث.
146,162,1,بنو مالك بن الحارث,9,وهؤُلاء
146,162,1,بنو مالك بن الحارث,10,بنو مَالِك بن الحَارِث
146,162,1,بنو مالك بن الحارث,11,وولد مَالِك بن الحَارِث: سَلَمة، المُنذر؛ أمهما مِنْ غَسان.
146,162,1,بنو مالك بن الحارث,12,ومن بني سَلَمة: حُجر بن يزِيد بن مَعْدي كَرب بن سلَمة، صاحب مرباع بني هِنْد نيف وثلاثين سنة وأخوه أبو الأَسْود، وكان شريفاً.
147,163,1,بنو مالك بن الحارث,1,والمرباع أن يأخذ الرُبع من الغنيمة وعليه طعام الجيش لأخذه المرباع.
147,163,1,بنو مالك بن الحارث,2,وقَساس الشاعر بن أبي شمِر بن مَعْدي كَرب الذي أجاب أبا هِني حين تزوج في بني آكل المُرار لقَيْس؛ فقال أبو هِني لقَيْس:
147,163,1,بنو مالك بن الحارث,3,بِبَابِ الحَارِثِ المَلِكِ بن عَمْرٍ … وتُخبِرَها وتَنكحُ في ذُرَاها
147,163,1,بنو مالك بن الحارث,4,لَها الوَيْلات إنْ أكرهتموها … أَلا تطعن بمديتها حَشَاها
147,163,1,بنو مالك بن الحارث,5,فَتَهلك حُرَّةً والمَوْتُ حَقٌّ … ويُفْلِحُ بَعْدَ ذَلِكَ مَنْ نَعَاها
147,163,1,بنو مالك بن الحارث,6,فقال:
147,163,1,بنو مالك بن الحارث,7,لَقَدْ طَالَبْتَ هَذا قَبلَ قَيْسٍ … لِتَنكَحَها فلم يَكُ مِنْ هَوَاهَا
147,163,1,بنو مالك بن الحارث,8,فَطافَتْ بالمَنَاهِل تَبتَغِيه … فَلَاقَتْ مَشرَبا عَدَناً سَقَاهَا
147,163,1,بنو مالك بن الحارث,9,أَدَبّ السَاعِدَين أَخا حُرُوبٍ … إِذا يُدْعى لِمُعضِلةٍ كَفَاهَا
147,163,1,بنو مالك بن الحارث,10,في تزويج قَيْس هِنْد بنت شَراحيْل بن زَيْد بن شُرحْبِيل، قتيل الكُلاب.
147,163,1,بنو مالك بن الحارث,11,والزُوير، وهو علقمة بن سَلمةَ بن مَالِك، وهو أبن عنجة، وهي مهْرية، وهي أمه؛ قال يوم صيفاه وعَقل جملهُ: أنا زُويزكم اليوْم، واللهِ لا أزُول حتى يزولَ جملي
147,163,1,بنو مالك بن الحارث,12,نَحنُ مَنَعْنا جَمَلَ بن عَنجة … اجناه وكُوره وقده
147,163,1,بنو مالك بن الحارث,13,يَوْمَ تَلَاقَت بالمَصيفِ كِنْدَة
147,163,1,بنو مالك بن الحارث,14,وقَيْسُ بن الحَارِث بن أسْمَاء بن مُرٍّ بن شِهَاب بن أبي سَمُرةَ.
148,164,1,بنو مالك بن الحارث,1,وابنه الحَارِثُ، وقد كان شاعراً وهو الذس يقول:
148,164,1,بنو مالك بن الحارث,2,لَيْتَني أُلقي عَلى عَضَبي … فِتْيةً مِنْ أَشْجَعِ العَرَبِ
148,164,1,بنو مالك بن الحارث,3,وشِهاب بن أسْماء وفد ايضاً.
148,164,1,بنو مالك بن الحارث,4,ووائِل بن حُجر بن أبي الأَسْود بن يزِيد الشاعر، وكان عريف بني هِنْد.
148,164,1,بنو مالك بن الحارث,5,وعُمْيرة بن مُحرز بن شِهاب بن أبي شِهاب، كان شريفاً، وهو خال حفْص بن عَمْرو بن سَعْد بن أبي وقَّاصٍ.
148,164,1,بنو مالك بن الحارث,6,وولد المُنذرُ بن مَالِك: النُعمَان، أمه الهالَةُ بنت رَبِيعة بن زبِيد من مذحج بها يُعرفون فمنهم: قَيْس بن يزِيد بن عَمْرو بن شَراحيْل بن النُعمَان بن المُنذر الذي ذكرهُ أبن همام الشاعر، ولي هَمْدان، وقَيْساً، وكِنْدة، وقد طالت إمارته في سُرة الارض بين السهل والجبل.
148,164,1,بنو مالك بن الحارث,7,وأبو العَمرطِة، وهو عُمير بن يزِيد، أخو قَيْس بن يزِيد، وكان شيعياً، قتل مع حُجر بن عَدِيّ.
148,164,1,بنو مالك بن الحارث,8,والحَسن بن أبي العَمرطِة، ولي ما وراء النهر للجراح بن عَبْد الله الحكمي، وكان على شُرط الحجاج.
149,165,1,وهؤلاء بنو الطمح بن الحارث,1,والمُنذر بن شُعيب بن يزِيد بن عَمْرو بن شَراحيْل كان شاعراً.
149,165,1,وهؤلاء بنو الطمح بن الحارث,2,والربيعُ بن قَيْس بن يزِيد، استعمله الحجاج على قلاع فارس.
149,165,1,وهؤلاء بنو الطمح بن الحارث,3,وعُمير بن مَعْدان بن الأسْود بن مَعْدي كَرِب بن النُعمَان بن المُنذر، كان شريفاً.
149,165,1,وهؤلاء بنو الطمح بن الحارث,4,وعَمار بن جَراد بن زَيْد بن سَكَن بن أنس بن حَارِثة بن مَعْدي كَرِب بن سَلَمةَ، كان مع المختار.
149,165,1,وهؤلاء بنو الطمح بن الحارث,5,وهانِئ بن سَلَمةَ بن أوس بن أبي شَمِر، كان فارساً، هدم عليه عَليٌّ داره فلحق بمُعاوِية، فلما وَلي مُعاوِية بنى له داره ورجع إلى الكوفة.
149,165,1,وهؤلاء بنو الطمح بن الحارث,6,والنَّضر بن عَبْد الرَّحمان بن عَبْد الله بن لقِيط بن أنِيس، كان شريفاً جلداً. وهو الذي وثب على جهْم بن مُسلم النبطي وأحرق داره ونزعه من الكَنْدية، وشهد له من شهد أنه نبطّي.
149,165,1,وهؤلاء بنو الطمح بن الحارث,7,هؤُلاء بنو مَالِك بن الحَارِث، يقال لهم بنو هِنْد.
149,165,1,وهؤلاء بنو الطمح بن الحارث,8,وهؤُلاء بنو الطُّمَح بن الحَارِث
149,165,1,وهؤلاء بنو الطمح بن الحارث,9,وولد الطُّمَح بن الحَارِث: رَبِيعةَ، والحَارِث. منهم: عَبْد الرَّحمان بن الحَارِث بن مُحْرز بن مُرةَ بن شَماس بن جَفْنةَ بن الحَارِث بن الطُّمَح، شهد صِفين مع عَليّ بن أبي طالِب، وكان على شرطة الكوفة.
149,165,1,وهؤلاء بنو الطمح بن الحارث,10,وسَلَمةَ، وهو الحَارِث بن مسْعود بن خالِد بن أَصْرم، الذي تُنسب إلية الحرثيةَ.
150,166,1,وهؤلاء بنو حوت بن الحارث,1,وأيُوب بن عَامِر بن الأَسْود بن يَزِيد بن خالِد بن أَصْرم، الخَناق الذي كان يخنق الناس بالكوفة.
150,166,1,وهؤلاء بنو حوت بن الحارث,2,هؤُلاء بنو الطُّمَح بن الحَارِث
150,166,1,وهؤلاء بنو حوت بن الحارث,3,وهؤُلاء بنو حُوتِ بن الحَارِث
150,166,1,وهؤلاء بنو حوت بن الحارث,4,وَوَلد حُوتُ بن الحَارِث: مَالِكاً، وسَعْداً، وعَوْفاً، وعَامِراً.
150,166,1,وهؤلاء بنو حوت بن الحارث,5,منهم: عَمْرو بن عَبْد شَمْس بن سَعْد بن حُوتِ وهو أبو خَلاَّدٍ الشاعر الذي مدح حُجر بن سَعِيد الحَضْرمي في قوله: أَلمَّ بِمَسْجِدِ الأَنَسِ المُنْكَر وكان جاهلياً.
150,166,1,وهؤلاء بنو حوت بن الحارث,6,من ولده: الصَّلْتُ بن قَتَادة بن سَلَمةَ بن أبي خَلاَّدٍ، قتل يوم النهروان مع عَليّ بن أبي طالِب ﵇ .
150,166,1,وهؤلاء بنو حوت بن الحارث,7,وسُلِيمان بن يَزِيد بن شَرَاحَيْل بن مُعاوِيةَ بن عَمْرو بن عبْد شَمْس، وهو الذي لجأ إليه حُجْر بن عَدِيّ، وكان عل ميمنة المُختارِ.
150,166,1,وهؤلاء بنو حوت بن الحارث,8,والحَارِثُ بن زُرارَةَ بن مُعاوِيةَ بن مَالِك بن حُوتِ، قتل يوم عين الوردة مع التوابين.
151,167,1,وهؤلاء بنو ذهل بن معاوية,1,هؤُلاء بنو الحَارِثُ بن مُعاوِيةَ بن الحَارِث بن مُعاوِيةَ بن ثَوْرٍ.
151,167,1,وهؤلاء بنو ذهل بن معاوية,2,وهؤُلاء بنو ذُهْل بن مُعاوِيةَ
151,167,1,وهؤلاء بنو ذهل بن معاوية,3,وَولَدَ ذُهْل بن مُعاوِيةَ بن الحَارِث الأكبر بن مُعاوِيةَ بن ثَوْرٍ بن مُرْتع: إمرأ القَيْس، والسيحَان، وعَامِراً، والناجِيّ؛ أُمهم هِنْد بنت وَهْب بن الحَارِث.
151,167,1,وهؤلاء بنو ذهل بن معاوية,4,منهم قَيْس بن مُعاوِيةَ فارس العذراء، بن العَاتِك بن امرىْ القَيْس بن ذُهْل، جاهلي.
151,167,1,وهؤلاء بنو ذهل بن معاوية,5,والصَّلْتُ بن حُجْر بن النُعمَان بن عَمْرو بن عَرْفجة بن العَاتِك، كان في ألفين وخمس مائة من العطاء.
151,167,1,وهؤلاء بنو ذهل بن معاوية,6,وأبو حُجْر وفد مع أخوته: يَزِيد وعَلس ومَعْدان بني الحَارِث بن عَدِيّ بن عَوْف بن السيحَان بن ذُهْل؛ وهو الذي أبذر بني الحَارِث يوم صيفاه.
151,167,1,وهؤلاء بنو ذهل بن معاوية,7,وأبنه النُعمَان، صحب عَليّ بن أبي طالِب ﵇ .
151,167,1,وهؤلاء بنو ذهل بن معاوية,8,وعَمْرو بن عُوسجة بن عَدِيّ بن عَبْد المَلِك بن عَوْف بن السيحَان الشاعر الذي يقول:
151,167,1,وهؤلاء بنو ذهل بن معاوية,9,ومَالِكُ دَائِمٌ أَبَداً لِسّلْمى … وسَلْمَى غَيْر دَائِمَة الوِصَالِ
151,167,1,وهؤلاء بنو ذهل بن معاوية,10,وخَالِد بن نَهِيك بن قَيْس بن عَمْرو بن مُعاوِية بن العَاتِك، ولي حضرَموْت.
152,168,1,وهؤلاء بنو عمرو بن معاوية,1,ومُحمَد بن حُجْر بن قَيْس بن مَعْدي كَرِب بن العَاتِك، ولي سجِستان.
152,168,1,وهؤلاء بنو عمرو بن معاوية,2,هؤُلاء بنو ذُهْل بن مُعاوِيةَ.
152,168,1,وهؤلاء بنو عمرو بن معاوية,3,وهؤُلاء بنو عَمْرو بن مُعاوِيةَ
152,168,1,وهؤلاء بنو عمرو بن معاوية,4,وولَدَ عَمْرو بن مُعاوِيةَ: حُجْراً، وهو آكل المُرار، والحَارِث، وهو الوَلادةَ، وأمرأ القِيْس، وهو أبو بني تَمْلك، ومُعاوِيةَ، وهو أبو بني حسّان كانت لهم بقية بالشام ثم هلكوا بها؛ أُمهم هِنْد بنت وَهْب بن الحَارِث الأكبر بن مُعاوِيةَ بن ثَوْرٍ.
152,168,1,وهؤلاء بنو عمرو بن معاوية,5,فَوَلد حُجْر آكل المُرار بن عَمْرو: عَمْراً، وهو المقصور، لأنه أقتصر على مُلك أبيه ولم يعده. ومُعاوِيةَ، وهو الجون كان شديد السواد، لهِنْد بنت ظَالِم بن وَهْب بن الحَارِث بن مُعاوِيةَ بن ثَوْرٍ.
152,168,1,وهؤلاء بنو عمرو بن معاوية,6,فَوَلد عَمْرو بن آكل المُرار: الحَارِث، وهو الملِكُ، مَلَك مَعَداً ستين
153,169,1,وهؤلاء بنو عمرو بن معاوية,1,سنة؛ أُمه: أم أُناس بنت عَوْف بن مُلَحم بن ذُهْل بن شَيبان، وامها أُمَامة بنت كَبْش بن كًعْب بن زُهِير التغلُبي. وسُميت أن أم أُناس أن عَوفاً أمر بها أن توأدها فقيل وأدتها، قالت قد فعلت، وربتها حتى أدركت، فنظر إليها عَوْف يوماً مقبلة فأعجبه شأنها فقال: من هذه يا أُمامة؛ فقالت: وصيفة لنا، ثم قالت: أيسُرك أنها ابنتك؛ قال: وكيف لي بذاك؛ قالت: فإنها التي كنت أمرت بدفنها؛ قال: دعيها فلعلها تلد أُناساً سميت أم أُناس؛ فولدت الحَارِث ولم تلد غيره.
153,169,1,وهؤلاء بنو عمرو بن معاوية,2,وآمرأ القَيْس بن عَمْرو بن حُجْر؛ أمه كَبْشة بنت امرئ القَيْس بن عَمْرو بن مُعاوِيةَ بها يُعرفون.
153,169,1,وهؤلاء بنو عمرو بن معاوية,3,وأبا كَرِب، ومَعدِي كَرِب، للمسك بنت مُجمع بن وَهْب بن الحَارِث بن مَعاوِيةَ.
153,169,1,وهؤلاء بنو عمرو بن معاوية,4,فمن بني الحَارِث بن عَمْرو: حُجْر بن الحَارِث ملك بني أسد وكَنانة.
153,169,1,وهؤلاء بنو عمرو بن معاوية,5,وشُرَحْبِيل قتيل الكُلاب، ملك بني تميم والربَاب.
153,169,1,وهؤلاء بنو عمرو بن معاوية,6,وسَلمةَ ملك بني تَغْلُب وبَكْراً.
153,169,1,وهؤلاء بنو عمرو بن معاوية,7,ومَعدِي كَرِب، يقال له غلفاء، لأنه أول من غلف بالمِسك اصحابه،
154,170,1,وهؤلاء بنو عمرو بن معاوية,1,ملك قَيْس عَيْلان.
154,170,1,وهؤلاء بنو عمرو بن معاوية,2,وقَيْس بن الحَارِث، كان سيارةَ فأيُما قوم نزل بهم فهو ملكهم.
154,170,1,وهؤلاء بنو عمرو بن معاوية,3,فَوَلد حُجْربن الحَارِث: آمرأ القَيْس الشاعر؛ أُمه زينبُ بنت يَزِيد بن آمرئ القَيْس بن عَمْرو المقصور من ولد شُرَحْبِيل بن الحَارِث: أبو الخير بن عَمْرو بن يَزِيد بن شُرَحْبِيل، الذي سمته الفُرس، وذهب إلى كسرى يستجيشه على بني مُعاوِيةَ.
154,170,1,وهؤلاء بنو عمرو بن معاوية,4,ومن بني سَلَمة بن الحَارِث: عَمْرو، وهو ابن أبي كَرِب بن قَيْس بن سَلَمة؛ وعَمْرو، وهو أقحل بن أبي كَرِب بن قَيْس بن سَلَمة، وهو الذي أدخل كِنْدة حضرَموْت من الغَمْر.
154,170,1,وهؤلاء بنو عمرو بن معاوية,5,والغَمْر موضع يقال له غَمْر ذي كَنْدة قريباً من مكة.
154,170,1,وهؤلاء بنو عمرو بن معاوية,6,يسكنون مصر، والبصرة من ولدَ سَلَمةَ بنو مَالِك بن سَلَمةَ مع أخوالهم من ضبةَ.
154,170,1,وهؤلاء بنو عمرو بن معاوية,7,منهم: العلَاءُ بن شَمِر بن الحَارِث بن مَالِك، وهو الذي دخل مع غَيلان
155,171,1,وهؤلاء بنو عمرو بن معاوية,1,ابن خرْشةَ بن عَمْرو بن ضِرار الضَبّيّ على عُبَيد الله بن زِياد فقال: مَنْ هَذَا مَعَكَ يا غَيلَان؛ فقال هَذَا رَبّي في الجاهلية، وحليفي في الاسلام.
155,171,1,وهؤلاء بنو عمرو بن معاوية,2,وكانت أُمُ مَالِكٍ: هِنْد بنت مَعَالةَ من الانْصار، وأخوه لأمه عَمْرو بن ضِرار بن عَمْرو الضَبّيّ.
155,171,1,وهؤلاء بنو عمرو بن معاوية,3,ومن بني امرئ القَيْس بن عَمْرو: المَقصور.
155,171,1,وهؤلاء بنو عمرو بن معاوية,4,والنُعمَان بن يَزِيد بن شُرَحِبِيل بن يَزِيد بن امرئ القَيْس بن عَمْرو، وهو ذو النمرق، وهو خال الأَشَعْث بن قيس، وفد على النبي ﷺ .
155,171,1,وهؤلاء بنو عمرو بن معاوية,5,وبنو مَسْروق بن مَعْدان بن المَرْزبان بن النُعمَان بن امرئ القَيْس بن عَمْرو بن المَقصُور، وهم بالكوفة.
155,171,1,وهؤلاء بنو عمرو بن معاوية,6,وأما حُجْر بن عَمْرو بن حُجْر آكل المُرار فإنهم يُدعون بني مَلَعَقةَ بالشام؛ وهم بالشام نُسبوا إلى أم لهم يقال لها مَلَعَقةَ.
155,171,1,وهؤلاء بنو عمرو بن معاوية,7,ومن بني الجَوْن بن آكل المُرار: حسَّان بن عَمْرو بن الجَوْن الذي كان على بني تميم يوم جَبَلة.
155,171,1,وهؤلاء بنو عمرو بن معاوية,8,ومُعاوِية بن شُرَحْبِيل بن أخضْر بن الجَوْن، كان مع عَامِرِ يوم جَبَلة، وهما الجونان قُتلا يوم جَبَلة.
155,171,1,وهؤلاء بنو عمرو بن معاوية,9,وبنو صالح بن الحَارِث بن مُعاوِية بن شُرَحْبِيل بن النُعمَان بن عَمْرو بن
156,172,1,وهؤلاء بنو الحارث الولادة,1,الجَوْن قضاة حِمص؛ وقد قضى منهم غير واحد بالكوفةٍ من بني الجَوْن.
156,172,1,وهؤلاء بنو الحارث الولادة,2,وأسْماء بنت عَمْرو بن الحَارِث بن شَرَاحِيْل التي تزوجها النبي ﷺ فاستعاذت منه فأعاذها.
156,172,1,وهؤلاء بنو الحارث الولادة,3,هؤُلاء بنو آكل المُرار.
156,172,1,وهؤلاء بنو الحارث الولادة,4,وهؤُلاء بنو الحَارِث الولاَّدَة
156,172,1,وهؤلاء بنو الحارث الولادة,5,وولَد الحَارِث الولاَّدَة بن عَمْرو بن مُعاوِية: عَبْد الله، وهو الشَّيطان؛ وفدوا على النبي ﷺ فقال: مَنْ أَنتُم؛ فقالوا نَحنُ بنوالشَّيطان؛ فقال: أَنتُم بنوعَبْد الله. فبعضهم يقول بنو الشَّيطان، وبعضهم يقول بنوعَبْد الله. ووَهْباً؛ أُمهما: مَازِنةَ، وهي القائِلة، بنت آمرِئ القَيْس بن كَعْب بن عَمْرو مُزيْقياً.
156,172,1,وهؤلاء بنو الحارث الولادة,6,وحُجْر القَرد، وإنما سُميَ القَرِد لِندّاه وجُهوده بلُغتهم، وأهل اليمن
157,173,1,وهؤلاء بنو الحارث الولادة,1,يقولون: الجَواد القَرِد، بطن.
157,173,1,وهؤلاء بنو الحارث الولادة,2,ومُعاوِية، وهو مقطع النُجّد، سُمي بذلك لأنه كان لا يتقلد معه أحد سيفاً إلا قطع نجاد سيفه، بطن باليمن؛ أُمهم لميِس بنت أُخت القائِلة بها يُعرفون.
157,173,1,وهؤلاء بنو الحارث الولادة,3,ورَبِيعة، وهو المُسبح، بطن باليمن.
157,173,1,وهؤلاء بنو الحارث الولادة,4,وعَمْرو ولَميس، أُمهما: لَميس بنت عَمْرو بن وَهْب بن الحَارِث بن مُعاوِية.
157,173,1,وهؤلاء بنو الحارث الولادة,5,وسَلَمَة بطن، أُمه فاطِمة بنت العَاتِك بن مُعاوِية.
157,173,1,وهؤلاء بنو الحارث الولادة,6,فمن بني عَبْد الله: أبو هُني الشاعر القائل لِقَيْس بن مَعْدِي كَرِب حين تزوج هِنْد بنت شُرَحْبِيل بن يَزِيد بن شُرَحْبِيل، قتيل الكُلاب. واسُم أبي هُني مَسْروق بن مَعْدي كَرِب بن ثُمَامة بن الأَسْود بن مَعْدي كَرِب، الذي يقول:
157,173,1,وهؤلاء بنو الحارث الولادة,7,بِبَابِ الحَارِثِ المَلِكِ بن عَمْرٍو … نُخبرُها ونَنكَحُ في دارها
157,173,1,وهؤلاء بنو الحارث الولادة,8,وهو الذي يقول:
157,173,1,وهؤلاء بنو الحارث الولادة,9,أَطَعْنَا رَسولَ اللهِ إِذ كانَ بَينَنا … فَيَا عَجَباً ما بَالُ مُلْكِ أَبي بَكْرِ
158,174,1,وهؤلاء بنو الحارث الولادة,1,ومُحَمدُ وهو الشاعر، وهو المُقنعُ بن عَمِيرة بن أبي شَمَر بن فرَعْان بن قَيْس بن الأَسوَد بن عَبْد الله كان الدهر مُقنعاً.
158,174,1,وهؤلاء بنو الحارث الولادة,2,وسعِيْدُ بن ثُمَامة بن الأَسَود، حليف بني عَبْد شَمْس من ولده: السَّائب بن يَزِيد الفقيه بن سَعِيد الذي يقال له أبن أُخت نَمِر، وهم بالمدينة لا يُعرفون إلا بذلِك.
158,174,1,وهؤلاء بنو الحارث الولادة,3,والنَمِرُ حَضْرمي، قال غيره: النَّمِر من قُريش من بني عَامِر بن لُؤَي.
158,174,1,وهؤلاء بنو الحارث الولادة,4,وعَبْدُ اللهِ، وهو طالِب الحقّ بن يَحيى بن عَمْرو بن شُرَحْبِيل بن عَمْرو بن الأَسَود، وهو الخارجيّ، صاحب يوم قُديد، وكان أعْور وهو القائل:
158,174,1,وهؤلاء بنو الحارث الولادة,5,أَضرِبُ قَومَاً حَبِطَتْ أَعمَالُهم … اللهُ مَوْلَانَا وَلَا مَوْلى لَهُم
159,175,1,وهؤلاء بنو الحارث الولادة,1,وجَبَلَةَ بن مَخْرمَة بن شُرَحْبِيل بن الأَسَود بن هَاني بن الأَرْقم بن عَبْدُ اللهِ، كان على ميمنة مَسْلَمة يوم قتل يَزِيد بن المُهَلب.
159,175,1,وهؤلاء بنو الحارث الولادة,2,وبنو نَهْيك بن حَسّان بن الأَرْقم بحضْرموت، وهم الذي ورثوا إبراهِيم بن جَبَلَةَ، وكان إبراهِيم بن جبَلَةَ. قد ولي حضْرموت لأبي جَعْفر، قد رأيته.
159,175,1,وهؤلاء بنو الحارث الولادة,3,ومن بني القائلة: سَعيد بن عَمْرو بن النُعمَان بن وَهْب بن الحَارِث بن الوَلَادة، القتيل يوم صيفاه.
159,175,1,وهؤلاء بنو الحارث الولادة,4,والجَزْل بن سَعيد، اسمه عُثمان بن سَعيد بن شُرَحْبِيل بن عَمْرو بن الأرْقم بن سَلَمَة بن وَهْب، كان ممن بعثه الحَجاج إلى شَبِيب، وفيه يقول بعض الكِنْديين:
159,175,1,وهؤلاء بنو الحارث الولادة,5,جَاءوا بِشَيخِهُمُ وجِئنَا بِالجَزلْ … شَيْخٌ إِذا ما نَزَلَ النَّاسُ نَزَل
159,175,1,وهؤلاء بنو الحارث الولادة,6,ومن حُجْر القَرد بن الحَارِث: مِخْوس، ومِشْرح وجَمْد، وأَبْضَعَه، بنو مَعْدي كَرِب بن وَلِيعة بن شُرَحْبِيل بن حُجْر القَرد، وهم المُلوك الأربعة، كانوا قد وفدوا على النبي ﷺ . ثم ارتدوا فقتلوا يوم النُجير، وسُموا ملوكا لأنه كان لكل واحدٍ منهم وادٍ يملكه بما فيه.
159,175,1,وهؤلاء بنو الحارث الولادة,7,ومنهم: زُرعة بنت مِشْرح، وهي أم عليّ بن عَبْدُ الله بن عَبّاس.
160,176,1,وهؤلاء بنو أمرئ القيس بن عمرو,1,ومَسْروق بن الحَالَتي بن مَعْدِ كَرِب، قتل يوم النُجير، ولهم تقول النائجة:
160,176,1,وهؤلاء بنو أمرئ القيس بن عمرو,2,يا عَيْنُ إِبْكي المُلُوكَ الأَرْبَعَة … مِخْوس ومِشْرح وجَمْد وأَبْضَعَه
160,176,1,وهؤلاء بنو أمرئ القيس بن عمرو,3,والحَالَتِي ابني لِزَادِعَه ومنهم: إسحَاق بن مُعاوِيَة بن عُمِيرة بن مِخْوس.
160,176,1,وهؤلاء بنو أمرئ القيس بن عمرو,4,وقَيْس بن وَلِيعة بن ميْسرة بن قَيْس بن مِخْوس، كان في صُحابة أبي جَعْفر.
160,176,1,وهؤلاء بنو أمرئ القيس بن عمرو,5,وكَثِير، وزبيدُ، وعَبْد الرَّحمان، والصَّلْت بني مَعْدي كَرِب بن وَلِيعة يسكنون المدينة.
160,176,1,وهؤلاء بنو أمرئ القيس بن عمرو,6,ومن بني مُقطع النُجُد: شُرَحْبِيل، وهو حِداءُ بن جَهم بن حُجْر بن وَهْب بن عَمْرو بن مُقطع النُجُد، كان شريفاً بحضَرْموت.
160,176,1,وهؤلاء بنو أمرئ القيس بن عمرو,7,هؤُلاء بنو الحَارِث الولاَّدة.
160,176,1,وهؤلاء بنو أمرئ القيس بن عمرو,8,وهؤُلاء بنو أمرئ القَيْس بن عَمْرو
160,176,1,وهؤلاء بنو أمرئ القيس بن عمرو,9,وَوَلَد أمرؤ القَيْس بن عَمْرو بن مُعاوِية: السِّمْط أُمه تَمْلك بنت عَمْرو بن رَبِيعة بن زَبيد من مَذْحج.
160,176,1,وهؤلاء بنو أمرئ القيس بن عمرو,10,منهم: أمرؤ القَيْس بن عَابِس بن المُنذِر بن أمرئ القَيْس الشاعر، وَلَمْ
161,177,1,وهؤلاء بنو معاوية بن عمرو بن معاوية,1,يكن فيمن ارتَدَّ ومنهم: امْرؤ القَيْس بن المُنذر بن امْرئ القَيْس الذي يقول له امْرؤ القَيْس بن حُجر، وكان مع امْرِئ القَيْس لم يفارقه بالرُّوم:
161,177,1,وهؤلاء بنو معاوية بن عمرو بن معاوية,2,أَلاهَلْ أَتَاها والحَوادِث جَمَّةُ … بأَنَّ آمْرِأ القَيْسِ بن تَملِك بَيْقَرا
161,177,1,وهؤلاء بنو معاوية بن عمرو بن معاوية,3,وقَيْس ذو الاثباب بن مَعْدي كَرِب بن عَمْرو بن السَّمطِ كان شريفا.
161,177,1,وهؤلاء بنو معاوية بن عمرو بن معاوية,4,ورَجَاء بن حَيوة بن خَنْزَل بن الاحَنَف بن السَّمط الفقيه الذي أوصَى اليه سُليماُن بن عَبد المَلك بخلافة عُمْرو بن عبَد العَزيز بن مَروان بن الحَكَم بن العَاص.
161,177,1,وهؤلاء بنو معاوية بن عمرو بن معاوية,5,هَؤلاء بنو أمْرِئ القَيْس بن مُعَاوية.
161,177,1,وهؤلاء بنو معاوية بن عمرو بن معاوية,6,وهؤلاء بنو مُعَاوية بن عَمْرو بن مُعَاوية
161,177,1,وهؤلاء بنو معاوية بن عمرو بن معاوية,7,وولد مُعاوية بن عَمْرو بن مُعَاوية: حَسَّاناً، دَرَجوا وكانوا بالشام.
162,178,1,وهؤلاء بنو بداء بن الحارث بن معاوية,1,هؤلاء بنو مُعَاوية بن الحَارث بن مُعَاوية بن ثَوْر.
162,178,1,وهؤلاء بنو بداء بن الحارث بن معاوية,2,وهؤلاء بَنو بَداء بن الحَارِث بن مُعَاوية
162,178,1,وهؤلاء بنو بداء بن الحارث بن معاوية,3,وولد بَدّاء بن الحَارث بن مُعَاوية بن ثَوْر: الحَارث، وعَوْفاً، ومَالكاً، أمهم منْ آل ذِي يَزَن من حِمير، ونَابتاً وهم بالبصرة.
162,178,1,وهؤلاء بنو بداء بن الحارث بن معاوية,4,فمن بني الحَارث بن بَدّاء: ذو العَينين، وهو مُعَاوية بن مَالك بن الحَارث بن بَدّاء وهو بيتهم.
162,178,1,وهؤلاء بنو بداء بن الحارث بن معاوية,5,منْ ولده: حُجْر بن عَوضَة بن حُجْر بن مَالك بن ذِي العَيْنين، الذي تصدق بماله يوم عَيْن الوَرْدة.
162,178,1,وهؤلاء بنو بداء بن الحارث بن معاوية,6,وقَيْس بن فَهدان بن سَلَمَة بن عَمْرو بن جَابر بن مَالك بن بَدّاء بن الحَارِث بن بَدّاء الشاعر الذي يقول:
162,178,1,وهؤلاء بنو بداء بن الحارث بن معاوية,7,وَقَدْ عَلِمَتْ عَكُّ بِصِفَّينَ أَنَّنا … إِذا التَقَتْ الخَيْلَان نَطَعنُها شَزْرا
162,178,1,وهؤلاء بنو بداء بن الحارث بن معاوية,8,ونَحْمِلُ رَايَاتِ السَّماحَةِ والنَّدى … فَنُورِدُها بِيضاً ونُصْدِرُها حُمْرا
162,178,1,وهؤلاء بنو بداء بن الحارث بن معاوية,9,وهو الذي يقول يرثي حُجْر بن عَديٍّ حيث يقول:
162,178,1,وهؤلاء بنو بداء بن الحارث بن معاوية,10,طَافَتْ جِمَال بِأَرْجُلِ السَفْرِ … أَسْرَتْ إِليَّ وَلَمْ تَكُنْ تَسْرِي
163,179,1,وهؤلاء بنو بداء بن الحارث بن معاوية,1,وقَيْس بن سُمَيّ بن سَلَمَةَ، وقتل مع حُجر بن عَدِيّ.
163,179,1,وهؤلاء بنو بداء بن الحارث بن معاوية,2,وعُبيدةُ بن عَمْرو بن الاشْتَر بن شُرَعة بن مَالك بن بَدّاء الشاعر. وكانا في زمن زِياد أَبي سُفْيان.
163,179,1,وهؤلاء بنو بداء بن الحارث بن معاوية,3,وخُدَيج بن الاسْودِ بن سَلَمَةَ بن عَمْرو بن جَابر بن مَالك، شَهِدَ النَّهْروان مع عَليّ أبي طَالب، ﵇ .
163,179,1,وهؤلاء بنو بداء بن الحارث بن معاوية,4,وابنهُ جَرير بن خُدَيج، وَلي قضاء الانبار.
163,179,1,وهؤلاء بنو بداء بن الحارث بن معاوية,5,وعُبَيدة الذي رثى الحُسَين بن عَليّ فقال:
163,179,1,وهؤلاء بنو بداء بن الحارث بن معاوية,6,تَدَاعَتْ عَلَيْهِ من تَمِيمٍ عِصَابَةٌ … وآشِرَة تَنبُو من كِلابٍ عن عامرِ
163,179,1,وهؤلاء بنو بداء بن الحارث بن معاوية,7,وأبو الزَّعْراء الفقيه، وهو عبد الله بن هَانئ بن عَلْقَمَةَ بن أَرْطَاة بن هُذَيْم بن سَلَمَةَ بن بَدّاء بن الحَارِث بن بَدّاء شَهِدَ صفين مع عليّ ﵇ .
163,179,1,وهؤلاء بنو بداء بن الحارث بن معاوية,8,هؤلاء بَنو بَدّاء الحَارِث بن بَدّاء.
164,180,1,وهؤلاء بنو وهب بن الحارث بن معاوية,1,وهؤُلاءِ بَنو وهْب بن الحارث بن مُعاويةَ
164,180,1,وهؤلاء بنو وهب بن الحارث بن معاوية,2,وولدَ وهبُ بن الحَارث بن مُعاوية بن ثَور: المُجَمَّع، والأرثَ، وظالماً، ورَبعَةَ، وعبد اللهِ، وعَمْراً.
164,180,1,وهؤلاء بنو وهب بن الحارث بن معاوية,3,منهم: المِقدامُ بن مَعْدي كَربَ بن عمرو بن يَزيد بن مَعْدي كَرب بن سيَّار بن عبد اللهِ بن وهْب، وفد على النبي ﷺ وأقَامَ بالمدِينة أربَعيَن يَوماً ثُمَّ هَلَكَ.
164,180,1,وهؤلاء بنو وهب بن الحارث بن معاوية,4,وعبْدُ الرَّحمَانِ بن مُسلَم بن العَدَّاء بن قيْس بن وبَرَة بن قيْس بن مالكَ بن امرِئ القيْس بن رَبيعةَ بن وهْب، وكان قَدمَ على الحَجاجِ فَولاَّهُ عملاً، وليسَ بالكُوفة أحد منْ بني وهْب غْير بني العَّداء، وسائُرهم باليمنِ والشَّام.
164,180,1,وهؤلاء بنو وهب بن الحارث بن معاوية,5,هَؤلاء بَنو وهْب بن الحَارث.
164,180,1,وهؤلاء بنو وهب بن الحارث بن معاوية,6,وهَؤُلاء بَنو ثَور بن مُرتع بن مُعاوية بن كِنْدة
164,180,1,وهؤلاء بنو وهب بن الحارث بن معاوية,7,وولدَ الرّائشُ بن الحَارث بن مُعاوية بن ثَور: عَامراً، وضَمرةَ، وزيْداً وزيْد مَنَاة، وفُرسان.
164,180,1,وهؤلاء بنو وهب بن الحارث بن معاوية,8,منهم: شُريْح بن الحارث بن قيْس بن جهْم بن مُعاوية بن عَامر بن الرَّائش القَاضي، وليس بالكوفَةِ غَيْرهم.
165,181,1,وهؤلاء بنو أشرس بن كندة,1,هؤلاء بَنو ثَور بن مُرْتع بن مُعاويَة بن كِنْدةَ
165,181,1,وهؤلاء بنو أشرس بن كندة,2,وهؤُلاء بَنو أشرس بن كِنْدةَ
165,181,1,وهؤلاء بنو أشرس بن كندة,3,وولدَ أشْرس بن كِنْدةَ، واسْمُهُ سكن: السَّكُونَ، والسَّكاسك، وأمّهُما: قطعةُ بنت الجمَاهِر بن الأشْعَر.
165,181,1,وهؤلاء بنو أشرس بن كندة,4,فولدّ السّكونُ بن أشرس: عُقْبةَ، وشبِياً، وأمهما: أسْمَاءُ بنت مُرتْع.
165,181,1,وهؤلاء بنو أشرس بن كندة,5,فولد شَبيبُ بن السَّكون: أَشْرَسَ، وشُكَامة.
165,181,1,وهؤلاء بنو أشرس بن كندة,6,فولد أَشْرسُ بن شَبيب: عَدّياً، وسَعْداً، امهما تجيب بنت ثَوبَان بن سُلَيم بن ذُهْل منْ مَذْحج، إليها يُنسبون.
165,181,1,وهؤلاء بنو أشرس بن كندة,7,فولد عَديّ بن أَشرَس: سَوْماً، بطن، وعَامراً بطنن وأَداة، بطن، وأَندى، بطن.
165,181,1,وهؤلاء بنو أشرس بن كندة,8,فَمن بني سَوْم: رَبيعَة بن عبد الله بن رَبيعَة بن سَلَمَةَ بن الحَارِث بن سَوْم، وهو ابن غَزَالة الشَّاعر.
165,181,1,وهؤلاء بنو أشرس بن كندة,9,والضَّحَاك بن قَيْس بن النُّعمان بن الحَوْثَرة بن عبد عَمْرو بن أبي الفَيضِ بن قَيْس بن الحَارِث، زعموا انه لم يكذب قط، وقتل بالسند مع الحَكَمِ بن عَوَانَةَ الكَلبيَّ، وكان على روابط السَّند، ويزيد بن دُرْجٍ الشَّاعر.
166,182,1,وهؤلاء بنو أشرس بن كندة,1,وقَيسَبة جَاهلي إسلامي، وحَارثة ابنا كُلْثُوم بن حُباشَةَ بن عَمْرو بن هِدّم بن عَامر بن خَوْلي بن وَائل بن سُوم، شَاعران.
166,182,1,وهؤلاء بنو أشرس بن كندة,2,وشَريك بن أَبي الاعْقل الشاعر.
166,182,1,وهؤلاء بنو أشرس بن كندة,3,وعَائِشَة بن مَالك بن ذي الوِشَاح، كان شريفاَ. وهو حيث يقول شَرِيك حيث أَجَار غير ثقِيف حيث اخذها قَيْسبة بن كُلْثوم السَوْميّ:
166,182,1,وهؤلاء بنو أشرس بن كندة,4,ظَنَّتْ ثَقِيفٌ بأَني غَيْر مُصدِرها … إن الرعَا كيفَ مِنهَا اللَّوم والزَّهَدُ
166,182,1,وهؤلاء بنو أشرس بن كندة,5,إِنَّي لأَصدرُهُم طَوْراً وأورِدُهم رَيّاً … أَمنَعُ جِيرَاني كَما وَرَدوا
166,182,1,وهؤلاء بنو أشرس بن كندة,6,أَحْمِي ذِمَاراً وعِرْضاً لَمْ يَكنْ دَنِسَاإِذْ لَمْ يُجَر مِخْوِسُ مِنَّي ولا جَمَدُ
166,182,1,وهؤلاء بنو أشرس بن كندة,7,بنَي أَبي الأَعْقَلِ المَعْرُوف نِسبَته … وبَينَ عَائِشَةَ الحَبْل الذي عَقَدوا
166,182,1,وهؤلاء بنو أشرس بن كندة,8,ومنهم: مَرْثد بن عبد الله بن مُجَالدِ بن يَزِيد بن حَنْظلَةَ بن عَوْف بن أَبْذي بن عَدِيّ، وَفَدَ إلى النَّبيَّ ﷺ .
166,182,1,وهؤلاء بنو أشرس بن كندة,9,وولد سَعْد بن أَشْرسَ بن شَبِيب بن السَّكون بن أشْرسَ بن كِندةَ: أُسامَة، والأعْجَمَ، وايدَعَان، مُعَاوية، والأواب، وعبد الله، ونَصْراً، وعَضَاة فولد أسَامة بن سَعد: جَعْفراً.
167,183,1,وهؤلاء بنو أشرس بن كندة,1,فولد مُعَاويَةَ بن جَعْفَر: عبد شَمْس، ومجلَاةَ، وسَعْداً، وهَاجِرَ، وخَلَاوَةَ.
167,183,1,وهؤلاء بنو أشرس بن كندة,2,فولد عَبْد شَمْس بن مُعَاوية: حَارثَةَ، وسَعْداً، ومَالكاً.
167,183,1,وهؤلاء بنو أشرس بن كندة,3,فولد حَارثَة بن عبد شَمْس: قُتَيْرَةَ، والنَبْتَ، وابن قَنَانٍ.
167,183,1,وهؤلاء بنو أشرس بن كندة,4,منهم: حُدَيْج بن جَفْنَةَ بن قُتْيَرَةَ بن حَارثَة بن عبد شَمْس بن مُعَاوية بن جَعْفر بن أسَامَةَ بن سَعد بن أشْرَس، وقد رأس، واجتمعت عليه السّكَوُن.
167,183,1,وهؤلاء بنو أشرس بن كندة,5,وانبه مُعَاوية بن حُدَيج، الذي قتل محمد بن ابي بَكْر الصِّدِّيق، ولهم شَرَف عظيم بمصْرَ.
167,183,1,وهؤلاء بنو أشرس بن كندة,6,وكان جفْنَة قتلتهُ بنَو نهْدٍ، وكان أخذ أسيراً فجنبُ يوماً وبعض آخرً ثُم نزلوا، فقال: إسقُوني، فأتوُه بغُلية فيها ماء، فقالَ: واللهِ لوْ خرجت نفسي ما شربتُ في غُلية، فملؤها ثم وضعوها منهُ أياماً فلْم يشرب منها حتَّى مات: فقالت النَّائحةُ تبكيه:
167,183,1,وهؤلاء بنو أشرس بن كندة,7,ألا سَقَيْتم بَني نَهْدِ أَسيرَكُمُ … وَقَدْ يُمَنُ على الأسْرى وَقَدْ يَسَعُ
167,183,1,وهؤلاء بنو أشرس بن كندة,8,يافَارِساً ما قَتَلْتم غَيْر جَفَنَتِهِ … ولَا هَيوب إذا ما حَدَّقَ القَزَعُ
167,183,1,وهؤلاء بنو أشرس بن كندة,9,وقالَ في ذلكَ ابن عَجْلان النَّهديَ:
167,183,1,وهؤلاء بنو أشرس بن كندة,10,تَرَكْنَا جَفْنَةَ الكِنْدِيّ تَسْفِي … عَليهِ المُعْصَفَاتِ مِنْ الرَّيَاحِ
168,184,1,وهؤلاء بنو أشرس بن كندة,1,زيادُ بن حَارثة بن عوْف بن قُتيرةَ وهو ابن هنْدابةِ، وكان فارساً، وهو الذي أسَر حُصين ذا الغُصةِ الحارِثيّ، أسرهُ مرِّتين، فكانَ يقولُ: لوُ أرسلتُ فَرسيَ أزاهيق عَائرة أسرتْ الحُصيْن، وقال:
168,184,1,وهؤلاء بنو أشرس بن كندة,2,نَاصِيَةَ الحُصَيْنِ بسْتِ الأسْفَرْ … لِكُلِّ يَوْم فَارِس تُويَسَّرْ
168,184,1,وهؤلاء بنو أشرس بن كندة,3,وكُلُّ يَوم نِعمَتي تُكَفَّرْ وحُويةُ بن الروّاعِ.
168,184,1,وهؤلاء بنو أشرس بن كندة,4,وعوفُ بن قُتيرة، كان على السّكون يوْم نجباه، وقعهَ بين السكْون وبني مُعاويَة، يوْمُ مشهُور، يوْم اقتتلتْ بنو مُعاويَة والسكْون ولهُ يقولُ النجاشيُ:
168,184,1,وهؤلاء بنو أشرس بن كندة,5,نُبئتُ حارثَة الكنْدي أوعَدني … بحضرَموْت وأنَّى مِنْكَ إبعَادِي
168,184,1,وهؤلاء بنو أشرس بن كندة,6,وحثويةَ بن حَيوَة بن حارثَة بن سَلمَة بن عوْف بن حارثَة بن قُتيْرة الشَّاعر.
168,184,1,وهؤلاء بنو أشرس بن كندة,7,وكنانَةُ بن بشْر بن عتَّاب بن عوْف بن حارثَة بن قُتيرةَ، الذي ضربَ عُثمان يوم الدَّارِ بالعمُود على رأسهِ، فقال الشَّاعرُ:
169,185,1,وهؤلاء بنو أشرس بن كندة,1,علاهُ بالعَمودِ أخُو تُجيبٍ … فأوْهى الرأسَ منهَ والجبينَا
169,185,1,وهؤلاء بنو أشرس بن كندة,2,وإياهُ عنى الوليدُ بن عُقبة بن أبي مُعيطٍ في قَولهِ:
169,185,1,وهؤلاء بنو أشرس بن كندة,3,ألَا إنَّ خَيْرَ النَّاسِ بعْدَ ثلَاثَةٍ … قَتِيل التَّجيبيَّ الَّذي جَاء منْ مِصْرِ
169,185,1,وهؤلاء بنو أشرس بن كندة,4,قال غيرةَ: ليس كما قالّ في كنَانةَ بن بشْر كنانَة بن بِشْر منْ بني أيدَعَان، وهو كنانَة بن بشْر بن سلَمان بن عوف بن صَدَّاخ بن مالك بن سلمَة بن أيدعَان بن سعْد بن تُجيبٍ، وكان أبوه صاحبَ مرْتاع تُجيب.
169,185,1,وهؤلاء بنو أشرس بن كندة,5,ومنْ ولَدَ سعْد بن مُعاويةَ: حُسانُ بن عتاهيَة بن عبْد الرَّحمان بن عتَاهيَة بن حَرن بن سعْد، كان أميراً على مِصْر لمرْوان بن مُحمدٍ، وكان فقيهاً.
169,185,1,وهؤلاء بنو أشرس بن كندة,6,وولَدَ الأعجمُ بن سعْد: مَرثداً، وهو مُحرق، ومالكاً، وأسامَة، والمُصرَّمَ.
169,185,1,وهؤلاء بنو أشرس بن كندة,7,فولَدَ مرثدُ بن الأعجْمِ: مُرة ودُلفَ، وقيساً، والحارثَ.
170,186,1,وهؤلاء بنو أشرس بن كندة,1,فولد مُرَّة بن مَرْثد: سَلَمَةَ وسَيَّاراً؛ أُمُّهُم: دَرْرمكَةُ بنت عبد الله بن سَعْد بن مُرَّة بن ذُهْل بن شَيْبَان، بها يعرفون.
170,186,1,وهؤلاء بنو أشرس بن كندة,2,منهم: علي بن سَلَمَةَ بن مُرْة بن مَرْثَد بن الاعْجَم، كان من اصحاب عبد الله بن مَسْعَودٍ. وعمرو بن سَيَّار، وهو النيل الشاعر.
170,186,1,وهؤلاء بنو أشرس بن كندة,3,وأُسَيْر بن عُمْرو بن سَيَّار بن مُرَّة الفَقيه.
170,186,1,وهؤلاء بنو أشرس بن كندة,4,منهم: أَبو بِلال عَامر بن عُمْرو بن حَذَافَةَ بن عبد الله بن المُصَرَّم بن الاعْجَم بن سَعْد، صَحِبَ النبي ﷺ .
170,186,1,وهؤلاء بنو أشرس بن كندة,5,وولد شُكَامَة بن شَبيب: سَلَمَةَ، ورَبيعَة، ونَصْراً، امهم: غَاضِرة بنت مَالك بن ثَعْلَبَةَ بن دُودَان بن أسَد، فلما مات شُكَامَة انصرفت غَضِرَةُ إلى قومها بنصر وهو غلام وخلقت سَلَمَةَ ورَبيعَة في قومها بني ابيهما، فانتسب نَصْر في اسَد، فقيل: هو غَاضِرةُ بن مَالك، والله اعلم.
170,186,1,وهؤلاء بنو أشرس بن كندة,6,ولمَالك بن ثَعْلَبَةَ يومئذ ابن يقال له عَمْرو، ومَالك بن مَالك.
171,187,1,وهؤلاء بنو أشرس بن كندة,1,فولد سَلَمَةَ بن شُكَامَة: الحَارث، وعَوفاً، عَامِراً، وايمَةَ، امهم: زَائِدَة بنت سَبْرةَ بن عَبَّاد بن السَّكون.
171,187,1,وهؤلاء بنو أشرس بن كندة,2,فولد عَامر بن سَلَمَةَ: مُعَاوية: منهم: حُجَيَّة بن المُضَرَّب الشاعر.
171,187,1,وهؤلاء بنو أشرس بن كندة,3,ومَعْدَان بن جَوّاس بن فرْوةَ، الذي حَمل دمَ الرَّبيع بن زيَاد الكلْبي، قتلتْه بنو أبي ربيعَة في سُلطان عُثمان فقالَ:
171,187,1,وهؤلاء بنو أشرس بن كندة,4,تدَاَركتُ أَخْوَالي مِن المَوْتِ بَعْدَما … تَشَاوَوا وَدقوا بَينَهمُ عِطْرَ مَنْشَمِ
171,187,1,وهؤلاء بنو أشرس بن كندة,5,وعِدَادهم في بني أَبي رَبيعَة.
171,187,1,وهؤلاء بنو أشرس بن كندة,6,وَكُبَيْشُ بن اوس بن الحَارث بن مَعْدان بن المُضَرَّب فيهم ايضاً.
171,187,1,وهؤلاء بنو أشرس بن كندة,7,والمُنْذر بن المُضَربَّ.
171,187,1,وهؤلاء بنو أشرس بن كندة,8,وحُجَيَّة بن المُضَرَّبِ، الذي يقول:
171,187,1,وهؤلاء بنو أشرس بن كندة,9,فَلَا تَحْسَبِيِني بُلْدُماً إِنْ نَكَحتهِ … وَلكنَّنَي حُجَيَّةَ بن المُضَرَّبِ
171,187,1,وهؤلاء بنو أشرس بن كندة,10,في قصيدته التي يقول فيها:
172,188,1,وهؤلاء بنو أشرس بن كندة,1,أَخُوكَ الَّذي إِنْ تَدْعَهُ لِعَظِيمَةٍ … يُجِبْكَ وإِنْ تَغْضَبْ إِلى السَّيفِ يَغْضَبِ
172,188,1,وهؤلاء بنو أشرس بن كندة,2,وولد الحَارث بن سَلَمَةَ بن شُكَامَةَ: جِعْثَنَةَ.
172,188,1,وهؤلاء بنو أشرس بن كندة,3,منهم: الحُصَين بن نُمَيْرِ بن نَاتِل بن لَبِيدِ بن جِعْثِنَةن وكان سيداً.
172,188,1,وهؤلاء بنو أشرس بن كندة,4,وابنه يِزَيدُ بن الحُصَين، وَلَي حِمْص.
172,188,1,وهؤلاء بنو أشرس بن كندة,5,وابنه مُعَاوِية بن يَزِيد، وَلِيَ حَمْص.
172,188,1,وهؤلاء بنو أشرس بن كندة,6,وحُصَيْنُ الذي حرق البيت قبل الحَجَّاج أيام يَزيد بن مُعَاوية.
173,189,1,وهؤلاء بنو أشرس بن كندة,1,وولد رَبيَعة بن شُكَامَةَ: مُرَّة، وعَمْراً، امهما: دُرَّةُ بنت نَصْر بن رَبيعَةَ بن لَخْمٍ.
173,189,1,وهؤلاء بنو أشرس بن كندة,2,فولد عَمْرو بن رَبيعَةَ: مُلَيْحاً، والدَّيْل، ومُرَّاً، وصُبْحاً، وحَمَّاداً، والخًارِثَ.
173,189,1,وهؤلاء بنو أشرس بن كندة,3,منهم: أَزْهَر بن مِلْحَانَ بن هَانِئ بن الاسَودِ بن مَالك بن رَبيعَة بن مُلَيْح، كان فارساً، قتله الحَجَّاجُ.
173,189,1,وهؤلاء بنو أشرس بن كندة,4,ومَالك بن الشَّرْعَنِيّ بن الحُمَّرة بن مَالك بن جَنَابِ بن مَالك بن حَيْوَةَ بن عَتِيكٍ بن مُلَيْحٍ الشاعر.
173,189,1,وهؤلاء بنو أشرس بن كندة,5,وعُشَيُّ بن الخَارث بن حَيْوَةَ بن عَتِيكِ، قتيل النُّعَمان، منهم عَدَد ومن ولد عُشَيّ: حَفْصُ بن عَمْرو، ولي خلافة دَاود بن يَزيِد الجِسْرَ ببغداد.
173,189,1,وهؤلاء بنو أشرس بن كندة,6,والجَرَّاح بن المُسْتلّب بن نُمَيْر بن عَمْرو بن عبد الله بن الحَافِ بن سَابُرو بن أَنمَار بن عَشَيّ، قائد بخراسان.
173,189,1,وهؤلاء بنو أشرس بن كندة,7,وحَنْظَلَةُ بن مَرْثَد بن عُدَس بن عُبَيْد بن جَاوَةَ بن مَالك بن حَيْوَةَ الذي رَهَنَتْهُ السَّكون بِسَبّيِ بني تَغْلب حين نزلوا الحيرة، وله يقول قَيْسُ بن شِهَاب:
173,189,1,وهؤلاء بنو أشرس بن كندة,8,خَيْرُ غُلَامٍ كانَ في السَّكُونِ … حَنْطَلَةُ بن مَرْثَدِ المَرْهُونِ
173,189,1,وهؤلاء بنو أشرس بن كندة,9,وسَلَمَةَ بن صُبح بن عَمْرو رَبيَعة بن شُكَامَةَ. الشاعر الجاهلي، له اشعار كثيرة.
173,189,1,وهؤلاء بنو أشرس بن كندة,10,وحَيَّة بن عَاصم بن عَمِيَرة بن حُرَيث بن ارْقَم بن عبد يَغُوت بن ذريح بن جَاوَةَ بن مَالك الخَارجي، الذي خرج ايام أبي جَعْفَرٍ بالجَزِيرِة.
174,190,1,وهؤلاء بنو أشرس بن كندة,1,واكَيْدر، وبِشْر، وحُرَيثُ بنو عبد المَلكِ بن عبد الحَيّ بن أعْياَ بن الحارث بن مُعَاوية بن خَلَاوَةَ بن خَلَاوَةَ بن إيَامَةَ بن شُكَامَةَن صاحب دَومَةَ الجَنْدل، كان رسول الله ﷺ صَالَحَه على شَيء يوديه اليه ففعل، فلما قبض رسول الله ﷺ منع ذلك ابا بَكْر، فأخرج من جزيرة العرب من دومة ولحق بالجزيرة وابتنى بها بناءاً وسماه بِدُومِةَ الجَنْدل وقصته في كتب المغَازِي وكيف اخذه خالد بن الوليد، فلما قبض رسول الله ﷺ اجلي بعده إلى الجزيرة، فقال سُوَيدُ بن شَبيبٍ بن مَالك بن كَعب بن عُلَيم بن جَنَاب:
174,190,1,وهؤلاء بنو أشرس بن كندة,2,يَا مَنْ رَأَى ظَعْناً تُحَمَّل غُدْوَةً … منْ آلِ أَكْدَرَ سَحْره بِدَكينِ
174,190,1,وهؤلاء بنو أشرس بن كندة,3,قَد بُدَّلَتْ ظَعْناً بِطولِ إقامَةٍ … والسَيْرَ مِنْ قَصْرٍ أَشَمَّ حَصِينِ
174,190,1,وهؤلاء بنو أشرس بن كندة,4,وقال:
174,190,1,وهؤلاء بنو أشرس بن كندة,5,لا يَأمَنَنْ قَوْمٌ زَوَال جُدِودِهم … فَقَدْ زَال مِنْ جَنب ظِعانُ ابن أَكدر
174,190,1,وهؤلاء بنو أشرس بن كندة,6,فاما حسان بن عبد المَلكِ فقتل يوم أخذ أكيدِر عند باب الحُصْن.
174,190,1,وهؤلاء بنو أشرس بن كندة,7,وأما حُرَيْث بن عبد المِلك، فأسلم على ما في يده فسلم له، فكان حُرَيْثُ شَريفاً، وولده الجَنْدل لهم عَدَدُ.
174,190,1,وهؤلاء بنو أشرس بن كندة,8,وكان يَزيد بن مَعاوية متزوجاً بنته، وصاهر اليه أَشَرَافُ كَلْب.
174,190,1,وهؤلاء بنو أشرس بن كندة,9,واما بِشْر بن عبد المَلك فانه كان اكبر من أُكَيْدِر وهو الذي عمله اهل الانبار خطَّاً هذا الذي يسمى الجزْم، وهو كتاب العربية وكان اول
175,191,1,وهؤلاء بنو أشرس بن كندة,1,من كتبه قوم من طَيَّئ بِبقَّه، فعلموخ اهل الانبار فعلموه اهل الانبار اهل الحيرة.
175,191,1,وهؤلاء بنو أشرس بن كندة,2,وكان بِشْر بن عبد المَلك يأتي الحيرة بحال النصرانية فيقيم بها الدَهَر. فَتَعَلَّمه بِشْر بن عبد المَلك، ثم شَخَصَ إلى مكة في تجارةٍ فعلمه أبا سفيان بن حَرْب بن أُمَيَّةَ بن عبد شَمْس، وأبا قَيْس بن عبد مَنَاف بن زُهْرَةَ.
175,191,1,وهؤلاء بنو أشرس بن كندة,3,وتزوج الصَّهْبَاءَ بنت حَرْب أُمَيَّةَ يومئذ، فولدت له جَارِيَتَينِ، فتزوج
176,192,1,وهؤلاء بنو أشرس بن كندة,1,احدهما الخَ ارث بن عَمْرو بن حرجة الفَزَاري، فوادت له بنتاً فتزوجها مُعَاوية ابن سُكَين الفَزَارِي فولدت له هُبَيْرة فكان يقول ولدي كَرَم كثير دونه لوْم، يَعني بالكَرَم حَرْبَ بن أُمَيَّة، وباللُؤم بِشْر بن عبد المَلك.
176,192,1,وهؤلاء بنو أشرس بن كندة,2,ثم أَتى الطَائِفَ فعلمه غَيْلَانُ سَلَمَةَ الثَقَفيّ، ثم أتى بَادِيَة مُضَر فعلمه عُروَةَ بن زُرارَةَ الكاتب، ثم أَتى الشَّام فعلمهم.
176,192,1,وهؤلاء بنو أشرس بن كندة,3,وولد عُقْبَةُ بن السَّكونِ: ثَعْلبَةَ، وعِيَاضَاً، امهما: سَهْلَةٌ بنت أَفْصَى بن دُعْمِيّ بن جَدِيلَةَ بن أسَد بن رَبيعَة ابن نِزَار بن مَعَدِّ.
176,192,1,وهؤلاء بنو أشرس بن كندة,4,فولد عِيَّاضُ بن عُقَبَةَ: عِباداً، وهم عِبَادُ السَّكون، وهم بَطْن هَجَروا مع بني شَيبَان إلى الكوفة، ونُدَيَّةُ بن عِيَاضٍ.
176,192,1,وهؤلاء بنو أشرس بن كندة,5,فولد نُدَيَّةُ: سَبْرَةَ، وصُفَيَّاً، وهو قادح النار، وسُلَيْماً، امهم بنتالحَارِث بن سَلَمَةَ بن شُكامَةَ.
176,192,1,وهؤلاء بنو أشرس بن كندة,6,منهم: عُبَاَدَةَ بن نُسَيّ الفَقِيهن وكان من التابعين.
176,192,1,وهؤلاء بنو أشرس بن كندة,7,ويَزِيدُ بن سُلَيْم، اليه تنسب الخيل الفتية بالجزيرة.
176,192,1,وهؤلاء بنو أشرس بن كندة,8,فمن بني قادح النَّار: عَاصِم بن ابي بردعة بن حَسَّان بن عُبَيْد بن عَبَّاد بن حُذَيفَة بن حِذْيَم بن الحَارِث بن القَادِحِ، وَليَ الشُّرَطَ لأبي جَعْفَرِ المَنصُور.
177,193,1,وهؤلاء بنو أشرس بن كندة,1,وولد ثَعْلبَةَ بن عُقْبَةَ: بَكْراً، امه بَكْرَة بنت وائِل بن قَاسِط بها يعرفون.
177,193,1,وهؤلاء بنو أشرس بن كندة,2,ومُعاويَةَ، امه مَاوِيَة بنت وائِل بها يعرفون.
177,193,1,وهؤلاء بنو أشرس بن كندة,3,فولد بكْرُ بن ثَعْلبَةَ: الحَارِث، وكَعْبَاً، لِهُنَيدَةَ بنت ذُهْل بن مُعَاوِية بن الحَارِث بن مُعَاوِيَة بن ثَوْرٍ.
177,193,1,وهؤلاء بنو أشرس بن كندة,4,فولد الحَارِث بن بَكْرٍ: تَدُوْلَان وعَامراً، ومَالكاً وهو حَاج.
177,193,1,وهؤلاء بنو أشرس بن كندة,5,فولد حَاج بن الحَارِث: الحَارِث، ومُخَصَّفاً.
177,193,1,وهؤلاء بنو أشرس بن كندة,6,فبنو المُخَصَّفِ: الحَارِثُ، وعَامِرٌ، وأيدَعَانُ.
177,193,1,وهؤلاء بنو أشرس بن كندة,7,منهم: شِهَابُ بن قَيْس بن الحَارِث بن المُخَصَّفِ، كان شريفاً.
177,193,1,وهؤلاء بنو أشرس بن كندة,8,ومَالك بن هُبَيْرَةُ بن خَالد بن مُسْلم بن الحَارِث بن المُخَصَّف، كانشريفاً، وهو الذي قتل محمد بن أبي حُذَيفَةَ بن عُتَبةَ بن رَبيعَةَ، وغَضَبَ في شَأنِ حُجْر بن عَدِيّ حين قتله مُعَاويةُ بِمَرْج عَذارء. ولِمالك بن هُبَيْرَةَ صُحْبَة، سَمِعَ من النبي ﷺ .
177,193,1,وهؤلاء بنو أشرس بن كندة,9,وعَمْرو بن قَيْس بن عَمْرو بن ثَوْر بن حَبْرَانَ بن عَمْرو بن مازِن بن خَيْثَمَةَ بن الحَارِث بن المُخَصَّفِ. كان شريفاً فقيهاً.
177,193,1,وهؤلاء بنو أشرس بن كندة,10,وابنه عِيسَ بن عَمْرو أبو الجَمَلِ، ولي البصرة لأَبي جَهْفَر مريتن.
178,194,1,وهؤلاء بنو أشرس بن كندة,1,وابو ثَوْرٍ بن عِيَس بن عَمْرو، ولي حمص لِهَارونَ الرَّشيِد.
178,194,1,وهؤلاء بنو أشرس بن كندة,2,وولد عَامِر بن الحَارِث: زَنْكَبِيل، بَطْن، وتَدُلاً، بطن، يقال: ولدالحَارِث بن بَكْر بن زَنْكَبِيل، وشَبِيبَاً، امهم: زَينَب بنت مُرّ بن عَمْرو بن شُكَامَة.
178,194,1,وهؤلاء بنو أشرس بن كندة,3,فولد مُخَصَّفُ بن حَاج: مَالِكلً، الحَارِث.
178,194,1,وهؤلاء بنو أشرس بن كندة,4,وكان من حديث مَالِك بن مَالِك: أَنَّ مَالَك بن رَبيعَة بن الحَارِث بن كَعْب تزوج بنت عَبْد سَعْد بن عَامِر بن حَنِيفَةَ ومات عنها، فخلف عليهارَبيعَةُ بن تَدُول فولد مَالِك فسمته باسم زوجها مَالِك بن رَبيعَةَ بن الحَارِث بن كَعْب، فهو مَالِك بن مَالِك.
178,194,1,وهؤلاء بنو أشرس بن كندة,5,فمن كان بالبصرة منهم فهو سَكُونِيّ، ومن كان بِعُمانَ، فهما شَطْرَان: حَارِثِيّ، وشَطْر كِنْديّ سَكُونيّ والله اعلم.
178,194,1,وهؤلاء بنو أشرس بن كندة,6,وولد تَدُاول بن الحَارِث بن بَكْر: مَالِكاً، ورَبيعَةَ وقَيْساً، ورَبَوةَ.
178,194,1,وهؤلاء بنو أشرس بن كندة,7,وولد مُعَاوِية بن ثَعْلبَةَ بن عُقَبةَ بن السَّكُون: زَمَّاناً بطن، بالجزيرة، وبالكوفة أَهلبيت، ومَالِكاً، وهو تُرَاغِم بَطن، وبُرَيْحاً، بَطن لهمبالكوفة مسجد.
178,194,1,وهؤلاء بنو أشرس بن كندة,8,فمن تُرَاغِم: السَّلْقم، وهو أَوْسُ بن عبد الله بن مالِك بن سَلَمَةَ بن عَوْف بن تُرلغِم، وكان مع امْرِى القَيْس بن حُجْر، وعدادهم في بني تَغْلِب بالجزيرة.
179,195,1,وهولاء,1,وسيقص وهو الحَارِث بن سِوَار بن شِجَاع بن عَوْف بن تُراغِم في كَلْب في عامر الأجدَارِ.
179,195,1,وهولاء,2,والسَّلْقم الذي يقول فيه امْرِؤُ القَيْس بن حُجْر حين جَعَلَ يحمله ويتناثر لحمه.
179,195,1,وهولاء,3,أَلا فَتىً يَحمِلُ حَمْلَ السَّلِقَم … ذَاكَ العِبَاديّ العَظِيم المُخَرمِ
179,195,1,وهولاء,4,[وهولاء]
179,195,1,وهولاء,5,السَّكَاسِك
179,195,1,وهولاء,6,وولد السَّكَاسِكُ بن أَشْرَسَ، وهم قَليل، وخِدَاشاً، وصَعْباً، وعُزَيْقاً، وعَبْد الله، والرُّحَمَ وضِمَاماً، والأَدْوَمَ، وخُدَيْراً، وهم الأَخْدَروَن، والأَنْشُورَ، وهو نَاشِر، والأَعْبُدو، وجَسَّاساً، وعُشيْراً، وخُطَيْماً، والقَصَاقِصَة، والأصْرَارَ، وهَجْعَاً وهَانِئاً.
179,195,1,وهولاء,7,فمن بني صَعْب بن السَّكَاسِكُ: زَمْلُ بن عبد الرَّحمان بن كَعْب بن شُفَيِّ بن مَاتِع بن صُفَيِّ بن مَالِك بن وَدمَ بن صَعْب، كان شريفاً بالشام، وهو أبو الضَحَّاكِ بن زَمْلٍ.
179,195,1,وهولاء,8,والعَبَّاس بن زَمل.
179,195,1,وهولاء,9,ومن بني الضِمَام: يَزِيدُ بن بِشْر بن الأَشْعَر، كان شريفاً.
180,196,1,السكاسك,1,ومن بني حِدَاش بن سَكْسَكٍ: حُويُّ بن مَاتِع بن زُرْعَةَ بن يَنْحَض بن حَبِيب بن ثَوْر بن خِدَاش قاتل عَمَّار بن ياسِر.
180,196,1,السكاسك,2,فولد خِدَاش: زَيْداً وأحْمَدض، وحُصَيْناً، وثَوْراً.
180,196,1,السكاسك,3,فولد زَيْدُ بن خِدَاش: مَالِكاً.
180,196,1,السكاسك,4,فولد مَالِك بن زَيْد: خِدَاشَاً.
180,196,1,السكاسك,5,فولد خِدَاش بن مَالِك: ثَوْراً.
180,196,1,السكاسك,6,وزِادُ بن هَجْعَم، كان على شرط عَبْد المَلِك بن مَروَان.
180,196,1,السكاسك,7,وأبو زُبَيْر، صِهْر مُعَاذ بن جَبَلٍ.
180,196,1,السكاسك,8,ومن بني عَزِيث: زِيادُ وَيَزيدُ ابنا أَبي كَبْشَةَ، وهو جَبرِيلُ بن يَسَار بن حَيّ بن قَرْط بن شِبْل بن المُقَلَّد بن مَعْدِي كَربَ بن عَزِيق، صَاحِب الحَجَّاجِ، ثم ولاه العراق.
180,196,1,السكاسك,9,ومن بني الأَدْوَمِ: مُعَاوِية بن عَبْدِ الأعْلى بن الحَارِث بن عُقَبةَ بن أَسد بن عَقِيل بن الحَارِث بن مُدَيْح بن الأَدْوَمِ، كان أَشَدَّ العرب أَيام مَرْوان بن مُحَمَّد.
181,197,1,السكاسك,1,وولد ثَوْرُ بن خِدَاش بن السَّكَاسِكُ: أحَمَد.
181,197,1,السكاسك,2,فولد أَحْمَدُ بن ثَوْر سَعْداً.
181,197,1,السكاسك,3,فولد سَعْداً بن أحْمَد: عَبَّاداَ بطن، حَالَفوا بني يَشْكُر بن بَكْر بن وَائِل باليمامة.
181,197,1,السكاسك,4,انقَصى نَسَبُ كِنْدَةَ.
182,198,1,نسب عاملة,1,نَسَبُ عَامِلَة
182,198,1,نسب عاملة,2,وولد الحَارِث بن عَدِيّ بن الحرِث بن مُرَّة بن أُدَد بن زَيْد بن يشْجُب بن عَرِيب بن زَيْد بن كَهْلَان، وهو عَمِلَةُ: الزُّهَدَ، ومُعاوِيةَ، امهما: عَامِلَةُ بنت مَلِك بن ودِيعَةَ بن الحَاف بن قُضَاعَة، اليها يُنْسَبون، وبها يعرفون.
182,198,1,نسب عاملة,3,فولد الزُّهَدُ بن عَمِلَةَ: عَوْكَلَانَ، ورَخْمَانَ، وسَلْمَانَ.
182,198,1,نسب عاملة,4,فولد سَلْمَانُ الزُّهَدُ: بن يَحْيى، والاقْرَعَ، بَطنان.
182,198,1,نسب عاملة,5,وولد عَوْكَلَانبت الزُّهَد: ابا غَرْم، وهو الذي حالف كَلْب بن وَبَرَةَ، وزوجه حُبَى بنت غَرْم، فولدت له: ثَوْراً، وكَلَدَ، وعُمَيراً، وعُنَّة.
182,198,1,نسب عاملة,6,فولد أبو غَرْم بن عَوْكَلَان: طَمثاَن.
182,198,1,نسب عاملة,7,فولد مُرُّ بن أبي غَرْم: مَزِناً، وحِمَايَةَ.
182,198,1,نسب عاملة,8,فولد مَازِن بن مُرٍّ: عَامِراً، وثَعْلبَةَ.
182,198,1,نسب عاملة,9,فولد عَامِرُ بن مَازِن: الحَلاَّف، وعَوْفاً، وعَبَّاداً، وقساسَاً.
182,198,1,نسب عاملة,10,وولد وثَعْلبَةَ بن مَازِن: الأَجْذَم، وأبَا يَعِيش.
183,199,1,نسب عاملة,1,منهم: وثَعْلبَةَ بن سَلَمَةَ بن حُجْر بن عَمْرو بن الأَجْذَم، وَليَ الأُردُنَّ، وكان من الفرسان.
183,199,1,نسب عاملة,2,وولد طَمثاَنُ بن ابي غَرِم: يَحْيُونَ، والسَّلمَ.
183,199,1,نسب عاملة,3,فولد يَحْيُون بن طَمثاَن: عَوْفاً، وسَعْداً، وهو لبن العَتِيبيَّة، ويقال: هُوسَعْد بن زُهَير بن جَنَابٍ، وامه منْ عتِيب.
183,199,1,نسب عاملة,4,هولاء بنو الزُّهَدِ.
183,199,1,نسب عاملة,5,وولد مُعاوِية بن الحَارِث: شَعْلاً، بطن، وعِجْلاً بطن فولد شَعْل: جَذيمَةَ، وهو صُفَيُّ، رَهْط نَوَال بن عَمْرون وكان شؤيفاً.
183,199,1,نسب عاملة,6,وولد جَذِيمَة بن سَلَمَةَ: هُنَيَّةَ، وَسَلَامَةَ، بطن، والوَحَّان بطن، وهو مَوْهَبَة.
183,199,1,نسب عاملة,7,منهم: شِهَاب بن برهم بن مَعْقل بن عَدِيّ بن حَارثَةَ بن وثَعْلبَةَ بن قَطِيعَةَ بن عَمْرو بن هُنَيَّة، كان سَيَّدا.
183,199,1,نسب عاملة,8,وحُمَامُ بن مَعْعل، كان شريفاً مع سَلَمَةَ بن عبدِ المَلك.
183,199,1,نسب عاملة,9,وقُعَيْسِيسُ، وقد رأس، وهو الذي اسر عَدِيّ بن حَاتم يوم أغر بنو جَنَابٍ منْ كَلْب على طَيَّي وعَامِلَة معهم حلفاء لبني حَارِث بن جَنَاب فاسر قُعَيْسِيسُ عَدِيّ بن حَاتم فاخذه منه شُعَيْث بن ريبع بن مَسْعود العُلْيمي وقال: ما
184,200,1,نسب عاملة,1,أنت وأسير الأشراف فخلى سبيله بغيْر فِدَاء. فقال ابن الرفاع:
184,200,1,نسب عاملة,2,ونَحْنُ فَكَكّنا عَنْ عَدِيّ بن حَاتِم … أَخي طَيّيءَ الأَجبَال قدّاَ مُحرَّما
184,200,1,نسب عاملة,3,فقال بشْرُ بن عليم الطائي:
184,200,1,نسب عاملة,4,كَذِبْتَ ابن سَعْدٍ مَا فَكَكتَ ابن حَاتِمٍ … ولا كانَ في الأَقوَامِ جَدُّكَ مُنْعِما
184,200,1,نسب عاملة,5,ولكِنَّما فَادَى عَدِيّ بن حَاتِمٍ … عُلَيْم وقدْ كانتْ لَهُ مُتَكَرِمَا
184,200,1,نسب عاملة,6,فَإِقْمَ كَمَا أَقْعى أَبوكَ على آستِهِ … وكانَ قَصيراً بَاعهُ مُتَهَضَّما
184,200,1,نسب عاملة,7,ومن بني عِدةَ بن شعْل: عدِّي الشاعر بن زَيْد بن مَالِك بن عَدِيّ بن الرفاع بن عَصْر بن عِدَّة.
184,200,1,نسب عاملة,8,وحَبَّاب بن السامرية، الذي أقطع ربع عامِلةَ. ومن بني سَلَنةَ بن مُعاوِية بن زياد: عوض الشاعر، وعَوَض شاعر جاهلي.
184,200,1,نسب عاملة,9,هؤُلاء عَاملِة، ولد الحَارِث بن عَدِيّ.
185,201,1,نسب جذام,1,نَسَبَ جُذَام
185,201,1,نسب جذام,2,وولَد جُذام بن عَدِيّ - وإنما سُمي جُذاماً أن ابن عمَّ له ضَرَب يده فجذمها -: حراماً، وحِشْماَ.
185,201,1,نسب جذام,3,فوَلَد حِشْم بن جُذام: بُديلاً.
185,201,1,نسب جذام,4,فوَلَد بُديلُ: سُوداً، وشنْوة فوَلَد سُود بن بُديلُ: عَمْراً، وبَكراً.
185,201,1,نسب جذام,5,فوَلَد عَمْرو بن سُود: عُدَياً، بطن فوَلَد بَكر بن سُود: حَبِيباً، وعُقبَة.
185,201,1,نسب جذام,6,وولَدَ شنْوة بن بُديلُ: مَالِكاً، والهَزْن.
185,201,1,نسب جذام,7,فوَلَد مَالِك بن شنْوة: أسْلم، وعَوْفاً.
185,201,1,نسب جذام,8,فوَلَد أسْلم بن مَالِك: عتياَ، وهم اليوم في شيبان، وفيهم قال عَدِيّ بن زَيْدٍ:
185,201,1,نسب جذام,9,فإِنَّكَ والَّذي نَرْجو وترْجو … كَما تَرْجو أَصاغِرَها عَتيبُ
186,202,1,نسب جذام,1,وكان مَالِك في ذلك الزمان أغار عليهم فسبى الرجال، وكانوا عِنده، فكانوا يقولون: إذا أَدْرك صبياننا افتكونا فلم يزالوا عنْده حتى هلكوا فكانوا مثلاً.
186,202,1,نسب جذام,2,فوَلدَ عتيب بن أسْلم: دهْراً، وجاحِفاً، وعبْد اللهِ.
186,202,1,نسب جذام,3,وولَدَ عَوْف بن مَالِك: حرياً، بطن.
186,202,1,نسب جذام,4,فوَلَد حَرِي بن عَوْف: القاطِع، وهم بالفَرما، والبقارةَ والورادةلهم عددٌ.
186,202,1,نسب جذام,5,فولَدَ إياس بن حرام: سَعْداً.
186,202,1,نسب جذام,6,وولَدَ سَعْد بن إياس بن حرام: غطفَانَ، وأفصى، اليهما عدد جُذام وشرفها.
186,202,1,نسب جذام,7,فولَدَ أفصى بن سَعْد: زَيْد مَناة، وتيْماً.
186,202,1,نسب جذام,8,فولَدَ زَيْد مَناة بن أفصى: وائِلاً، بطن، ومَالِكاً إليهما البيت.
186,202,1,نسب جذام,9,منهم: روْحُ بن زنباع بن سَلَمة بن حُداد بن حديدة بن أُمية بن آمرئ
187,203,1,نسب جذام,1,القَيْس بن جُمانةَ بن وائِل بن مَالِك بن زَيْد مَناة بن أفصى.
187,203,1,نسب جذام,2,وقَيْس بن زَيْد بن حَيان بن آمرئ القَيْس بن ثَعْلَبة بن حبِيب بن ذُبيان بن عَوْف بن أنمار بن زنباع بن مازِن بن سَعْد بن مَالِك بن زَيْد مَناة بن أفصى، وفد إلى النبي ﷺ ، وكان سيداً، وعقد له النبي ﷺ على بني سًعْد بن مَالِك.
187,203,1,نسب جذام,3,وابنه ناتِل بن قِيْس، كان سيد جُذام بالشام؛ وهو الذي رد على روح ابن زنباع حيث انتسب إلى بني أسد بن خُزيمة، فجاء ناتِل فقال: أين قَامَ هّذَا الغادِر الفاجِر روْح قبل هاهُنا، وكان شيخاً يومئدٍ، وروح شاباً، فقال: ما تعرِف هَذَا النسبِ نحن بنو قَحْطان.
187,203,1,نسب جذام,4,وولَدَ غطفان بن سَعْد: عُنيساً، ونضْرةَ، وأيامَة، وعَبْدة، وضًرْباً، بطون كلهم؛ وعَبْد اللهِ في غطفان قَيْس.
188,204,1,نسب جذام,1,فولَدَ أيامَة بن غطفان: فوقَة، وغَنْماً، وسَعْداً.
188,204,1,نسب جذام,2,منهم: روْح بن شُرَحَبِيل بن عَبْد اللهِ بن ثَعْلَبة بن جُليحة بن حَارِثة بن زَيْد بن كَرَمة بن سَعْد بن أيامَة بن غطفان، وعِداده، في كِنْدة في بني شجرةٍ.
188,204,1,نسب جذام,3,وولَدَ عُنيس بن غطفان: أياساً، وحُيياً.
188,204,1,نسب جذام,4,فوَلَد أياس بن عُنيس: كَعْباً.
188,204,1,نسب جذام,5,فوَلَد كَعْب بن أياس: عَليّاً.
188,204,1,نسب جذام,6,فوَلَد عَليّ بن كَعْب: ثعْلَبة، وكَعْباً.
188,204,1,نسب جذام,7,فوَلَد كَعْب بن عَليّ: عُبيْداً، والأحنْف، بطن، وعَوْفاً.
188,204,1,نسب جذام,8,فوَلَد عُبيْد بن كَعْب: نُبيحاً، وسيراً بطن، وخصيباً بطن.
188,204,1,نسب جذام,9,فوَلَد نُبيح بن عُبيْد: حديدة، وصُليْعاً بطن، وصفارة، وأمرأ القَيْس، امهما دالة بها يعرفون.
188,204,1,نسب جذام,10,فوَلَد حديدة بن نُبيح: قُرْطاً، وعُتبةَ.
188,204,1,نسب جذام,11,فوَلَد قُرْط بن حديدة بن نُبيح: الضُبيب، بطن عظَيم، لهم عددٌ وشدَّةٌ، ومَالِكاً، ورَبِيعَة.
188,204,1,نسب جذام,12,وولَدَ الضُبيب بن قُرْط: أميةَ، وزَيْداً، وعَمْراً ومَالِكاً، وثَعْلَبةَ.
188,204,1,نسب جذام,13,وولَدَ ثَعْلَبةَ بن قُرْط: أحسن، ومُهصِراً.
188,204,1,نسب جذام,14,منهم: نُبيط بن عَمْرو بن عُتبة بن حديدة بن نُبيح، بطن.
188,204,1,نسب جذام,15,ووَلَد عَوْف بن كَعْب بن عَليّ بن كَعْب بن أياس: الأصْرم، ومُلحماً؛
189,205,1,نسب جذام,1,امهما: الخضراء بها يعرفون، وإليها يُنسبان.
189,205,1,نسب جذام,2,وولَدَ ثَعْلَبةَ بن عَليّ بن كَعْب بن أياس: غَنْماً.
189,205,1,نسب جذام,3,فولَدَ غَنْم بن ثَعْلَبةَ: مطروداً.
189,205,1,نسب جذام,4,فولَدَ مطرود بن غَنْم: عَدِيّاً، وقَيْساً.
189,205,1,نسب جذام,5,فولَدَ عَدِيّ بن مطرود: نُفاثة بطن، لهم شِدة وجَمَاعةُ.
189,205,1,نسب جذام,6,فولَدَ قَيْس بن مطرود: مبْذُلاً، لهم شِدة وجَمَاعةُ.
189,205,1,نسب جذام,7,هؤُلاء جُذام.
190,206,1,نسب لخم بن عدي,1,نَسَبُ لَخْم بن عَدِيّ
190,206,1,نسب لخم بن عدي,2,وولد لَخْم بن عَدِيّ - لَخَمَهُ لَطَمَهُ - جَزِيلَةَ ونُمَارَةَ، وبَحْراً، دَرَجَ.
190,206,1,نسب لخم بن عدي,3,فولد نُمَارَةَ بن لَخْمٍ: عَدِيّاً، وهو عَمَمُ، وكان أول من اعتم فيما ذكر الشرق، وعَمْراً، ومَحْلباً، والهُجْن، وربَيّا، وعَوْداً، وحَبيباً، وجُذْمَة، وهم العِباد بطن، وقَبِيصًة، والوَحضاءَ فولد حَبيبُ بن نُمَارَةَ: هَبِئاً.
190,206,1,نسب لخم بن عدي,4,فولد هَانئ بن حَبِيبك الدار بطن.
190,206,1,نسب لخم بن عدي,5,منهم: تَمِيم الدَارِيّ، وهو تَمِيم بن أَوْس بن خَارِجَة بن حَارِثَة بن سُودِ بن جَذِيمَةَ بن دَرَّاع بن عَدِيّ بن الدَار، وَفَدَ على البني ﷺ
191,207,1,نسب لخم بن عدي,1,واخوه نُعَيْم بن أَوس، تزوجا امرأتين من بني هَاشِم، وأَقْطَعَهما النبي ﷺ بيت حَرِى، وبيت عَيْنُون بالشام، ولم يقطع النبي ﷺ غيرهما.
191,207,1,نسب لخم بن عدي,2,فكان سُليمانُ بن عَبْدِ المَلك اذا مر بهما لم يعرج، قال: أَخَافُ أَن تُدْرِكَنِي دَعوة رسول الله ويَزِيدُ بن قُيْس بن خَرِجَة بن سُود بن جَذِيمَة بن دَرَّاع بن عَدِيّ بن الدَّار، وَفَدَ ايضاً.
191,207,1,نسب لخم بن عدي,3,والطبيب بن بُرّ بن عبد الله رُزَيْن بن عِمَّيت بن رَبيعَة بن دَرَّاع، سَمَّاه
192,208,1,نسب لخم بن عدي,1,النبي عبد الرَّحمان حِتنَ وفد عليه واخوه أَبو هِنْد، بُرّ، وفد ايضاً.
192,208,1,نسب لخم بن عدي,2,ومروانُ، ووَاهِبُ ابنا مَلِك بنسُور بن جَذِيمةَ بن دَرَّاع، وفد ايضاً.
192,208,1,نسب لخم بن عدي,3,واخوهما عَرَفةُ بن مَالِك، وفد ايضاً.
192,208,1,نسب لخم بن عدي,4,والفَاكِهُ بن صضفَارَةَ بن رَبيعَة بن دَرَّاع، وفد ايضاً. وجَبْلَةُ بن مَالِك بن جَبَلَةَ بن صَفَارَة، وفد ايضاً.
192,208,1,نسب لخم بن عدي,5,وولد رُبيُّ بن نُمَارَةَ: عَمْراً واسَسَاً.
192,208,1,نسب لخم بن عدي,6,فولد عَمْرو بن رُبَيّ: امَاناً، وأميناً، وهم الامينيون الذين في طَييء، رهط الطرِماح بن حكيم الشاعر.
192,208,1,نسب لخم بن عدي,7,ومنهم قصيرُ بن سًعْد، الذي كان مع جذيَمَة الأبْرش الذي يقول لَايُقْبَل لقصِيرٍ أمْر.
193,209,1,نسب لخم بن عدي,1,ومنهم: بَنو عَدِيّ بن الذُميل بن يَوْب بن أَسَسٍ الَّذين بالحَيرَة أَصْحاب البِيعَة، بيعة عَدِيّ ووَلَدَ عَمَمُ بن نُمارة: مَالِكاً وسَلمَانُ، إلية يُنَسَبُ حِجَارة سَلمَانُ، وعَوَدّ بن عَمم.
193,209,1,نسب لخم بن عدي,2,ولهم يَقُولُ النَّابِغَةُ:
193,209,1,نسب لخم بن عدي,3,مِنْ عَوَدّ ومن عَممٍ ومَاش … مَنْ رَهْط رَبعيّ بن حَجَّار
193,209,1,نسب لخم بن عدي,4,وكانَ عَوَدّ بن عَمَم مع مَالِك بن ذُعْر بن حُجْر بن جزِيلةَ بن لَخْم حين أخرَجوا يُوسُفُ من الجُبِّ.
193,209,1,نسب لخم بن عدي,5,فَوَلَدَ مَالِك بن عَمَم: سُعُوَدّاً، ولَبِيِداً، وسُوَيْرَة.
193,209,1,نسب لخم بن عدي,6,فَوَلَدَ سُعُوَدّ بن مَالِك: الحَارِثَ.
193,209,1,نسب لخم بن عدي,7,فَوَلَدَ الحَارِثَ بن سُعُوَدّ: عُمُرّاً.
193,209,1,نسب لخم بن عدي,8,فَوَلَدَ عُمُرّو بن الحَارِثَ: رَبِيعَةَ.
193,209,1,نسب لخم بن عدي,9,فَوَلَدَ رَبِيعَةَ بن عُمُرّو: نَصْراً، من وَلَدَهِ الملوك رَهْط النُّعمَان بن المُنذِر بن امُرّئ القَيْس بن عُمُرّو بن عَدِيّبن نَصْر بن رَبِيعَةَ،
194,210,1,نسب لخم بن عدي,1,"وعُمُرّو ذي الطَّوْق، وهو الَّذي قيل له: "" كَبُرَ عُمُرّو عن الطَّوْق "" مَلَكَ مَائَةَ سَنَة وثَماني عَشْرَةَ سَنَة؛ وفي زَمَان عُمُرّو ذي الطَّوْق كانَ أَرْدَشِير، أَوَّل مُلُوك فَارس."
194,210,1,نسب لخم بن عدي,2,وَوَلَدَ سَلمَانُ بن عَمَم: النُّعمَان، وعَدِيّاً.
194,210,1,نسب لخم بن عدي,3,منهم: زِيَادُ بن جَهْوَر بن حَسَّان بن رَبِيعَةَ بن لَوْذَان بن حِجَالَةَ بن حَرْمَلَةَ بن النُّعمَان بن عَدِيّ بن عُمُرّو بن سَلمَانُ، وَفَدَ إلى النَّبي ﷺ وكَتَبَ لهُ كتاباً.
194,210,1,نسب لخم بن عدي,4,وَوَلَدَ جزِيلةَ بن لَخْم: إِرَاشاً، وحُجْراً، ويَشْكُر، إليه تُنَسَبُ خَيْل يَشْكُر بمِصر لأنَّهم نَزَلَوا عَلِيّه. وأذابَ، وعُمُرّاً، وخَليلاً، دَخَلَو في غَسَّان.
194,210,1,نسب لخم بن عدي,5,وَوَلَدَ أذاب بن جزِيلةَ: خَالِفَةَ، وهو رَاشِدةَ، وهم بِمِصْرَ والجِفَارِ.
195,211,1,نسب لخم بن عدي,1,منهم: حَاطِبُ بن أبي بَلْتَعَةَ بن عُمُرّو بن عُمَيْرِ بن سَلَمَةَ بن صَعْب بن سَهْل بن العَتِيكِ بن سَعاد بن رَاشِد حَلِيف الزُّبَير بن العَوَّام، شَهِدَ بَدراً مُسْلماً.
195,211,1,نسب لخم بن عدي,2,وقَانِصَةُ بن أذَابَّ.
195,211,1,نسب لخم بن عدي,3,وَوَلَدَ إِرَاش بن جزِيلةَ بن لَخْم: أُرَيْشاً.
195,211,1,نسب لخم بن عدي,4,فَوَلَدَ أُرَشْشٍ بن إِرَاش: غَنْمُاً، وحَدَسُاً، بَطن عَظِيم.
195,211,1,نسب لخم بن عدي,5,فَوَلَدَ غَنْمُ بن أريشٍ، زراً، وعُمُرًا، وصَعْباً.
195,211,1,نسب لخم بن عدي,6,مِنهم: الجَمُرّاتُ، منهم عَبَّادُ بالحَيرَة، وسُعُوَدّاً.
195,211,1,نسب لخم بن عدي,7,فَوَلَدَ عُبَيْد بن زِر: عوذاً، وصياداً، بَطن.
195,211,1,نسب لخم بن عدي,8,فَوَلَدَ عوذُ بن عُبَيْد: غَنْمُاً، وسَعْدُاً، ومُعَاوِيَةَ، أُمُّهُم: هِنْدُ بِنْت دَعَجان بها يعرفون.
195,211,1,نسب لخم بن عدي,9,وَوَلَدَ غَنْمُ بن عَوْذ: العُمُرّطَ.
195,211,1,نسب لخم بن عدي,10,فَوَلَدَ العُمُرّطَ بن غَنْمُ: أبا الحَوَام، بَطن عظيم، وخَاَلَة، وعَتِيبَةَ.
195,211,1,نسب لخم بن عدي,11,منهم: عَمّارة بن تَمِيم بن فَرْوَةَ بن ثُعَلُبَةَ بن عَزيز بن عَتِيبَةَ بن العُمُرّطَ،
196,212,1,نسب لخم بن عدي,1,الَّذي افتتح سِجْستَانَ؛ وكانَ مع أبن الأَشْعَثَ، وهو الَّذي أخذ أبن الأَشْعَثَ.
196,212,1,نسب لخم بن عدي,2,وَوَلَدَ عمرو بن غَنْمُ بن إِرَاش: الخَيْرانَ، وشجاعاً بَطن؛ منهم بالأَنَبارِ ناسٌ، وسائرُهْم بالشَّامٍ.
196,212,1,نسب لخم بن عدي,3,وَوَلَدَ حَدَسُ بن أُرَشْشٍ: رَبِيعَةَ، وزِميمَة بَطن.
196,212,1,نسب لخم بن عدي,4,فَوَلَدَ رَبِيعَةَ بن حَدَسُ: هُذيماً، وسَعْدُاً، بَطن وكَعْباً بَطن مع بَني تَغْلِب، لهم عددٌ؛ ووائِلُاً، أُمُّهُ: مَنَارَةُ بِنْت كَعْب بن عُمُرّو بن خليل، بها يعرفون.
196,212,1,نسب لخم بن عدي,5,وَوَلَدَ زِميمَة بن حَدَسُ: عُمُرّاً، وجميلاً.
196,212,1,نسب لخم بن عدي,6,منهم: عُثَمانُ بن المُنذِر بن قَيْس بن سَيْر بن نَمُرّانَ بن جُنْدَب بن هِلَال بن عُمُرّو بن زِميمَة، أَوَّل من أطعم الطعام بالصَّائِفِة.
196,212,1,نسب لخم بن عدي,7,وأبو مِحْجَن بن عَبْدِ الله بن المُنذِر بن قَيْس بن سَيْر، وهو أَوَّل من دَخَلَ القُسْطنِطينَّية وقَتَلَ على بابها مع مُسَيلَمَةَ بن عَبْدِ المَلَكَ.
196,212,1,نسب لخم بن عدي,8,وفائدُ بن حَجْوَةَ بن جُبَيْر بن دَعَجان بن عُمَيث بن كُلَيْب بن مَالِك بن أُبي بن الحَارِثَ بن عُمُرّو بن زِميمَة، كانَ شَرِيفاً هو ووَلَدَه.
196,212,1,نسب لخم بن عدي,9,والغُمُرّ بن قرَبان بن أُبي بن عَرْفَجَةَ بن حِصْن، بن زُرْعَةَ بن عَدِيّ بن
197,213,1,نسب لخم بن عدي,1,أُبي بن الحَارِثَ بن عُمُرّو بن زِميمَة.
197,213,1,نسب لخم بن عدي,2,وَوَلَدَ حُجْرث بن جزِيلةَ: أَزْدَةُ، وذُعْراً.
197,213,1,نسب لخم بن عدي,3,فَوَلَدَ أَزْدَةُ بن حُجْر: تَبِعاً، وعَوْفُاً.
197,213,1,نسب لخم بن عدي,4,فَوَلَدَ تَبِيع بن أَزْدَةُ: الحَارِثَ.
197,213,1,نسب لخم بن عدي,5,فَوَلَدَ الحَارِثَ بن تَبِيع: الوَسِيعَ، والحَارِثَ، ومُسَلَمَةَ.
197,213,1,نسب لخم بن عدي,6,ومنهم: عَبْدِ المَلَكَ بن عُمَيْرِ بن سُوَيْدُ بن حَارِثَةَ بن أملاص بن شُنَيف بن عَبْدِ شَمسْ بن الوَسِيعَ، يُقَال لهُ: القِبْطيّ نَسَبُة إلى فَرَس له، وهو الَّذي يُحدث عنه.
197,213,1,نسب لخم بن عدي,7,ومنهم: مُحَحَّدُ بن عَبْدِ الرَّحمَان بن مَوسَى بن عَلِيّ بن رَبَاح بن القصير بن العست بن تَبِيع بن أَزْدَةُ، كانَ من أشراف أهْلِ مصر.
197,213,1,نسب لخم بن عدي,8,وَوَلَدَ ذُعْر بن حُجْر بن جزِيلةَ: حَرساً ومَالِكاً، الَّذي استخرج يُوسُفُ الصديق عَلِيّة السلام مِنْ الجُب، وإنما هم من مدْيَنَ؛ هو مَالِك بن ذُعْر بن يُوَيب بن عَيفا بن مَدْيَنَ بن إِبرَاهِيم ﵇ ولكنهم إنتسبوا في لَخْم.
198,214,1,نسب لخم بن عدي,1,"فَوَلَدَ مَالِك بن ذُعْر: "" الشرعبي "" ، والسَّبَنْديَّ، والسَّنْدَريَّ، والسَّرَنْديّ، والأخَيْل، والبَلَندَيّ، والمُهَذَّب، "" والصَّمَحمَح "" والمُصفَّى، والأصفْحَ، والخضمَّ، والمَشْرِفيَّ، والمِصْدَعَ، والسَّمَيْدعَ، ورَحَّالاً، وذَيَّالاً، وصَيفْياً، وقَيْظّياً وَبَيْهَساً، وعَسْعَساً، والعَمَلَّسَ، ومُلَادِساً، والعَرَنْدَسَ."
199,215,1,نسب خولان,1,نَسَبُ خَوْلَانُ
199,215,1,نسب خولان,2,وَوَلَدَ مَالِك بن الحَارِثَ بن مُرّة بن أُدَدٍ بن زَيْد بن يشجُب بن عَريب بن زَيْد بن كَهْلَان بن سبأ بن يَشْجُب بن يَعْرُب بن قَحْطَان: عُمُرّاً، ويَعُفْرِاً.
199,215,1,نسب خولان,3,فَوَلَدَ عُمُرّو: فكلاً، وهو خَوْلَانُ.
199,215,1,نسب خولان,4,فَوَلَدَ يَعُفْرِ بن مَالِك: المَعَافِرَ فَوَلَدَ خَوْلَانُ؛ وهو فكلُ بن عُمُرّو بن مَالِك بن الحَارِثَ بن مُرّةَ بن أُدَدٍ بن زَيْد: حَبِيباً، وعُمُرّاً، والأصْهَبَ، وقَيْساً، وكَعْباً، وسَعْدُاً، وبَكراً.
199,215,1,نسب خولان,5,فَوَلَدَ حَبِيبٌ: جَبَاباً، فهم الجَبائِيوُن، وحرثاً وهم الحُرّثيون؛ وناَبِتاً، وهم النَابِتُيونَ.
199,215,1,نسب خولان,6,وَوَلَدَ سَعْدُ بن خَوْلَانُ: عَبْدِ الله، ورَبِيعَةَ، وسَعْدُاً، وعُرَيْساً، وغَيْلَان.
199,215,1,نسب خولان,7,منهم: أبو مُسْلم الخَوْلَانُي، وهو عَبْدِ الله بن مِشْكم وأبو إدريس الخَوْلَانُي كانَ فقيهاً، وهو عَائِذ الله بن عَبْدِ الله بن
200,216,1,نسب خولان,1,عُمُرّو بن عَبْدِ الله بن عُتَبَةَ بن غَيْلَان.
200,216,1,نسب خولان,2,وكثير بن شِهَاب بن عَبْدِ الله بن مَالِك بن غَيْلَان؛ وهو بِصَنَعاء.
200,216,1,نسب خولان,3,وَوَلَدَ بَكر بن خَوْلَانُ: سَعْدُاً، ورَحْباً.
200,216,1,نسب خولان,4,فَوَلَدَ سَعْدُ: نَصْراً، وجَيْبَةَ.
200,216,1,نسب خولان,5,فَوَلَدَ عُمُرّو بن خَوْلَانُ: أميناً، ونَصْراً، وهم الأمينيون، ومُنكِراً.
200,216,1,نسب خولان,6,منهم: ذُوَيْبُ بن وَهْب، الَّذي أحرقهُ العَنْسي الكذاب باليَمَنِ، طَرَحه في بيت مثل إِبرَاهِيم.
200,216,1,نسب خولان,7,ومنهم: مُسْلم بن عَبْدِ الله يُحدثُ عنه.
200,216,1,نسب خولان,8,وَدّرْعُ بن عُبَيْد الله يحدثُ عنه.
200,216,1,نسب خولان,9,"قال هشامُ: كانَ تُبع تِبان، أسَعْدُ أبو كَرْب، نَزَلَ خَوْلَانُ؛ فَوَلَدَ له بها غُلَام فسماه ذا سُحَيْم؛ قال "" خولِوا له "" أي إجعلوا لهُ خولاً. فجمعوا له أخلَاطاً خولاً، فهَؤُلاءِ الخَوَل خَوْلَانُ."
201,217,1,نسب خولان,1,"قال أبن حَبِيبٌ: كانَ تُبع نَزَلَ في خَوْلَانُ فَسَبَقَوه، فقال: "" اطلبوا ليَّ امُرّأة "" فجاؤوا بامُرّأةٍ فوقع عَلِيّها، فَلمَّا حَبلَتْ قال: "" وآجهلاه "" ."
201,217,1,نسب خولان,2,"رجع إلى حَديث الكَلْبيّ: ثم وَلَدَ له غُلَام آخر فسماه رِدَاغاً؛ فقال: "" خَوِّلوا لهُ خَوَلاً "" . فإذا سألت الخَوْلَانُي من أهْلِ اليَمَنِ، قال: "" أنا من آلِ ذي سُحيم، أو آلأ ذي رِدَاغٍ، أو مِنْ بَني سَعْدُ "" يعني سَعْدُ بن خَوْلَانُ."
201,217,1,نسب خولان,3,"ومن كانَ بالشَّامٍ من خَوْلَانُ بن عُمُرّو "" يَقُولُون "" خَوْلَانُ بن عُمُرّو بن الحافِ بن قُضَاعَةَ."
201,217,1,نسب خولان,4,وقال قَائِدُ بن أقوم البَلويّ، وكانَ في زَمَن مُعَاوِيَةَ، في تفرقهم مِنْ مأرب:
201,217,1,نسب خولان,5,ألَمْ تَرَ أَنَّ الحَيَّ كانَوا بِغِبْطَةٍ … بِمَأرِبَ إذ كانَوا يُحِلّونَها مَعَا
201,217,1,نسب خولان,6,بَلِيٌّ وبَهْرَاءُ وخَوْلَانُ إخوةُ … لِعُمُرّ بن حَافٍ فَرْع مَنْ قَدْ تَفَرعَا
201,217,1,نسب خولان,7,فهذا نَسَبُ خَوْلَانُ.
201,217,1,نسب خولان,8,وهَؤُلاءِ بَنو الحَارِثَ بن مُرّة بن أُدَدٍ، يليهم طَيَّيءُ بن أُدَدٍ.
202,218,1,نسب طيئ,1,نَسَبُ طَيئ
202,218,1,نسب طيئ,2,وَوَلَدَ طَيَّيءُ بن أُدَدٍ: فْطْرَةَ، والغَوْثَ، والحَارِثَ أُمُّهُم: عَدِيّة بِنْت الآمُرّيّ بن مَهْرَةَ، وهو مُرّ بن حَيْدَان بن عُمُرّو بن الحافِ بن قُضَاعَةَ.
202,218,1,نسب طيئ,3,فَتَخلف الحَارِثَ بن طَيَّيءُ في أخواله مِن مَهْرَةَ، فهم فيهم إلى اليَوْم.
202,218,1,نسب طيئ,4,وهَؤُلاءِ بَنو فْطْرَةَ بن طَيَّيءُ
202,218,1,نسب طيئ,5,فَوَلَدَ فْطْرَةَ بن طَيَّيءُ: سَعْدُاً، وَحَيَّةَ.
202,218,1,نسب طيئ,6,فَوَلَدَ حَيَّةَ بن فْطْرَةَ: الحَارِثَ دَرَجَ، وهو فيمن أتَّبَعَ الجمِلَ حَتّى أدَخَلَهُ بابَ أَخيه.
202,218,1,نسب طيئ,7,ووَلَدَ سَعْدُ بن فْطْرَةَ: خَارِجَةَ، وحَيْشَاً، وهم سَهْليُّون.
202,218,1,نسب طيئ,8,فَوَلَدَ خَارِجةَ بن سَعْدُ: جُنْدَب، وجَوْراً، وهم أهْلِ السَهْل، أُمُّهُما: جُدَيُّلةُ بِنْت سُبَيع من حِميَرٍ، إليها يُنَسَبُون.
202,218,1,نسب طيئ,9,"والسَهْليون هم الَّذين تَفَرَّقوا في حَرْبُ الفَسَاد، فَلَحَقُوا بحاضر "" حَلَب "" فتزوجوا في الأَنَبارِ فكانَت المُرّأَةُ يكون لها أَوَّلاد من"
203,219,1,وهؤلاء بنو فطرة بن طييء,1,غيرُهْم فيُنَسَبُون إلى إِخَوتِهم، ثم أخْتَلَطوا بعد وفسدوا فهم لا يعرفون.
203,219,1,وهؤلاء بنو فطرة بن طييء,2,فَوَلَدَ جُنْدَب بن خَارِجةَ: رُومَانُ، وكَبان، بَطن، وحُرقُوصاً، وحَرَسَاً، دَخَلَ في بَني نَبْهَانَ، وهم رَهْط خولي بن شهلة الشَّاعِر؛ شهلةُ أُمُّهُم، وهم. يُنَسَبُون في بَني نَبْهَانَ.
203,219,1,وهؤلاء بنو فطرة بن طييء,3,يَقُولُون: عُربَان بن قَيْس بن مُنْهِبُ بن عَبْدِ زَيْد بن المُخْتَلَس يُلَقبونَهم، وزَيْد الخَيْل إلى المُخْتَلَس بن ثَوْب بن كِنَانَةبن عَدِيّ بن مَالِك بن نَائِل بن نَبْهَانَ بن عُمُرّو بن الغَوْثَ بن طَيَّيءُ.
203,219,1,وهؤلاء بنو فطرة بن طييء,4,وقُفُور بن جُنْدَب بَطن، وَدّيساً، بَطن، كلهم من أهْلِ السَهْل إلاَّ رُومَانُ.
203,219,1,وهؤلاء بنو فطرة بن طييء,5,وامُرّؤ القَيْس بن جُنْدَب من أهْلِ السَهْل أيضاً.
203,219,1,وهؤلاء بنو فطرة بن طييء,6,فَوَلَدَ رُومَانُ بن جُنْدَب: ذُهْلاً، وثُعَلُبَةَ، بَطن.
203,219,1,وهؤلاء بنو فطرة بن طييء,7,فَوَلَدَ ذُهْل بن رُومَانُ: جَدْعَاء، وثُعَلُبَةَ، وهو الحَابلُ بَطن.
203,219,1,وهؤلاء بنو فطرة بن طييء,8,فَوَلَدَ جَدْعَاء بن ذُهْل: مَالِكاً، وثُعَلُبَةَ بَطن؛ فيُقَال: لثُعَلُبَةَ بن رُومَانُ؛ وثُعَلُبَةَ بن جَدْعَاء بن ذُهْل؛ وثُعَلُبَةَ بن ذُهْل بن
204,220,1,وهؤلاء بنو فطرة بن طييء,1,رُومَانُ الثَعَالب.
204,220,1,وهؤلاء بنو فطرة بن طييء,2,فَوَلَدَ ثُعَلُبَةَ بن جَدْعَاء بن ذُهْل بن رُومَانُ بن جُنْدَب: تَيْماً الَّذي يُقَال لهم: تَيْم المَصَابِيح، مَصَابِيح الظَّلَامِ، وعَلِيّهم نَزَلَ امُرّؤ القَيْس بن حُجْر ثم نَزَلَ على المُعَلّى بن تَيْم.
204,220,1,وهؤلاء بنو فطرة بن طييء,3,وعُكْوَةَ بن ثُعَلُبَةَ، بَطن؛ وعِكب بَطن، وعَتِيك بَطن.
204,220,1,وهؤلاء بنو فطرة بن طييء,4,فمن بَني تَيْم بن ثُعَلُبَةَ بن جَدْعَاء بن ذُهْل بن رُومَانُ: شَبِيب بن عُمُرّو بن كُرَيب بن المُعَلّى بن تَيْم الشَّاعِر الفَارِسِ، الَّذي أغار على الزَوَاجِرِ، وهي إبلٌ كانَت زاجر بالكُوفَةِ تعلف للتجَّار، فَخَرجت في خَفَارَة قَيْس بن بَجَاد بن قَيْس بن مسُعُوَدّ ذي الجُدَيُّن، ورجُلُّ من بَني شِهَاب بن لأم
205,221,1,وهؤلاء بنو فطرة بن طييء,1,يُقَال له جَهْمُ، كانَ فيمن خَفَرَهَا، وكانَ فيها عَنَبَرُ وزَنْبَقُ ومَتَاعُ، فعرض لها شَبِيِب وكانَت الزَوَاجِرِ لسُلَيْمانُ التَاجر، فاخذ ما كانَ مِنْ مَتَاعُ، واخذ مسُعُوَدّ بن بَكر بن عَلِيّ بن تَيْم بن ثُعَلُبَةَ العَنَبَرُ فسمي العَنَبَرُي. واخذ قَيْس بن شَبَاَبَةَ بن مَعْقل بن معلى بن تَيْم الزَنْبَقُ، فَوَلَدَ هم يُنَسَبُون إلى العَنَبَرُ والزَنْبَقُ، فقال شَبِيب في ذلك:
205,221,1,وهؤلاء بنو فطرة بن طييء,2,أنا شَبِيبث فاعِلمُوني بِعلَمْ … نُهدي الخَيْل خَلنباتٍ زِيَم
205,221,1,وهؤلاء بنو فطرة بن طييء,3,ومنهم: الحُرّيْنُ، بن النُّعمَان بن قَيْس بن تَيْم، كانَ له بَلَاءُ عظيم بالشَّامٍ أيام الرِّدَّة.
205,221,1,وهؤلاء بنو فطرة بن طييء,4,ومنهم: الأُصَيْدفُ بن ضُبَيْع بن أبي عُمُرّو بن قَيْس بن تَيْم الشَّاعِر.
205,221,1,وهؤلاء بنو فطرة بن طييء,5,ومِنْ بَني خَيْبَريّ بن ثُعَلُبَةَ: مُنْهِبُ بن حَارِثَةَ طَرِيف بن خَيْبَريّ بن ثُعَلُبَةَ، وقد رَبَعَ.
205,221,1,وهؤلاء بنو فطرة بن طييء,6,ومِنْ بَني عُكْوَةَ بن ثُعَلُبَةَ: حَامِلُ بن حَارِثَةَ بن رَبِيع بن عُمُرّو بن مَالِك بن عُكْوَةَ، كانَ شَرِيفاً رئيساً؛ ورَأَسَ أبوه حَارِثَةَ.
205,221,1,وهؤلاء بنو فطرة بن طييء,7,ومسُعُوَدّ الشَّاعِر.
205,221,1,وهؤلاء بنو فطرة بن طييء,8,هَؤُلاءِ بَنو ثُعَلُبَةَ بن جَدْعَاء.
206,222,1,وهؤلاء بنو فطرة بن طييء,1,وَوَلَدَ مَالِك بن جَدْعَاء بن ذُهْل بن رُومَانُ: ثُمَامَةَ بَطن، وطَرِيفاً بَطن، وهم رَهْط عَوانَةَ بن شَبِيب بن القَرْثَع بن مَشْجَعَةَ بن شَمَّاس بن حَارِثَةَ بن خُليف بن طَرِيف، وكانَ سيداً، وهو أبو الشَقْراءِ، امُرّأة عَبْدِ المَلَكَ بن مُرّوَان.
206,222,1,وهؤلاء بنو فطرة بن طييء,2,ومنهم: عُبَيْد بن طَرِيف أجيمعت عَلِيّه جُدَيُّلةُ.
206,222,1,وهؤلاء بنو فطرة بن طييء,3,ووَفَدَ بن الغطَرِيف بن طَرِيف، وكانَ شاعراً، وأبو جَابِر بن الجُلُّاّس بن وَهْب بن قَيْس بن عُبَيْد بن طَرِيف، وكانَ شاعراً إجتمعت عله جُدَيُّلةُ والبرجُ بن مسَهْل بن الجُلُّاّس الشَّاعِر.
206,222,1,وهؤلاء بنو فطرة بن طييء,4,وابنُهُ حَسَّان بن البرج، كانَ من رؤساء الخَوَارجِ، قَتَلَ يَوْم النهر.
206,222,1,وهؤلاء بنو فطرة بن طييء,5,"وإِياسُ بن المُجِر بن طَرِيف، كانَ شَرِيفاً شاعراً. وجَبَلَةُ بن رَافِع بن شَمَّاس بن حَارِثَةَ بن خُليف بن طَرِيف، وقد رَأَسَ، لهُ يَقُولُ الحطيئة: "" يا جبيلُ بن رَافِع "" وَوَلَدَ ثُمَامَةَ بن مَالِك بن جَدْعَاء بن ذُهْل بن رُومَانُ: عُمُرّاً، والحَارِثَ، بَطن، ومَالِكاً."
206,222,1,وهؤلاء بنو فطرة بن طييء,6,وَوَلَدَ الحَارِثَ بن ثُمَامَةَ: عُمَيْرِة ومُعَاوِيَةَ بالشَّامٍ، وأحمد بالمَوْصل، وزَنيماً بالبَصرةِ، وسُفيانَ وعُمُرّاً، ومَالِكاً.
207,223,1,وهؤلاء بنو فطرة بن طييء,1,فمن بَني الحَارِثَ بن ثُمَامَةَ بن مَالِك بن جَدْعَاء: شُمير بن مَالِك بن عُمُرّو.
207,223,1,وهؤلاء بنو فطرة بن طييء,2,وأبو المَهديّ، وهو أبو سُنَيف بن الحجَّاج بن جَابِر بن عَبْدِ الله بن شُمير، القائد مع أبي جَعُفْرِ.
207,223,1,وهؤلاء بنو فطرة بن طييء,3,وَوَلَدَ عُمُرّو بن ثُمَامَةَ بن مَالِك بن جَدْعَاء: طَرِيفاً، ومَالِكاً، بَطن، وضَمْضَماً، بَطن، وآلة بَطن، وكبيراً بَطن، والحَارِثَ بَطن، يُقَال لهم: بَنو عَدَسَةَ، بها يعرفون؛ وهي عَدَسَةَ بِنْت حِصْن بن الحِزْمُرّ بن الغَوْثَ.
207,223,1,وهؤلاء بنو فطرة بن طييء,4,وامُرّؤ القَيْس بن عُمُرّو بَطن، وزنمةُ بن عُمُرّو، بَطن، وعُمُرّو بن عُمُرّو، بَطن.
207,223,1,وهؤلاء بنو فطرة بن طييء,5,فَوَلَدَ عُمُرّو بن عُمُرّو: جرْوَةَ، وهم أهْلِ بيتٍ.
207,223,1,وهؤلاء بنو فطرة بن طييء,6,وَوَلَدَ طَرِيف بن عُمُرّو بن ثُمَامَةَ: عُمُرّاً، وهو البُجَيْر، كانَ شَرِيفاً، وهو الَّذي نَافَرَ عَامُرّ بن جُوَيْن الطَائِي فَنَفْرِ عَلِيّه البُجَيْر.
207,223,1,وهؤلاء بنو فطرة بن طييء,7,ووَهْب بن طَرِيف، وقد رَأَسَ، وهم رَهْط أحمُرّ طَيَّيءُ، كانَ مِنْ أَصْحاب عُبَيْد الله بن الحُرّ الجُعْفيّ، وكانَ فارساً.
207,223,1,وهؤلاء بنو فطرة بن طييء,8,وحَارِثَةَ بن طَرِيف، وعُبَيْد بن طَرِيف.
208,224,1,وهؤلاء بنو فطرة بن طييء,1,وَوَلَدَ عُمُرّو بن طَرِيف بن عُمُرّو بن ثُمَامَةَ بن مَالِك بن جَدْعَاء بن ذُهْل بن رُومَانُ بن جُنْدَب بن حَارِثَةَ بن سَعْدُ بن فْطْرَةَ بن طَيَّيءُ بن أُدَدٍ: لأماً إليه البَيْت، وأَشْنَعَ، والمُعَلّى دَرَجَوا وقد كانَوا.
208,224,1,وهؤلاء بنو فطرة بن طييء,2,فمن بَني لأَم بن عُمُرّو: أَوْسُ بن حَارِثَةَ، وسَعْدُ الأرض؛ وأبيض، بَنو حَارِثَةَ بن لأم؛ وقد رَأَسَ أَوْسُ ثمانين سنة، ورَأَسَ سَعْدُ أيضاً.
208,224,1,وهؤلاء بنو فطرة بن طييء,3,وكانَ أُنَيْفُ شَرِيفاً، وكِنْدِيُّ بن حَارِثَةَ، وكانَ فارساً، ومَسْرُوقُ بن حَارِثَةَ، أُمُّهُما أَسمَاء بها يعرفون، وهي من بلِيّ.
208,224,1,وهؤلاء بنو فطرة بن طييء,4,وثُعَلُبَةَبن لأم كانَ شَرِيفاً.
208,224,1,وهؤلاء بنو فطرة بن طييء,5,مِنْ وَلَدَه: نوفل بن زَيْد بن مَشْجَعَةَ بن ثُعَلُبَةَ، كانَ فَارِساً في الَجَأهْلِية.
208,224,1,وهؤلاء بنو فطرة بن طييء,6,وعَبْدِ الله بن لأم، والنُّعمَان بن لأم، وعُبَيْد بن لأم، يُقَال لهَؤُلاءِ الثلاثة بَنو النَبيتَةُ، والنَبيتَةَ بِنْت حَارِثَةَ بن طَرِيف، وشِهَاب بن لأم.
208,224,1,وهؤلاء بنو فطرة بن طييء,7,فَوَلَدَ شِهَاب بن لأم: خَالِداً، وعَبْدِ عُمُرّو، وفِطْنَةَ، وَفَدَوا على النُّعمَان.
209,225,1,وهؤلاء بنو فطرة بن طييء,1,منهم: جُنْدَب بن عَمّار بن نُعَيْم بن شِهَاب، شَهِدَ القادسية، وكانَ شاعِراً.
209,225,1,وهؤلاء بنو فطرة بن طييء,2,وجَهْمُ بن وَرْدِ بن مَنصُورِ بن سَيَّارُ بن قطبة بن شِهَاب بن نُعَيْم بن شِهَاب، الَّذي تزوج سُلَيْمانُ بن أبي جَعُفْرِ ابِنْته الحَبة.
209,225,1,وهؤلاء بنو فطرة بن طييء,3,ومن بَني أَوْسُ بن حَارِثَةَ: بُجيرُ بن أَوْسُ، وهو أبولَجَأ، فيه يَقُولُ بِشْر بن أبي خَازِمٍ.
209,225,1,وهؤلاء بنو فطرة بن طييء,4,فَإنَّكُمُ ومَدحَكُم بِخُيْر … أَبا لَجَأ كَمَا مَدَحَ أَلأَلَا
209,225,1,وهؤلاء بنو فطرة بن طييء,5,وقد رَأَسَ أبو لَجَأ.
209,225,1,وهؤلاء بنو فطرة بن طييء,6,وصُرَيْم بن أَوْسُ، كانَ في ألفَين وخمس مائة من العَطَاء، فرض له عُمُرّ بن الخَطَّابِ.
209,225,1,وهؤلاء بنو فطرة بن طييء,7,ورَبِيع بن مُرّيّ بن أَوْسُ، كانَ شَرِيفاً مذكوراً، وكانَ الوَليدُ بن عُقَب بن أبي مُعَيْطٍ ولَّى رَبِيع بن مُرّيّ الحِمى بظهر الكُوفَةِ فيه إبل الصَّدَقَة، وكانَ لصَاحِب الحمى قدر ورزق هُنَيّء، وإلى الرَبِيع اليَوْم العدد والبَيْت.
209,225,1,وهؤلاء بنو فطرة بن طييء,8,ونَهيك بن مُعْتِب بن حَارِثَةَ بن أَوْسُ الشَّاعِر. وعَبْسُ الفَوارِس بن حَارِثَةَ بن أَوْسُ.
210,226,1,وهؤلاء بنو فطرة بن طييء,1,وعُروَةُ بن مُضَر بن شِنظْير بن أَنَافَ بن شُرَيحْ بن سَعْدُ بن حَارِثَةَ بن لأم، كانَ شَرِيفاً.
210,226,1,وهؤلاء بنو فطرة بن طييء,2,وعَمّار بن حَسَّان بن شُرَيحْ، قَتَلَ مع الحُسَين بن عَلِيّ بالطَّفَّ.
210,226,1,وهؤلاء بنو فطرة بن طييء,3,"وعُروَةُ بن أَنَافَ بن شُرَيحْ، شَهِدَ النَّهْرَوان مع عَلِيّ بن أبي طالب ﵇ وقَتَلَ يَوْمئذٍ، وقال عَلِيّ ﵇ : "" لَا يَفْلت مِنهم أَحَدٌ، ولا يُقَتَلَ مِنَّا عَشرَةَ "" ، وكانَ هذا فيمن قَتَلَ."
210,226,1,وهؤلاء بنو فطرة بن طييء,4,ومن بَني قَيْس بن حَارِثَةَ: عَرَّامُ بن المُنذِر الَّذي عُمُرّ وقال شعراً:
210,226,1,وهؤلاء بنو فطرة بن طييء,5,فَواللهِ ما أَدرِي أَأَدْرَكْتُ أُمَّةً على عَهْدِ ذِي القَرْنَيْنِ أو كُنتُ أَقْدَمَا
210,226,1,وهؤلاء بنو فطرة بن طييء,6,مَتى تَنْزِعا عَنَّي القَمِيص تَبَيَّنا … جَآجِئ لَمْ يُكْسَينَ لحْماً وَلَا دَمَا
211,227,1,وهؤلاء بنو فطرة بن طييء,1,ومِنْ بَني أَشْنَعَ بن عُمُرّو بن طَرِيف: عُمُرّو بن صَخْر بن أَشْنَعَ، فارس البقيرة، الَّذي طَعَنَ زَيْد الخَيْل يَوْم الفساد.
211,227,1,وهؤلاء بنو فطرة بن طييء,2,ومَنْ وَلَدَه: زَائِدَةُ بن عُمَيْرِ بن أبي عَبْدِ رُضَا بن عُمُرّو بن أَشْنَعَ.
211,227,1,وهؤلاء بنو فطرة بن طييء,3,ووَلَدَ مَالِك بن عُمُرّو بن ثُمَامَةَ: رَبِيعاً، ومَعْقلاً وحِصْناً، وأبا الكِسْرِ، والأَعْشى، وامهم لَمِسُ بِنْت الأعجم من طَيَّيءُ.
211,227,1,وهؤلاء بنو فطرة بن طييء,4,ومَصَادِاً، وأبا حُجَيَّةَ، وقِرْوَاشاً، أمهم الجَرْمَيَّةُ، بها يعرفون.
211,227,1,وهؤلاء بنو فطرة بن طييء,5,وسِنَانُاً، والجُلُّيْح، وجَبَلَةُ، أمهم اليَشْكُرية بها يعرفون.
211,227,1,وهؤلاء بنو فطرة بن طييء,6,وقَيْساً، وجزّياً، أُمُّهُما من الغَوْثَ.
211,227,1,وهؤلاء بنو فطرة بن طييء,7,منهم: حُيَيُّ الفَوارِس بن أبيّ بن مَصَادِ بن مَالِك بن عُمُرّو بن ثُمَامَةَ.
211,227,1,وهؤلاء بنو فطرة بن طييء,8,والكَرَوَّسُ بن زَيْد بن الجَزْم بن مَصَاف بن مَعْقل بن مَالِك بن عُمُرّو بن ثُمَامَةَ الشَّاعِر، وله يَقُولُ ابن الزُّبَير الأَسَدُيّ:
211,227,1,وهؤلاء بنو فطرة بن طييء,9,لَعُمُرّي لَقَد جَاءَ الكُرَوَّسُ كَاظِماً … على خَبَرٍ للصَالِحينَ وَجميعِ
212,228,1,وهؤلاء بنو فطرة بن طييء,1,والكرَّوس هو الَّذي جاء بقَتَلَ أهْلِ الحُرّة إلى الكُوفَةِ.
212,228,1,وهؤلاء بنو فطرة بن طييء,2,ومنهم: عُمُرّان بن ثُمَامَةَ بن عُمُرّو بن خَوْط بن قِرْوَاش بن هَوْذَة بن رَبِيع بن مَالِك بن عُمُرّو بن ثُمَامَةَ، ولي بَعْث أهْلِ حِمْص.
212,228,1,وهؤلاء بنو فطرة بن طييء,3,ووَلَدَ زَيْد بن عُمُرّو بن ثُمَامَةَ: حُوَيْصا، وحِسْلاً، أُمُّهُما عَدَسَةَ بِنْت حِصْن بها يعرفون، وكَعْباً، ووائِلُاً.
212,228,1,وهؤلاء بنو فطرة بن طييء,4,منهم: بَاعِث بن حُوَيْص بن زَيْد بن عُمُرّو بن ثُمَامَةَ الَّذي أغَارَ على إبل امُرّئ القَيْس بن حُجْر.
212,228,1,وهؤلاء بنو فطرة بن طييء,5,مِنْ وَلَدَه: مَيْثاً بن الصَهْوِ بن بَاعِث بن جُدَيُّلةُ.
212,228,1,وهؤلاء بنو فطرة بن طييء,6,وسَلَمَةَ بن الصَهْوِ.
212,228,1,وهؤلاء بنو فطرة بن طييء,7,وصُهَيْبُ بن نَبْطيّ بن عَبْدِ رُضَا بن حُوَيْص بن زَيْد الشَّاعِر.
212,228,1,وهؤلاء بنو فطرة بن طييء,8,وإِياسُ بن حِصْن بن عَبْدِ رُضَا، قَتِيل كَلْب، وكانَ شَرِيفاً.
212,228,1,وهؤلاء بنو فطرة بن طييء,9,هَؤُلاءِ بَنو ذُهْل بن رُومَانُ وَوَلَدَ ثُعَلُبَةَبن رُومَانُ: مسُعُوَدّاً، بَطن، ووائِلُاً، وسَعْدُاً، وهو الأَخْيَفُ.
213,229,1,وهؤلاء بنو فطرة بن طييء,1,فَوَلَدَ وائِلُ بن ثُعَلُبَةَ: عَوْفُاً.
213,229,1,وهؤلاء بنو فطرة بن طييء,2,فَوَلَدَ عَوْفُ بن وائِلُ: ثُعَلُبَةَ، ومَالِكاً، ومَالِكاً بَطن، وعَدِيّاً، وأُذَيْناً، بُطون.
213,229,1,وهؤلاء بنو فطرة بن طييء,3,فَوَلَدَ ثُعَلُبَةَبن عَوْفُ: عُمُرّاً.
213,229,1,وهؤلاء بنو فطرة بن طييء,4,فَوَلَدَ عُمُرّو بن ثُعَلُبَةَبن عَوْفُ: مِلْقطِاً، وهم الشَّوك كَثْرةً، وعَبْدِ شَمسْ، ولأياً، ورَبِيعَةَ.
213,229,1,وهؤلاء بنو فطرة بن طييء,5,منهم: عُمُرّو بن ثُعَلُبَةَبن غِيَاث بن مِلْقطٍ الشَّاعِر، كانَ بَعَثَهُ عَمُرّو بن هِنْدُ على مُقَدَمتِهِ، فأخَذَ مَنْ أخَذَ مَنْ بَني تَمِيم بأُوَارَة فَحَرَقَهُم بأخٍ لعُمُرّو بن هِنْدُ، كانَ مُسْتعرُضَا عند زُرَارَة بن عُدَس فَقَتَلَه سُوَيْدُ بن زَيْد بن عَبْدِ الله بن دَارِم، وفيه يَقُولُ الطَّرمَّاحُ:
213,229,1,وهؤلاء بنو فطرة بن طييء,6,وَدّارِماً قَدْ قَتَلَنا مِنْهم مَائَةً … في جَاحِم النَّار إذ يَنزُونَ بالخدَدِ
213,229,1,وهؤلاء بنو فطرة بن طييء,7,والأَسَدُ الرَّهِيص، وهو جَبَّارُ بن عُمُرّو بن عُمَيْرِة بن ثُعَلُبَةَ بن ثُعَلُبَةَ بن غِيَاث، وكانَ مِنْ فُرسَانِهم بالَجَاهْلِية.
214,230,1,وهؤلاء بنو فطرة بن طييء,1,وطَرِيفُ بن زَمْلِ بن عُمَيْرِة بن تَمِيم بن عَوْفُ بن مَالِك بن ثُعَلُبَةَ، الَّذي نَزَلَ به امُرّؤ القَيْس، ولَهُ يَقُولُ:
214,230,1,وهؤلاء بنو فطرة بن طييء,2,أَنِعمَ الفَتَى تَغْشو إلى ضَوءِ نارهِ … طَرِيف بن زَمْلٍ لَيلةَ الرَّيحِ والخَصرِ
214,230,1,وهؤلاء بنو فطرة بن طييء,3,ويُقَال وَلَدَ ثُعَلُبَةَبن رُومَانُ: وائِلُاً.
214,230,1,وهؤلاء بنو فطرة بن طييء,4,وَوَلَدَ وائِلُ بن ثُعَلُبَةَ: ثُعَلُبَةَ، وعَوْفُاً، وأَدْيَنَ، ومسُعُوَدّاً، وَهُم لُصُوص بأرضِ حِمْص.
214,230,1,وهؤلاء بنو فطرة بن طييء,5,فَوَلَدَ ثُعَلُبَةَبن وائِلُ: عَوْفُاً، وعُمُرّاً.
214,230,1,وهؤلاء بنو فطرة بن طييء,6,فَوَلَدَ عَوْفُ بن ثُعَلُبَةَ بن بن وائِلُ: عَدِيّاً بَطن.
214,230,1,وهؤلاء بنو فطرة بن طييء,7,وَوَلَدَ عُمُرّو بن ثُعَلُبَةَ: مِلْقطِاً.
214,230,1,وهؤلاء بنو فطرة بن طييء,8,فَوَلَدَ مِلْقطٍ بن عُمُرّو: غِيَاثاً.
214,230,1,وهؤلاء بنو فطرة بن طييء,9,فَوَلَدَ غِيَاث بن مِلْقطٍ: ثُعَلُبَةَ المُتهمِّل، وكانَ شَرِيفاً وولدُهُ لُصُوص، وهم قَلِيل، يُقَال لهم: القِشْوَّة، فهم المَثَلُ في العَرَبِ سرَقاَ، مِثل الضِّبَاب في قَيْس.
214,230,1,وهؤلاء بنو فطرة بن طييء,10,وعُمُرّو بن ثُعَلُبَةَ الشَّاعِر الشَرِيف الَّذي أحرق بَني تَمِيم.
214,230,1,وهؤلاء بنو فطرة بن طييء,11,فَوَلَدَ عُمُرّو بن ثُعَلُبَةَ: عَبْدِ عُمُرّ، وخَالِداً.
215,231,1,وهؤلاء بنو الغوث بن طييء,1,فَوَلَدَ عَبْدِ عُمُرّو بن عُمُرّو: حَشْرَجاً، وحُرَيْثاً؛ أُمُّهُما النَاقِمَيَّةُ بها يعرفون.
215,231,1,وهؤلاء بنو الغوث بن طييء,2,فَوَلَدَ خَالِد بن عَبْدِ عُمُرّو: عَدِيّاً، وسُلَيْماً، وعِصَمَ، لُصُوص.
215,231,1,وهؤلاء بنو الغوث بن طييء,3,هَؤُلاءِ بَنو ثُعَلُبَةَ بن رُومَانُ بن جُنْدَب بن حَارِثَةَ بن سَعْدُ بن فْطْرَةَ بن طَيَّيءُ.
215,231,1,وهؤلاء بنو الغوث بن طييء,4,وهَؤُلاءِ بَنو الغَوْثَ بن طَيَّيءُ
215,231,1,وهؤلاء بنو الغوث بن طييء,5,وَوَلَدَ الغَوْثَ بن طَيَّيءُ: عُمُرّاً، ولؤياً، وقَيْساً، وأبا سُوَدّ، ويزَيْد.
215,231,1,وهؤلاء بنو الغوث بن طييء,6,فَوَلَدَ يزَيْد بن الغَوْثَ امُرّأةً يُقَال لها هِنْدُ، تَزَوَّجها ثَوْر بن كَلْب بن وَبَرَةَ.
215,231,1,وهؤلاء بنو الغوث بن طييء,7,فَوَلَدَ ت له: رُفَيْدَةَ وعُرَيبَةَ، وصُبْحاً، وضَبْحاً.
215,231,1,وهؤلاء بنو الغوث بن طييء,8,وَوَلَدَ لؤي بن الغَوْثَ: أُمَامَةَ، وهو مِمّن طَلَبَ الجَمَلَ، لا عَقِب له.
215,231,1,وهؤلاء بنو الغوث بن طييء,9,وَوَلَدَ قَيْس بن الغَوْثَ: المُفَضَّل، وهو أَوَّل من قال الشعر بعد طَيَّيءُ من طَيَّيءُ:
215,231,1,وهؤلاء بنو الغوث بن طييء,10,"""أعْيَا الَّذي عَلَمٌ لكل طَبِيبِ """
215,231,1,وهؤلاء بنو الغوث بن طييء,11,وَوَلَدَ عُمُرّو بن الغَوْثَ بن طَيَّيءُ: ثُعَلُاً، إليه العدد، وثُعَلُبَةَ، وهو جَرْم، والأَسْوَدّانِ، وهو نَبْهَانَ، وغُصَيْناً، وهو بَوْلَان، وهُنَيّاً، ومُرّاً، وعَدِيّاً، وغَيْثاً، أُمُّهُم المِسْكُ بِنْت ذِي رُعَيْن.
216,232,1,وهؤلاء بنو الغوث بن طييء,1,فَدَخَلَ أعْلى، وأَنْعَمُ، وظَبْيَانُ، وبُدَيناً في مُرّاد، ويُقَال لِغيثٍ، وبُدين، وحَسَن، وحُسَين الأَحْلَاف، دَخَلَوا في بَني هُنَيّ بن عُمُرّو.
216,232,1,وهؤلاء بنو الغوث بن طييء,2,فمن بَني هُنَيّ بن عُمُرّو: إِياسُ بن قَبيِصَةَ بن أبي عُفْرِ بن النُّعمَان بن حَيَّةَ بن سُعْنَة بن الحَارِثَ بن الحُوَيْرِث بن سُفيانَ بن مَالِك بن هُنَيّ بن عُمُرّو، مَلَكَ الحَيرَة، الَّذي إمَتَدَحَهُ الأَعْشى.
216,232,1,وهؤلاء بنو الغوث بن طييء,3,وحَنْظَلَةُ الرَاهِب بن أبي عُفْرِ، الَّذي يَقُولُ:
216,232,1,وهؤلاء بنو الغوث بن طييء,4,ومَهْمَا يَكُنْ رِيبُ المَنُونِ فإِنَّني … أَرى قَمُرّ اللَّيِلِ المُعَذَبَ كالفَتَى
216,232,1,وهؤلاء بنو الغوث بن طييء,5,وأبو زُبَيْد، وهو حَرْمَلَةَ بن المُنذِر بن معَدِيّكرب بن حَنْظَلَةُ بن النُّعمَان ابن حَيَّةَ بن سُعْنَة بن الحَارِثَ بن حُوَيْرِث بن سُفيانَ بن مَالِك بن هُنَيّ بن عُمُرّو الشَّاعِر.
217,233,1,وهؤلاء بنو الغوث بن طييء,1,وحَسَّان، فارس الضُبَيْب، ابن حَنْظَلَةُ بن أبي رُهْم بن حَسَّان بن حَيَّةَ.
217,233,1,وهؤلاء بنو الغوث بن طييء,2,واللَّجُلُّاّجُ بن أَوْسُ بن عُتَبَةَ بن الأَسْوَدّ بن حَنْظَلَةُ بن النُّعمَان بن حَيَّةَ، الَّذي رثاهُ أبو زُبَيْد:
217,233,1,وهؤلاء بنو الغوث بن طييء,3,غَيْر أَنَّ اللَّجُلُّاّجَ هَدَّ جَنَاحِي … يَوْم فَارَقتُهُ بأَعْلى الصَّعِيدٌ
217,233,1,وهؤلاء بنو الغوث بن طييء,4,"بَنو هُنَيّ كلهم رَمِليُون ما خَلَا ابن سَمِينَا، فإنَّهم أقَاموا بالحَيرَة؛ وأما الآخرون فَدَخَلَوا "" الحَيرَة مع إِياسُ "" ."
217,233,1,وهؤلاء بنو الغوث بن طييء,5,وَوَلَدَ ثُعَلُ بن عُمُرّو بن الغَوْثَ بن طَيَّيءُ: سَلأمَانَ، وجَرْوَلاً، ونَصْراً، وعُمُرّاً، وقَيْساً، دَرَجَوا الثلاثة.
217,233,1,وهؤلاء بنو الغوث بن طييء,6,فَوَلَدَ سَلمَانُ بن ثُعَلُ: عُنَيْنُاً، وثُعَلُبَةَ، ونَبْلا.
217,233,1,وهؤلاء بنو الغوث بن طييء,7,فَوَلَدَ عُنَيْنُ بن سَلأمَانَ: عَتُوَدّاً، وفَرِيراً، وخَالِداً، دَرَجَ، أُمُّهُم، بِنْت مُرّ بن عُمُرّو بن الغَوْثَ.
217,233,1,وهؤلاء بنو الغوث بن طييء,8,فَوَلَدَ عَتُوَدّ بن عُنَيْنُ بن عَتُوَدّ: مَعْنُاً بَطن، وبُحْتُر بَطن عظيم؛ أُمُّهُما مي بِنْت عُمُرّو بن مَامَةَ.
217,233,1,وهؤلاء بنو الغوث بن طييء,9,فَوَلَدَ مَعْنُ بن عَتُوَدّ: ثَوْراً، وثَوْباً.
217,233,1,وهؤلاء بنو الغوث بن طييء,10,فَوَلَدَ ثَوْب بن مَعْنُ: غَنْمُاً، وحَارِثَةَ.
218,234,1,وهؤلاء بنو الغوث بن طييء,1,فَوَلَدَ غَنْمُ بن ثَوْب: سِلْسِلَةَ، وعُمُرّاً، ونُحيماً، بَطن، وهو نُعَاسُ، وأبا حَارِثَةَ، وامُرّأ القَيْس، وأُسَيْدُاً؛ أُمُّهُم: عُفْرِةُ بِنْت مَالِك بن أمَانَ.
218,234,1,وهؤلاء بنو الغوث بن طييء,2,فَوَلَدَ سِلْسِلَةَ بن غَنْمُ: عُمُرّاً، وَدّعْساً، بَطن، وحَيّاً.
218,234,1,وهؤلاء بنو الغوث بن طييء,3,فَوَلَدَ عُمُرّو بن سِلْسِلَةَ: أَفْلَتَ، وعُمُرّاً بَطن، وعُبَيْداً، بَطن.
218,234,1,وهؤلاء بنو الغوث بن طييء,4,فَوَلَدَ أَفْلَتَ بن عُمُرّو: عَدِيّاً بَطن، وخَيْبَريّاً، بَطن، وعَبْدِ عُمُرّو، والحَارِثَ.
218,234,1,وهؤلاء بنو الغوث بن طييء,5,فمن بَني عَدِيّ بن أَفْلَتَ: عَنْترَةَ المَعْنُي بن الَأخْرَس بن ثُعَلُبَةَ بن صُبَيْح بن معَبْدِ بن عَدِيّ الشَّاعِر.
218,234,1,وهؤلاء بنو الغوث بن طييء,6,وابنُهُ رَيْسَان الشَّاعِر.
218,234,1,وهؤلاء بنو الغوث بن طييء,7,ونَافِذُ بن زُهَيْر بن ثُعَلُبَةَ، قَتَلَ يَوْم الأَجْعَدِ، وله يَقُولُ المَعْنُي:
218,234,1,وهؤلاء بنو الغوث بن طييء,8,يَا عَيْنُ فَأبكي نَافِذاً وَعَيْسا … يَوْماً إِذَا كانَ البِرَازُ نَحْسا
218,234,1,وهؤلاء بنو الغوث بن طييء,9,والحُرّ بن عُمُرّو بن ثُعَلُبَةَ بن صُبَيْح الشَّاعِر.
218,234,1,وهؤلاء بنو الغوث بن طييء,10,"ومن بَني خَيْبَريّ بن أَفْلَتَ: مُدلج بن سُوَيْدُ بن مُرّثَد بن خَيْبَريّ، وهو الَّذي أَخَرَجَ النَفْرِ المَذْحِجَّيين إلى الحُسَين بن عَلِيّ "" ﵉ "" بالكُوفَةِ."
218,234,1,وهؤلاء بنو الغوث بن طييء,11,ومعدانُ بن عَبْدِ، كانَ شَرِيفاً شاعراً، وهو الَّذي لَقِيَ أهْلِ المَدينةِ يَوْم
219,235,1,وهؤلاء بنو الغوث بن طييء,1,المُنَتَهب يَوْم وَجَّه اليهم مُرّوَان بن مُحَحَّدُ الجُنوَدّ وهَزَموا ذَلِك الجُنْد.
219,235,1,وهؤلاء بنو الغوث بن طييء,2,ومُرّوَان، وإِياسُ الشَّاعِران إبنا مَالِك بن عَبْدِ الله بن خَيْبَريّ، وكانَ أبوهما وَفَدَ إلى النَّبي ﷺ .
219,235,1,وهؤلاء بنو الغوث بن طييء,3,"وجُلُّيُّ بن حَوْط بن عَبْدِ عَامُرّ بن الحَارِثَ بن خَيْبَريّ، كانَ شَرِيفاً، وتزوج أبِنْته سُلَيْمانُ بن سُلَيْم بن كَيْسَان مَوْلى بِشْر بن عَامُرّة بن حَسَّان بن جَبَّارُ بن قُرطٍ الكَلْبيّ، فأُدَخَلَتْ عَلِيّه فَقَالَ: "" وَيْحَكِ ما أَهْزَلَكِ "" قالت: "" الهُزَالُ أَدَخَلَني إليك "" فَطَّلَقَها، فَخَطَبَها مُرّدَاسُ بن عَبْدِ الله بن كَيْسَان بن مَاوِية، فَلمَّا قيل لها: خطبكِ كَيْسَان، قالت: كَيْسَانان لا يكونُ هَذا أَبداً، فَقِيل لها: هذا عَرَبيّ شَرِيف من بَني مَاوِية من كَلْب، فَتَزوَّجَتْهُ."
219,235,1,وهؤلاء بنو الغوث بن طييء,4,وثُعَلُبَةَ بن عَبْدِ عُمُرّو بن أَفْلَتَ، كانَ رَئِيساً في وَقعَةِ سَوْم المَجَامُرّ؛ وهو جد زَيْد بن حَارِثَةَ لأمة.
219,235,1,وهؤلاء بنو الغوث بن طييء,5,ومِنْ بَني عُمُرّو بن سِلْسِلَةَ: عَدِيّ الأَعْرَج الشَّاعِر ابن عُمُرّو بن سُوَيْدُ بن زَيَّان بن عُمُرّو، جأهْلِيّ إِسلَاميّ، وهو الَّذي يَقُولُ:
219,235,1,وهؤلاء بنو الغوث بن طييء,6,تَرَكْتُ الشِّعرَ واسَتْبدَلتُ مِنهُ … إِذَا دَاعِي مُنَادِي الصُّبْحِ واما
220,236,1,وهؤلاء بنو الغوث بن طييء,1,كِتَابَ اللهِ لَيسَ لَهُ شَرِيكُ … وَوَدّعْتُ المُدَامَةَ والنَّدَاما
220,236,1,وهؤلاء بنو الغوث بن طييء,2,وَوَدّعْتُ القِّداحَ وقد أُرَاني … بِها شِركاً وَلَو كانَتْ حَرَاما.
220,236,1,وهؤلاء بنو الغوث بن طييء,3,وسُوَيْدُ بن زَيَّان، وابنُهُ عُمُرّو وَفَدَ على النُّعمَان.
220,236,1,وهؤلاء بنو الغوث بن طييء,4,ومِنْ بَني حُيَيُّ بن عُمُرّو بن سِلْسِلَةَ: بَهذالُ بن مَالِك بن طُفَيْل بن مُنيِف بن أَوْسُ بن حُيَيُّ بن سِلْسِلَةَ، كانَ رئيس مَعْنُ يَوْم لقوا رُسُلَ نَجَدَة الخارجّي بالأجْفار فَقَتَلَوهم.
220,236,1,وهؤلاء بنو الغوث بن طييء,5,ومِقبَاسُ بن حُصيْن بن وَبَرَةَ بن عَدِيّ بن حُيَيُّ.
220,236,1,وهؤلاء بنو الغوث بن طييء,6,ومَنْ بَني دَعْس بن عُمُرّو: جَحْدَمُ، وضَبَّابُ، وأبوسَيِّد، ومَالِك دَخَلَ في بَني القَيْنِ بن جَسْر، ويزَيْد دَرَجَ.
220,236,1,وهؤلاء بنو الغوث بن طييء,7,منهم: وَبَرَةَ بن سَلَامَةَ بن أَوْسُ بن قحْذَم بن دَعْس.
220,236,1,وهؤلاء بنو الغوث بن طييء,8,ووَلَدَ حُيَيُّ بن عُمُرّو بن سِلْسِلَةَ بن غَنْمُ: جَابِراً، وأبا حَارِثَةَ، وطَرِيفا.
220,236,1,وهؤلاء بنو الغوث بن طييء,9,منهم: مِقبَاسُ وزُهَيْر، ووقْدانُ، وَحَمُرّةَ، وسُعَيْراً، وثُعَلُبَةَ، وبَحْرٌ، وبُحيْر، ولُخيْم، بَنو حُصيْن بن وَبَرَةَ بن عَدِيّ بن جَابِر بن حُيَيُّ كانَوا أشرافاً، اليهم العدد.
220,236,1,وهؤلاء بنو الغوث بن طييء,10,وقَتَلَ لوَبَرَةَ تِسْعَةُ مِنْ الخَوارِج يَوْم الَأجْفر.
220,236,1,وهؤلاء بنو الغوث بن طييء,11,ووَلَدَ أبو حَارِثَةَ بن حَارِثَةَ بن حُيَيُّ: قُرْطاً، وعَبْدِ الله.
220,236,1,وهؤلاء بنو الغوث بن طييء,12,منهم: خلاَّس بن حَارِثَةَ بن قُرْط بن أبي حَارِثَةَ.
221,237,1,وهؤلاء بنو الغوث بن طييء,1,وحبَّال، وعِصَام ابنا بِشْر بن جَابِر بن قرْط، كانَا شَرِيفين.
221,237,1,وهؤلاء بنو الغوث بن طييء,2,وزَيْد بن حَبّال، وكانَت مَعَهُ رايتهم يَوْم نَجَدَة، وكانَ أميرُهْم زِيَادُ بن حِسْلِ بن وَبَرَةَ.
221,237,1,وهؤلاء بنو الغوث بن طييء,3,وصَاحِب بن عِصَام بن بِشْر، قَتَلَ من أَصْحاب نَجَدَة اثني عَشَر رجُلُّاّ.
221,237,1,وهؤلاء بنو الغوث بن طييء,4,وذَرِبُ بن حَوْط بن عَبْدِ الله بن أبي حَارِثَةَ.
221,237,1,وهؤلاء بنو الغوث بن طييء,5,وَلِذَرِبُ يَقُولُ أَدْهَمُ بن الزَّعْرَاء، وكانَ قد حَكَمَ في الَجَأهْلِية حُكومَةً وافَقَتْ السُّنَّةَ في الاِسْلَامِ.
221,237,1,وهؤلاء بنو الغوث بن طييء,6,وسَعْدُ بن حُبَاب بن حَوْط بن قرْط، وكانَ إمامهم أيام نَجَدَة.
221,237,1,وهؤلاء بنو الغوث بن طييء,7,ومنهم: أَدْهَمُ بن أبي الزَّعْرَاء الشَّاعِر، وإسمه سُوَيْدُ بن مسَعْدُ بن جَعُفْرِ بن طَرِيف.
221,237,1,وهؤلاء بنو الغوث بن طييء,8,هَؤُلاءِ بَنو سِلْسِلَةَ بن غَنْمُ بن ثَوْب بن مَعْنُ.
222,238,1,وهؤلاء بنو عمرو بن غنم بن ثوب,1,وهَؤُلاءِ بَنو عُمُرّو بن غَنْمُ بن ثَوْب
222,238,1,وهؤلاء بنو عمرو بن غنم بن ثوب,2,ووَلَدَ عُمُرّو بن غَنْمُ بن ثَوْب: عَبْدِ رُضَا، وأبا كَعْب.
222,238,1,وهؤلاء بنو عمرو بن غنم بن ثوب,3,فَوَلَدَ عَبْدِ رُضَا بن عُمُرّو: عَبْدِ الله.
222,238,1,وهؤلاء بنو عمرو بن غنم بن ثوب,4,فَوَلَدَ عَبْدِ الله بن عَبْدِ رُضَا: عُمُرّاً، وهم أَصْوَات، بَطن، صَغِير.
222,238,1,وهؤلاء بنو عمرو بن غنم بن ثوب,5,فَوَلَدَ أَصْوَات بن عَبْدِ الله: عَبْدِ الله بن أَصْوَات.
222,238,1,وهؤلاء بنو عمرو بن غنم بن ثوب,6,فَوَلَدَ عَبْدِ الله: مُرّاً.
222,238,1,وهؤلاء بنو عمرو بن غنم بن ثوب,7,فَوَلَدَ مُرّ بن عَبْدِ الله: رَبِيعاً، وزَيْداً، وعَبْدِ الله.
222,238,1,وهؤلاء بنو عمرو بن غنم بن ثوب,8,ووَلَدَ أبو كَعْب بن عُمُرّو: أُسَيْدُ بن أبي كَعْب.
222,238,1,وهؤلاء بنو عمرو بن غنم بن ثوب,9,ووَلَدَ أُسَيْدُ بن أبي كَعْب: عُبَيْدة هَؤُلاءِ بَنو عُمُرّو بن غَنْمُ بن ثَوْب.
222,238,1,وهؤلاء بنو عمرو بن غنم بن ثوب,10,وهَؤُلاءِ بَنو لُجَيْم ين غَنْمُ بن ثَوْب
222,238,1,وهؤلاء بنو عمرو بن غنم بن ثوب,11,ووَلَدَ لُجَيْم بن غَنْمُ بن ثَوْب: عُمَيْرِة، وحَسَّاناً، دَرَجَ.
222,238,1,وهؤلاء بنو عمرو بن غنم بن ثوب,12,فَوَلَدَ عُمَيْرِة بن لُجَيْم: جَابِراً، وهو أبو أمْنٍ.
222,238,1,وهؤلاء بنو عمرو بن غنم بن ثوب,13,فَوَلَدَ أبو أمْن بن عُمَيْرِة: عُبَيْدة.
222,238,1,وهؤلاء بنو عمرو بن غنم بن ثوب,14,فَوَلَدَ عُبَيْد بن أبي أَمْنٍ: حَمْلُاً، ونافِعُاً.
222,238,1,وهؤلاء بنو عمرو بن غنم بن ثوب,15,فَوَلَدَ حَمْلُ بن عُبَيْد: الجَعْدَ، والأَشْعَثَ، وشُعَيْثاً.
222,238,1,وهؤلاء بنو عمرو بن غنم بن ثوب,16,فَوَلَدَ الأَشْعَثَ بن حَمْلُ: رَبِيعاً، والمُحِلَّ.
222,238,1,وهؤلاء بنو عمرو بن غنم بن ثوب,17,ووَلَدَ نافِعُ بن عُبَيْد: أَوْسُاً، وزَيْداً.
222,238,1,وهؤلاء بنو عمرو بن غنم بن ثوب,18,فَوَلَدَ أَوْسُ بن نافِعُ: عَبْدِ الله، وعُبَيْداً، ولَاحَقُاً.
222,238,1,وهؤلاء بنو عمرو بن غنم بن ثوب,19,هَؤُلاءِ بَنو غَنْمُ بن ثَوْب
223,239,1,هؤلاء بنو حارثة بن ثوب,1,هَؤُلاءِ بَنو حَارِثَةَ بن ثَوْب
223,239,1,هؤلاء بنو حارثة بن ثوب,2,ووَلَدَ حَارِثَةَ بن ثَوْب: غَنْمُا فَوَلَدَ غَنْمُ بن حَارِثَةَ: عَصَرُاً، أُبيّا، بَطنَان.
223,239,1,هؤلاء بنو حارثة بن ثوب,3,فَوَلَدَ عَصَرُ بن غَنْمُ: عَبْدِاً منهم: عُمُرّ بن المُسَبَّح بن كَعْب بن طَرِيف بن كَعْب، كانَ أَرْمى العَرَبِ، له يَقُولُ امُرّؤ القَيْس بن حُجْر:
223,239,1,هؤلاء بنو حارثة بن ثوب,4,رُبَّ رَامٍ مِنْ بَني ثُعَلٍ … مُخْرجٌ كَفَّيْهِ مِنْ سُتَرِه
223,239,1,هؤلاء بنو حارثة بن ثوب,5,وقال الشَّاعِر:
223,239,1,هؤلاء بنو حارثة بن ثوب,6,لَيْتَ الغُرَاب رَمَى حَمَاطةَ قَلْبِهِ … عُمُرّو بأَسهُمِهِ التَّي لا تَغْلِب
223,239,1,هؤلاء بنو حارثة بن ثوب,7,وأَدرَكَ النَّبي ﷺ وهو ابن خمسين ومَائة سنة، فأسلَمَ وحَسَن اسلَامَهُ ووَلَدَ ابي بن غَنْمُ بن حَارِثَةَ: سَيْفاً، مسُعُوَدّ، وحَارِثَةَ، حَضَنتْهُم امه يُقَال لها غَزِيّةَ، فَغَلبتْ عَلِيّهم هَؤُلاءِ بَنو ثَوْب بن مَعْنُ
223,239,1,هؤلاء بنو حارثة بن ثوب,8,وهَؤُلاءِ بَنو وَدّ بن مَعْنُ
223,239,1,هؤلاء بنو حارثة بن ثوب,9,ووَلَدَ وَدّ بن مَعْنُ: وَدّاً، جذيمه
224,240,1,وهؤلاء بنو ود بن معن,1,فَوَلَدَ وَدّ بن وَدّ بن مَعْنُ: عَبْدِ الرُضَا، وغِشَاشَاً فَوَلَدَ عَبْدِ رُضَا بن وَدّ: رَبِيعَةَ.
224,240,1,وهؤلاء بنو ود بن معن,2,فَوَلَدَ رَبِيعَةَ بن عَبْدِ الرُضَا: حَقُاً فَوَلَدَ حَقُ بن رَبِيعَةَ: جُلُّاّ أُمُّهُ: سَفَّانَةُ بِنْت سَنَام بن تَدُوْل بن بُحْتُر فَوَلَدَ جُلُّ بن حَقُ: سَكْنُاً، ورَاحَةَ، وحُجْراً، أُمُّهُم: فَكْهَةُ بِنْت حِصْن ابن عَبْدِ الرُضَا بن زَيْد بن عُمُرّو بن ثُمَامَةَ فَوَلَدَ سَكْنُ بن جُلُّ: سُوَيْدُاً، ورَافِعاً أُمُّهُما: نُسَيْبَةُ بِنْت ذَرِبُ بن حَوْط صَاحِب الحُكومة ووَلَدَ رَوَاحَةُ بن جُلُّ: قَسَامَةُ الشَّاعِر، وعَدِيّاً أُمُّهُما: مُلَيْكَةُ بِنْت الأَعَزّ بن عِزَاب بن وَدّ ووَلَدَ حَجْوَةَ بن وَدّ: حَرْمَلَةَ، وسعِيداً أُمُّهُما: كبشة بِنْت عُبَيْد بن سِلْسِلَةَ.
224,240,1,وهؤلاء بنو ود بن معن,3,ووَلَدَ جَذِيمةُ بن وَدّ بن مَعْنُ: غُرَاباً، بَطن زَينَبُ بِنْت عُمُرّو بن فَزَارَةَ واخوه لامه غُرَاب بن ظَالِم بن فَزَارَةَ.
224,240,1,وهؤلاء بنو ود بن معن,4,فَوَلَدَ غُرَاب بن جَذِيمةُ: : عُمُرّاً، وامه: سَفَّانَةُ بِنْت سَنَام بن تَدُوْل بن بُحْتُر
225,241,1,وهؤلاء بنو ود بن معن,1,فَوَلَدَ عُمُرّو بن غُرَاب: الأَغَرَّ، وجَابِراً، عَبْدِ الرُضَا امهم: بِنْت عُبَيْد بن عمياس بن وَدّ فَوَلَدَ عَبْدِ الرُضَا: عُمُرّاً، عَبْدِ الله فَوَلَدَ عَبْدِ الله بن رُضَا: حِصْناً.
225,241,1,وهؤلاء بنو ود بن معن,2,فَوَلَدَ حِصْن بن عَبْدِ الله: عَبْدِ الرُضَا، وقَيْساً أُمُّهُما: هِنْدُ بِنْت مُرّ من بَني أَصْوَات منهم: ابو المِقدَامِ الشَّاعِر، وهو الاخَيْل بن عُبَيْد بن الأَغْشَم بن قَيْس ووَلَدَ عَبْدِ الله بن حِصْن: حُبَيْشاً وحُبَاشَةَ، جِبْشيّاً، مَالِكاً ووَلَدَ الأَغَرَّ بن عُمُرّو: غُرَاباً، سَحْنَاً، لأْماً، وخَالِداً امهم ك عَلْباءُ بِنْت سُعْنَة مِن بَني الحِزمُرّ فَوَلَدَ سَحْتُ بن الأَغَرَّ ك رَافِعاً، حُبَيْشاً، وُمَكِملاً، وحُجْبِاً امهم زَينَبُ بِنْت سَكْنُ بن جُلُّ
225,241,1,وهؤلاء بنو ود بن معن,3,منهم: عَبْسُ بن حُيَيُّ قَتَلَ يَوْم الأَجْفُرِ.
225,241,1,وهؤلاء بنو ود بن معن,4,ونَافِذُ بن زُهَيْر. قال الشَّاعِر:
225,241,1,وهؤلاء بنو ود بن معن,5,"""يا عَيْنُ فَابْكيِ نَافِذُاً وعَبْسُاً"""
225,241,1,وهؤلاء بنو ود بن معن,6,هَؤُلاءِ بَنو مَعْنُ بن معَتُوَدّ
226,242,1,بنو بحتر بن عتود,1,هَؤُلاءِ بَنو بُحْتُر بن عَتُوَدّ
226,242,1,بنو بحتر بن عتود,2,ووَلَدَ بُحْتُر بن عَتُوَدّ: تَدُوْلاً، امه هِنْدُ بِنْت ثُعَلُبَةَ بن جَدْعَاء من ذُهْل.
226,242,1,بنو بحتر بن عتود,3,فَوَلَدَ تَدُوْل بن بُحْتُر: جُدَيُّاً، واغور، أُمُّهُما: عُمُرّة بِنْت مَالِك بن موقع بن دَبَّابُ بن جَرْم، بها يعرفون.
226,242,1,بنو بحتر بن عتود,4,فَوَلَدَ جُدَيُّ بن تَدُوْل: أبا حَارِثَةَ، أمه: كَرِيمَةُ بِنْت جَبَلَةُ بن مَالِك بن عُمُرّو بن ثُمَامَةَ.
226,242,1,بنو بحتر بن عتود,5,فَوَلَدَ ابو حَارِثَةَ بن جُدَيُّ: عَتَّابُاً، جُشَمَ بَطن، والحَارِثَ بَطن، أمهم: زَينَبُ بِنْت غَاضِرَةَ من بَني أَسَدٍ.
226,242,1,بنو بحتر بن عتود,6,فَوَلَدَ عَتَّابُ بن ابي حَارِثَةَ: عُمُرّاً، وحَارِثَةَ، بَطن، وهَذَمَةَ بَطن، وقَيْساً، أمهم: مَاوِية بِنْت ابي كَعْب بن عَبْدِ الله بن سَعْدُ بن فَرِير.
226,242,1,بنو بحتر بن عتود,7,وحُطاً بَطن؛ أُمُّهُ: هَالَةُ بِنْت جَابِر بن جُدْعَان بن أَيمنُ بن تَدُوْل.
226,242,1,بنو بحتر بن عتود,8,فَوَلَدَ عُمُرّو بن عَتَّابُ: لأماً، وقد رَأَسَ. وحَرْبُاً، وطَوْقاً، أُمُّهُم: هِنْدُ بِنْت صُفَيُّ بن سِلْسِلَةَ بن أَعْوَر.
226,242,1,بنو بحتر بن عتود,9,فَوَلَدَ لأم بن عُمُرّو: شُرَيحْاً، وقد رَأَسَ، وصُلحاً، وقد رَأَسَ، وجُذيلة، وقد رَأَسَ، وعُمُرّاً، وأبا عُمُرّو، وحَرْبُاً، وعَتَّابُاً، أُمُّهُم: هِنْدُ بِنْت حَارِثَةَ بن عَتَّابُ.
226,242,1,بنو بحتر بن عتود,10,وفَضَالَةُ بن لأم الشَّاعِر، أُمُّهُ من بَني الأَعْوَر.
226,242,1,بنو بحتر بن عتود,11,فَوَلَدَ حَرْبُ بن لأم: عَمّارة، وكانَ فارسِاً؛ وحسَّاناً، وحَازِماً دَرَجَ؛ أُمُّهُم:
227,243,1,بنو بحتر بن عتود,1,مَيَّةُ بِنْت قَيْس بن هَذَمَةَ.
227,243,1,بنو بحتر بن عتود,2,وَوَلَدَ عَتَّابُ بن لأم: الذّكَيْرَ، أُمُّهُ سَحْبَاءُ بِنْت عُمُرّو بن ظَالِم بن حَارِثَةَ بن عَتَّابُ.
227,243,1,بنو بحتر بن عتود,3,وَوَلَدَ صَالِح بن لأم بن عُمُرّو: مُعرُضَا، وقد رَأَسَ، إجتمعَتْ عَلِيّه جُدَيُّلةُ والغَوْثَ، أُمُّهُ صَعْبَةُ بِنْت خَالِد بن حُثَيْم بن أبي حَارِثَةَ.
227,243,1,بنو بحتر بن عتود,4,وعَامُرّ بن صَالِح بن لأم بن عُمُرّو بن عَتَّابُ.
227,243,1,بنو بحتر بن عتود,5,وَوَلَدَ جُدَيُّلةُ بن لأم: خُزَيمَةَ.
227,243,1,بنو بحتر بن عتود,6,منهم: شَبِيب الشَّاعِر بن الفَرْقِ، وهوعُمُرّو بن خُزَيمَةَ.
227,243,1,بنو بحتر بن عتود,7,وَوَلَدَ حَرْبُ بن عُمُرّو: خَالِداً، ورُهْماً، وقَيْساً، وأبا هِنْدُ، وأبا حَارِثَةَ، أُمُّهُم: مَيَّةُ بِنْت قَيْس بن عَتَّابُ.
227,243,1,بنو بحتر بن عتود,8,وَوَلَدَ حطُ بن عَتَّابُ: حَنْظَلَةُ، أُمُّهُ مِنْ عَامِلَةَ.
227,243,1,بنو بحتر بن عتود,9,فَوَلَدَ حَنْظَلَةُ بن حُطٍ: القُرَيْط، أُمُّهُ بِنْت فِنر بن خَالِد بن أسوَدّ بن خَيْثَم.
227,243,1,بنو بحتر بن عتود,10,وَوَلَدَ حَارِثَةَ بن عَتَّابُ: ظَالِماً، وعَتَّابُا، وجَابِراً.
227,243,1,بنو بحتر بن عتود,11,منهم: الوَليدُ بن جَابِر بن ظَالِم بن حَارِثَةَ، وَفَدَ على النَّبي ﷺ وكَتَبَ له كِتَاباً هو عِندَهُم.
227,243,1,بنو بحتر بن عتود,12,وَوَلَدَ هَذَمَةَ بن عَتَّابُ: قَيْساً، بَطن.
228,244,1,بنو بحتر بن عتود,1,فَوَلَدَ قَيْس بن هَذَمَةَ: مسُعُوَدّاً.
228,244,1,بنو بحتر بن عتود,2,منهم: أُنَيْفُ بن مسُعُوَدّ بن قَيْس بن عَتَّابُ، الَّذي يَقُولُ لَه بنُ دَرْمَاء الكَلْبيّ:
228,244,1,بنو بحتر بن عتود,3,تَبَصَّرْ يا بنَ مسُعُوَدّ بن قَيْسٍ … بَعَيْنَكَ هَل تَرى ظُعْنَ القَطِين
228,244,1,بنو بحتر بن عتود,4,يُقَال لقَيْس بن عَتَّابُ وقَيْس بن هَذَمَةَ: القَيْسان.
228,244,1,بنو بحتر بن عتود,5,وَوَلَدَ خَيْثَم بن أبي حَارِثَةَ: خَالِد، وترغلاً، أُمُّهُما: حَرَام بِنْت سِلْسِلَةَ بن عُمُرّو.
228,244,1,بنو بحتر بن عتود,6,وعُمُرّاً، والحَارِثَ، وغِلاً، وأسوَدّ؛ أُمُّهُم: حَذام بِنْت سِلْسِلَةَ بن عُمُرّو.
228,244,1,بنو بحتر بن عتود,7,وَوَلَدَ الأَعْوَر بن تَدُوْل: سِلْسِلَةَ.
228,244,1,بنو بحتر بن عتود,8,فَوَلَدَ سِلْسِلَةُ بن الأَعْوَرِ: عَمْراً، وصُفَيُّاً، وعَبد اللهِ.
228,244,1,بنو بحتر بن عتود,9,وَوَلَدَ أَيمنُ بن تَدُوْل: جَدْعَاء.
229,245,1,بنو بحتر بن عتود,1,فَوَلَدَ جَدْعَاء بن أَيمنُ: جَابِراً.
229,245,1,بنو بحتر بن عتود,2,فَوَلَدَ جَابِر بن جَدْعَاء: قَمْئَةَ، وقَيْساً، وهُنَيّداً.
229,245,1,بنو بحتر بن عتود,3,وَوَلَدَ سَنَام بن تَدُوْل: النَّبِيتَ.
229,245,1,بنو بحتر بن عتود,4,فَوَلَدَ النَّبِيتَ بن سَنَام: مُرّة.
229,245,1,بنو بحتر بن عتود,5,هَؤُلاءِ بُحْتُر بن عَتُوَدّ
230,245,1,وهؤلاء بنو عنين بن سلأمان,1,وهَؤُلاءِ بَنو عُنَيْنُ بن سَلأمَانَ
230,245,1,وهؤلاء بنو عنين بن سلأمان,2,وَوَلَدَ فَرِير بن عُنَيْنُ: سَعْدُاً، وقوَدّاً، ونِسْراً وأَدْرُعاً، ونَملاً فَوَلَدَ سَعْدُ بن فَرِير: مَالِكاً.
230,245,1,وهؤلاء بنو عنين بن سلأمان,3,فَوَلَدَ مَالِك بن سَعْدُ: عَبْدِ الله وسُرَيّاً.
230,245,1,وهؤلاء بنو عنين بن سلأمان,4,فَوَلَدَ عَبْدِ الله بن مَالِك: أبا كَعْب.
230,245,1,وهؤلاء بنو عنين بن سلأمان,5,فَوَلَدَ أبو كَعْب بن عَبْدِ الله بن مَالِك بن سَعْدُ: الخَّشْخَاشَ.
230,245,1,وهؤلاء بنو عنين بن سلأمان,6,فَوَلَدَ الخَّشْخَاشَ بن أبي كَعْب: مَالِكاً، وهَمَّاماً، وكُثيراً.
230,245,1,وهؤلاء بنو عنين بن سلأمان,7,فَوَلَدَ مَالِك بن الخَّشْخَاشَ: سَلمَانُ، وجَنْدَلةُ، وكُعَيْباً، وعَبْدِ الله.
230,245,1,وهؤلاء بنو عنين بن سلأمان,8,فَوَلَدَ كَعْب بن مَالِك: حَارِثَةَ، وهُضَيْماً.
230,245,1,وهؤلاء بنو عنين بن سلأمان,9,ووَلَدَ جَنْدَلةُ بن مَالِك: عُبَيْداً.
230,245,1,وهؤلاء بنو عنين بن سلأمان,10,ووَلَدَ عَبْدِ الله بن مَالِك: حُرَيْثاً.
230,245,1,وهؤلاء بنو عنين بن سلأمان,11,ووَلَدَ سِنَانُ بن مَالِك: مُرّة، وهو الأصْمَعُ، وعَبَّادُاً، وحَسَّانَ.
230,245,1,وهؤلاء بنو عنين بن سلأمان,12,ووَلَدَ سُرَيّ بن مَالِك بن سَعْدُ: صُفَيُّاً.
230,245,1,وهؤلاء بنو عنين بن سلأمان,13,فَوَلَدَ صُفَيُّ بن سُرَيّ: جَنْدَلةُ.
231,246,1,وهؤلاء بنو ثعلبة بن سلأمان,1,فَوَلَدَ جَنْدَلةُ بن صُفَيُّ: نِسْراً، وعَبْدِ الله، وأُبَيَّاً.
231,246,1,وهؤلاء بنو ثعلبة بن سلأمان,2,ووَلَدَ أَدْرُع بن فَرِير: عُبَيْد.
231,246,1,وهؤلاء بنو ثعلبة بن سلأمان,3,فَوَلَدَ عُبَيْدة بن أَدْرُع: عَبْدِ العُزَّى.
231,246,1,وهؤلاء بنو ثعلبة بن سلأمان,4,فَوَلَدَ عَبْدِ العُزَّى بن عُبَيْدة: كبيراً، وجَعُفْرِاً.
231,246,1,وهؤلاء بنو ثعلبة بن سلأمان,5,منهم: عَبْدِ بن عَبْدِ عُمُرّو بن قَنَان بن قَيْس بن جَنْدَلةُ بن صُفَيُّ بن سُرَيّ بن مَالِك بن سَعْدُ.
231,246,1,وهؤلاء بنو ثعلبة بن سلأمان,6,وعِتبَانُ بن سَلمَانُ بن مَالِك، رَمى بِسَهم يَوْم أَغَاروا على بَني أَنَمار بن بَغيِضٍ.
231,246,1,وهؤلاء بنو ثعلبة بن سلأمان,7,هَؤُلاءِ بَنو عُنَيْنُ بن سَلأمَانَ بن ثُعَلُ.
231,246,1,وهؤلاء بنو ثعلبة بن سلأمان,8,وهَؤُلاءِ بَنو ثُعَلُبَةَ بن سَلأمَانَ
231,246,1,وهؤلاء بنو ثعلبة بن سلأمان,9,ووَلَدَ ثُعَلُبَةَ بن سَلأمَانَ: عَوْفُاً، وزُهَيْراً، وعُمُرّاً، وهو عِيدٌ.
231,246,1,وهؤلاء بنو ثعلبة بن سلأمان,10,فَوَلَدَ زُهَيْر بن ثُعَلُبَةَ: عَبْدِ جَذِيمةُ.
231,246,1,وهؤلاء بنو ثعلبة بن سلأمان,11,فَوَلَدَ عَبْدِ جَذِيمةُ بن زُهَيْر: زُريقاً، وشَمُرّاً، بَطنان.
231,246,1,وهؤلاء بنو ثعلبة بن سلأمان,12,فَوَلَدَ شمُرّ بن عَبْدِ جَذِيمةُ: قَيْساً، وله يَقُولُ امُرّؤ القَيْس:
231,246,1,وهؤلاء بنو ثعلبة بن سلأمان,13,أَجَارَ قُسَيْسَاً فَالطُّهَاءَ فَمِسْطَحَا … وجَوَّاً فَرَوَّى نَخْلَ قَيْس بن شَمَّراً
232,247,1,وهؤلاء بنو جرول بن ثعل,1,ومنهم: الجَرَنْفَسُ بن عَبْدِة الشَّاعِر بن امُرّئ القَيْس بن زَيْد بن عَبْدِ رُضَا بن خُزَيمَةَ بن حَبِيبٌ بن شمُرّ الَّذي أَسَرَتهُ الدَّيْلَمُ، ولَهُ حَدِيث.
232,247,1,وهؤلاء بنو جرول بن ثعل,2,وَحَوْسُ بن خَالِد بن وَدّيعة الشَّاعِر بن رَبِيعَةَ بن النَّبِيتَ.
232,247,1,وهؤلاء بنو جرول بن ثعل,3,"ووَلَدَ عَوْفُ بن ثُعَلُبَةَ: وائِلُاً الحُرّاق، وسَبَعَةَ، بَطن؛ كانَ الشَرقيُّ يَقُولُ: ""تَقُولَ العَرَبُ: لَأفعَلَنَّ بِكَ فِعْلَ سَبَعَةَ، يعني: سَبَعَةَ بن عَوْفُ "" ."
232,247,1,وهؤلاء بنو جرول بن ثعل,4,فَوَلَدَ وائِلُ بن عَوْفُ: عَدِيّاً.
232,247,1,وهؤلاء بنو جرول بن ثعل,5,منهم: عُمُرّو بن عَدِيّ بن وائِلُ، وهو أبن دَرْمَاء الَّذي نَزَلَ به امُرّؤ القسي بن حُجْر.
232,247,1,وهؤلاء بنو جرول بن ثعل,6,وإِياسُ بن أَسمَاء بن أَوْسُ بن أَسمَاء بن سَعْدُ بن أَوْسُ بن عُمُرّو بن دَرْمَاء.
232,247,1,وهؤلاء بنو جرول بن ثعل,7,ومَالِك بن أبي الشَّمْخ بن سَلْمَى بن أَوْسُ المُغَنَّي.
232,247,1,وهؤلاء بنو جرول بن ثعل,8,هَؤُلاءِ بَنو سَلأمَانَ بن ثُعَلُ.
232,247,1,وهؤلاء بنو جرول بن ثعل,9,وهَؤُلاءِ بَنو جَرْوَل بن ثُعَلُ
232,247,1,وهؤلاء بنو جرول بن ثعل,10,ووَلَدَ جَرْوَل بن ثُعَلُ: مُعَاوِيَةَ، ورَبِيعَةَ، ورُكَيْضاً، وعَتِيكاً بَطن.
232,247,1,وهؤلاء بنو جرول بن ثعل,11,فَوَلَدَ مُعَاوِيَةَ بن جَرْوَل: سِنْبِساً بَطن، ولَوْذَانَ، بَطن أُمُّهُما: أُمَيْمَةُ بِنْت عَبْدِ الله بن الدُّول بن حَنيِفَةَ بن لُجَيْم.
233,248,1,وهؤلاء بنو جرول بن ثعل,1,فَوَلَدَ: سِنْبِس بن مُعَاوِيَةَ: لَبِيِداً، وعُمُرّاً، ويُقَال لبَني عُمُرّو: بَني عُقْدَةَ؛ وهي أُمُّهُم، وهي عُقْدَةَ بِنْت مَعْبر من بَني بَوْلَان.
233,248,1,وهؤلاء بنو جرول بن ثعل,2,فَوَلَدَ عَدِيّ بن سِنْبِس: أباناً، وهو في دَارِم؛ يَقُولُون: أبان بن دَارِم.
233,248,1,وهؤلاء بنو جرول بن ثعل,3,فمن بَني سِنْبِس: قَيْس بن عَائِذ بن قَيْس بن خُزَيمَةَ، بن جَرِير بن عَدِيّ بن حِرْمِز بن مُحْصبِ بن حِرْمِز بن لَبِيِد، الَّذي خَاصَمَ عَدِيّ بن حَاتِم بن الرُّاية يَوْم صُفَيُّن مع عَلِيّ بن أبي طَالِب ﵇ .
233,248,1,وهؤلاء بنو جرول بن ثعل,4,وقصي بن ظَالِم بن خُزَيمَةَ، وَفَدَ إلى النَّبي.
233,248,1,وهؤلاء بنو جرول بن ثعل,5,وعَبْدِل بن الحُعَلِ بن لَبِيِد بن جَرِير بن عُمُرّو، عَلِيّاً ﵇ .
233,248,1,وهؤلاء بنو جرول بن ثعل,6,والسُّلَيْلُ بن زَيْد بن مَالِك بن المُعَلّى، الَّذي غَرِقَ يَوْم عبر المُسْلمون إلى المَدَائِنِ، وَلَم يَغَرْق غَيْرُه.
233,248,1,وهؤلاء بنو جرول بن ثعل,7,وزَيْد بن حِصْن بن وَبَرَةَ بن جُوَيْن بن عُمُرّو بن جَرْموز، رَأَسَ
234,249,1,وهؤلاء بنو جرول بن ثعل,1,الخوارج يَوْم النَّهْرَوان، وفيه يَقُولُ العَيْزَارُ بن الَأْخَنس السَّنْبِسي:
234,249,1,وهؤلاء بنو جرول بن ثعل,2,إِلى الله أَشْكُو أَنَّ كُلَّ قَبِيلَةِ … مِنَ النَّاسِ قَدْ أَفْنَى الجَلادُ خِيَارَها
234,249,1,وهؤلاء بنو جرول بن ثعل,3,سَقَى الله زَيْداً كُلَّماً دَرَّ شَارِقٌ … وأَسْكَنَ مِنْ جَنَّاتِ عَدْنٍ قَرَارَهَا
234,249,1,وهؤلاء بنو جرول بن ثعل,4,ورَافِع بن عُمَيْرِة بن جَابِر بن حَارِقَةَ بن عُمُرّو، الحدَرَجَان بن
234,249,1,وهؤلاء بنو جرول بن ثعل,5,مِخضب، الدَلِيلُ الَّذي قِيلَ فيه:
234,249,1,وهؤلاء بنو جرول بن ثعل,6,يا وَيْل أُمّ رَافِعٍ أَنَّى اهْتَدى … فَوَّزَ مِنْ قُراقِرٍ إِلى سُوَى
234,249,1,وهؤلاء بنو جرول بن ثعل,7,خِمْسَاً إِذا ما سَارَها الجَيْشُ بَكى … مَا سَارَها قَبْلكَ إنسِيُّ يُرَى
234,249,1,وهؤلاء بنو جرول بن ثعل,8,والأَخْمَسُ بن جَابِر بن جَرْوَل بن سَلَامَةَ بن رَبِيع.
234,249,1,وهؤلاء بنو جرول بن ثعل,9,ومن بَني عُقْدَةَ: ذو الحَصِيرَيْنِ، وهو عَبْدِ المَلَكَ بن عَبْدِ الإله بن حَارِثَةَ بن غَزِيّةَ بن صُهْبَان بن عَمَمِيّ بن عُمُرّو بن سِنْبِس الَّذي ذكره حَاتِم في شعره.
234,249,1,وهؤلاء بنو جرول بن ثعل,10,وأُم عَبْدِ الله بن عَاصِم بن أبي سَلَامَةَ، جَدَّهُ عِرْكِز بن عَبْدِ الله الهَمْدَانيّ القائد.
234,249,1,وهؤلاء بنو جرول بن ثعل,11,وابن ابنُهُ عُقْبَة بن زَحْر بن ذي الَحِصَيريْن وهو عَبْدِ المَلَكَ بن عَبْدِ الإله بن
235,250,1,وهؤلاء بنو جرول بن ثعل,1,حَارِثَةَ بن غَزِيّةَ بن صُهْبَان بن عَمَمِيّ بن عُمُرّو بن سِنْبِس، وكانَ شَرِيفاً.
235,250,1,وهؤلاء بنو جرول بن ثعل,2,ووَلَدَ رَبِيعَةَ بن جَرْوَل: أبا أَخْزَم، وهو هَزْومَة، وعُمُرّ.
235,250,1,وهؤلاء بنو جرول بن ثعل,3,فَوَلَدَ ابو أَخْزَم بن رَبِيعَةَ: أَخْزَم، والجد، بَطن.
235,250,1,وهؤلاء بنو جرول بن ثعل,4,فَوَلَدَ أَخْزَم: عَدِيّاً، يُقَال لهم بَنو الزَّعْرَاء، بَطن، ومُرّاً، والحِرْمِز، بَطن.
235,250,1,وهؤلاء بنو جرول بن ثعل,5,فَوَلَدَ عَدِيّ بن أَخْزَم بن أبي أَخْزَم: عَبْدِ شَمسْ، وامُرّأ القَيْس، وجَذِيمةُ، وأبا النُّعمَان، ونهْداً.
235,250,1,وهؤلاء بنو جرول بن ثعل,6,فَوَلَدَ عَبْدِ شَمسْ بن عَدِيّ: عَدِيّاً.
235,250,1,وهؤلاء بنو جرول بن ثعل,7,ووَلَدَ امُرّؤ القَيْس بن عَدِيّ: الحَشْرَجَ، ومَالِكاً وعُمُرّو، وعَبْدِ رُضَا.
236,251,1,وهؤلاء بنو جرول بن ثعل,1,فَوَلَدَ الحَشْرَجَ بن امُرّئ القَيْس: سَعْدُاً، وعَبْدِ الله، وحَارِثَةَ، وعَبْدِ رُضَا.
236,251,1,وهؤلاء بنو جرول بن ثعل,2,فَوَلَدَ سَعْدُ بن الحَشْرَجَ: عَبْدِ الله، ومِلْحَانَ.
236,251,1,وهؤلاء بنو جرول بن ثعل,3,فَوَلَدَ عَبْدِ الله بن سَعْدُ: حَاتِماً، صُلَيْعاً.
236,251,1,وهؤلاء بنو جرول بن ثعل,4,فَوَلَدَ حَاتِم بن عَبْدِ الله: عَدِيّاً، وعَبْدِ الله.
236,251,1,وهؤلاء بنو جرول بن ثعل,5,فأما حَاتِم بن عَبْدِ الله فهو الجَوَاد.
236,251,1,وهؤلاء بنو جرول بن ثعل,6,وابنُهُ عَدِيّ وَفَدَ إلى النَّبي ﷺ ولم يَرْتَد عن الاِسْلَامِ، وشَهِدَ القَادِسيَّة، ومَهْرانَ وقُسَّ النَّاطِف والنُّخَيْلةَ ومعه اللَّواء. ثم شَهِدَ الجَمَلَ فَفُقِئت عَيْنُهُ يَوْمئذٍ وشَهِدَ صُفَيُّن والنَّهْرَوان، وماتَ زَمَن المُختَار وهو أبن عِشرِين ومَائَة سَنَة.
236,251,1,وهؤلاء بنو جرول بن ثعل,7,ومِلْحَانَ بن حَارِثَةَ بن سَعْدُ، كانَ شَرِيفاً، وله يَقُولُ حَاتِم بن عَبْدِ الله الطَائِي.
236,251,1,وهؤلاء بنو جرول بن ثعل,8,لِبَيْكَ على مِلْحَانَ ضَيْفٌ مُدَفَّع … وأَرَمَلَةٌ تُرخِي مَعَ اللَّيلِ أَرْمَلا
237,252,1,وهؤلاء بنو جرول بن ثعل,1,ولأم، وُحَلْيُس، وقُعَيْسيِسُ، ومِلْحَانَ بَنو غُطِيْف.
237,252,1,وهؤلاء بنو جرول بن ثعل,2,شَهِدَ صُفَيُّن مع مُعَاوِيَة بَنو غُطِيْف بن حَارِثَةَ بن سَعْدُ بن الحَشْرَجَ، وهم أخوة عَدِيّلأُمُّهُ.
237,252,1,وهؤلاء بنو جرول بن ثعل,3,وكانَ عَلِيّ بن أبي طالب ﵇ استعمل لأم بن غُطِيْف على المدائن حين سار إلى صُفَيُّن.
237,252,1,وهؤلاء بنو جرول بن ثعل,4,"ووهم بن عُمُرّو بن حُوَيْص بن مَالِك بن امُرّئ القَيْس، الَّذي يَقُولُ "" له حَاتِم الطَائِي "" :"
237,252,1,وهؤلاء بنو جرول بن ثعل,5,ألا أبلغا وهم بن عُمُرّو رسالةً … فأنتَ امُرّؤٌ بالخير والحلمِ أجدرُ
237,252,1,وهؤلاء بنو جرول بن ثعل,6,ويزَيْد بن عَدِيّبن قنافة بن عَبْدِ شَمسْ بن عَدِيّبن أَخْزَم الشَّاعِر.
237,252,1,وهؤلاء بنو جرول بن ثعل,7,وابنُهُ سَلَامَةَ، وهو المُهَلَّب، وَفَدَ إلى النَّبي ﷺ وهو أقرع فمسح رَسُولُ الله ﷺ فنبت فَسُمَّي المُهَلَّب.
238,253,1,وهؤلاء بنو جرول بن ثعل,1,ومن بَني مُرّ بن أَخْزَم: أبو حَنْبَل، وهو جَاريَةُ بن مُرّ بن أَخْزَم، الَّذي نَزَلَ به امُرّؤ القَيْس بن حُجْر ومَدَحَهُ.
238,253,1,وهؤلاء بنو جرول بن ثعل,2,وقَيْس بن عَازِب بن أبي زُبَيْد بن عَدِيّبن جَذِيمةُ بن مُرّ بن أَخْزَم الفَارِس.
238,253,1,وهؤلاء بنو جرول بن ثعل,3,ومن بَني الحِرْمِز بن أَخْزَم: عَبَّادُ بن زَيْد، وهو البكاء بن ثُعَلُبَةَبن الحِرْمِز وقد رَأَسَ.
238,253,1,وهؤلاء بنو جرول بن ثعل,4,ووَلَدَ عُمُرّو بن رَبِيعَةَ بن جَرْوَل: أمَانَاً، وهم الأمِنْيون.
238,253,1,وهؤلاء بنو جرول بن ثعل,5,فَوَلَدَ أمَانَ بن عُمُرّو: مَالِكاً، وأفْصَى.
238,253,1,وهؤلاء بنو جرول بن ثعل,6,منهم: الطَّرمَّاحُ بن حَكِيم بن نَفْرِ بن قَيْس بن جَحْدر بن ثُعَلُبَةَبن عَبْدِ رُضَا بن مَالِك بن أمَانَ الشَّاعِر. وَفَدَ قَيْس بن جَحْدر على النَّبي ﷺ .
238,253,1,وهؤلاء بنو جرول بن ثعل,7,وثُرْمُلَةُ بن شُعَاث بن عَبْدِ كثري بن حَيَّةَ بن عُمُرّو بن مَالِك بن أمَانَ الشَّاعِر.
239,254,1,وهؤلاء بن ثعلبة بن عمرو بن الغوث,1,وعَارِقُ، وهو قَيْس بن جِرْوَةَ بن سَيْف بن وائِلُة بن عُمُرّو الشَّاعِر.
239,254,1,وهؤلاء بن ثعلبة بن عمرو بن الغوث,2,والرَّبتسُ بن عَامُرّ بن حِصْن بن خَرَشَةَ بن حَيَّةَ وَفَدَ أيضاً إلى النَّبي ﷺ .
239,254,1,وهؤلاء بن ثعلبة بن عمرو بن الغوث,3,وعَرْعَرُ بن جَابِر ثُرْمُلَةُ.
239,254,1,وهؤلاء بن ثعلبة بن عمرو بن الغوث,4,وجَابِر بن حُرَيْش بن عَبْدِ رُضَا الشَّاعِر.
239,254,1,وهؤلاء بن ثعلبة بن عمرو بن الغوث,5,وشَمَّاخ بن عُمُرّو بن ثُعَلُبَةَ بن عَبْدِ رُضَا، الَّذي يَقُولُ له الشَّاعِر:
239,254,1,وهؤلاء بن ثعلبة بن عمرو بن الغوث,6,وشَمَّاخ بن عُمُرّو يبيتُ حَرورٍ … وما قد قَتَلَتُم سَمِينا
239,254,1,وهؤلاء بن ثعلبة بن عمرو بن الغوث,7,وعُبَيْد بن قَيْس بن جَحْدر، وكانَ شَرِيفاً.
239,254,1,وهؤلاء بن ثعلبة بن عمرو بن الغوث,8,وجفُ بن ثُعَلُبَةَ، كانَ من أشدِّ أهْلِ زَمَانِهِ.
239,254,1,وهؤلاء بن ثعلبة بن عمرو بن الغوث,9,وهَؤُلاءِ بن ثُعَلُبَةَ بن عُمُرّو بن الغَوْثَ
239,254,1,وهؤلاء بن ثعلبة بن عمرو بن الغوث,10,وَوَلَدَ ثُعَلُبَةَ، وهو جَرْم، بن عُمُرّو بن الغَوْثَ: حَيَّانَ، وشَمَجيّاً، بَطن.
239,254,1,وهؤلاء بن ثعلبة بن عمرو بن الغوث,11,فَوَلَدَ حَيَّانَ بن جَرْم: ثُعَلُبَةَ، وعَدِيّاً، وهو الكَورُ ومُطيراً، وَدَبَّابُاً.
239,254,1,وهؤلاء بن ثعلبة بن عمرو بن الغوث,12,فَوَلَدَ ثُعَلُبَةَ بن عُمُرّو: قمُرّان، وعَدِيّاً، ومُحَضَّباً، ورِئاباً.
239,254,1,وهؤلاء بن ثعلبة بن عمرو بن الغوث,13,منهم: عَامُرّ بن جُوَيْن بن عَبْدِ رُضَا بن قُمُرّان، لهُ البَيْت، وهو الَّذي نَزَلَ
240,255,1,وهؤلاء بن ثعلبة بن عمرو بن الغوث,1,به امُرّؤ القَيْس بن حُجْر.
240,255,1,وهؤلاء بن ثعلبة بن عمرو بن الغوث,2,وابنُهُ الأَسْوَدّ بن عَامُرّ، كانَ شاعراً.
240,255,1,وهؤلاء بن ثعلبة بن عمرو بن الغوث,3,وقَبيِصَةَ بن الأَسْوَدّ، وَفَدَ على النَّبي.
240,255,1,وهؤلاء بن ثعلبة بن عمرو بن الغوث,4,وحَابسُ بن سَعْدُ بن المُنذِر بن عُمُرّو بن يَثْرِبيّ بن عَبْدِ رُضَا بن قمُرّان، كانَ على الشَّامٍ مع مُعَاوِيَةَ، وقَتَلَ يَوْمئذٍ، وكانَ عُمُرّو ولاه قضاء حِمْص.
240,255,1,وهؤلاء بن ثعلبة بن عمرو بن الغوث,5,ومَالِك بن عُمُرّو بن يَثْرِبيّ، الَّذي ماجد السُّلمي أبا عَدِيّ، سَلَمَةَ.
240,255,1,وهؤلاء بن ثعلبة بن عمرو بن الغوث,6,وسَيَّارُ بن الفَحْلِ بن مَالِك بن عُمُرّو بن يَثْرِبيّ، شَهِدَ اليمَامَةَ مع خَالِد بن الوَليدُ.
240,255,1,وهؤلاء بن ثعلبة بن عمرو بن الغوث,7,ومن بَني جُوَيْن: مُلَحَةُ الشَّاعِر.
240,255,1,وهؤلاء بن ثعلبة بن عمرو بن الغوث,8,ومَعْقل بن جِبْشيّ بن حَارِثَةَ، وهو الجَرَّاحُ بن بَيقُور بن كَعْب بن وَهْب بن جَذِيمةُ الشَّاعِر الفَارِس.
240,255,1,وهؤلاء بن ثعلبة بن عمرو بن الغوث,9,وإِياسُ بن الأرَتّ.
241,256,1,وهؤلاء بنو شمجي بن جرم,1,وسَيْف بن وَهْب بن جَذِيمةُ الذي عُمُرّ دَهْراً فقال:
241,256,1,وهؤلاء بنو شمجي بن جرم,2,ألا إنَّني ذاهبٌ فاعْلَموا … فَلَا تَحْسَبوا أنَّني كَاذِبُ
241,256,1,وهؤلاء بنو شمجي بن جرم,3,وعَامُرّ بن ثُعَلُبَةَ الشَّاعِر من بَني تَغْلب بن جَذِيمةُ.
241,256,1,وهؤلاء بنو شمجي بن جرم,4,ووَلَدَ دَبَّابُ الَّذي يُقَال له مَالِك: دِناناً، ومَالِك، وموقع.
241,256,1,وهؤلاء بنو شمجي بن جرم,5,فمن مَالِك بن دَبَّابُ: أَوْسُ بن صَاعِد، الَّذي يَقُولُ له زَيْد الخَيْل:
241,256,1,وهؤلاء بنو شمجي بن جرم,6,وهل أنتَ إلى تَيْس معْزى بَصَهْوةٍ … ينبُ على خَلاَّتِهِ ويَبُولُ
241,256,1,وهؤلاء بنو شمجي بن جرم,7,هَؤُلاءِ بَنو حَيَّانَ بن جَرْم.
241,256,1,وهؤلاء بنو شمجي بن جرم,8,وهَؤُلاءِ بَنو شَمَجيّ بن جَرْم
241,256,1,وهؤلاء بنو شمجي بن جرم,9,وَوَلَدَ شَمَجيّ بن جَرْم: مُصْلِحاً، ومُنْهِبُاً.
241,256,1,وهؤلاء بنو شمجي بن جرم,10,منهم: كُلْثُوم بن رَبِيعَةَ بن عُمُرّو بن تَيْم بن نِسْوَة بن قَيْس بن مُصْلِح، مُخْفِر الفِلْسِ.
242,257,1,وهؤلاء بنو نبهان بن عمرو بن الغوث بن طييء,1,وجَبَلَةُ ابنُهُ الَّذي يُقَال لهُ ابن شَيْمَاء، وهي سبيةٌ من كَلْب، الَّذي يذكرهُ زَيْد الخَيْل فقال:
242,257,1,وهؤلاء بنو نبهان بن عمرو بن الغوث بن طييء,2,نُبَئتُ أنَّ ابناً لِشَيْمَاء هَا هُنا … تَغَنَّى بِنَا سَكْرَانَ أو مُتَسَاكِرا
242,257,1,وهؤلاء بنو نبهان بن عمرو بن الغوث بن طييء,3,إذا المُرّءُ صرَّت أُمُّهُ وتقَيَّلت … فَليس حَقُبقاً أن تَقُولَ الهَوَاجرا
242,257,1,وهؤلاء بنو نبهان بن عمرو بن الغوث بن طييء,4,وعَبْدِ عُمُرّو بن عَمّارة بن عُمُرّو بن أمْتى بن رَبِيع بن مُنْهِبُ بن شَمَجيّ الشَّاعِر الَجَأهْلِي الَّذي قَتَلَه الأبردُ المَلَكَ الغَسَّانيّ.
242,257,1,وهؤلاء بنو نبهان بن عمرو بن الغوث بن طييء,5,والعدَّاءُ، وهو المُقْعّدُ بن حَارِثَةَ بن عُمُرّو بن أمْتى الشَّاعِر، جأهْلِي.
242,257,1,وهؤلاء بنو نبهان بن عمرو بن الغوث بن طييء,6,ومُخَارِقُ بن العِقَار بن حِطَّان بن زَيْد بن حَارِثَةَ بن امُرّئ القَيْس بن أمتا بن رَبِيع بن مُنْهِبُ بن شَمَجيّ.
242,257,1,وهؤلاء بنو نبهان بن عمرو بن الغوث بن طييء,7,هؤلاء بَنو ثُعَلُبَةَ وهو جَرْم بن عُمُرّو بن الغَوْثَ.
242,257,1,وهؤلاء بنو نبهان بن عمرو بن الغوث بن طييء,8,وهَؤُلاءِ بَنو نَبْهَانَ بن عُمُرّو بن الغَوْثَ بن طَيَّيءُ
242,257,1,وهؤلاء بنو نبهان بن عمرو بن الغوث بن طييء,9,ووَلَدَ نَبْهَانَ بن عُمُرّو: سَعْدُاً، ونابلاً، ولِوَلَدَهما يَقُولُ زَيْد الخَيْل في غارةٍ أغارها:
243,258,1,وهؤلاء بنو نبهان بن عمرو بن الغوث بن طييء,1,كَرَرتُ على رِجالِ سَعْدُ ونابلٍ … ومَن يَدَع الدّاعِي إذاً هُو نَدَدا
243,258,1,وهؤلاء بنو نبهان بن عمرو بن الغوث بن طييء,2,فَوَلَدَ نَابِلُ بن نَبْهان: مَالِكاً، بَطن، وغَوْثاً، بَطن.
243,258,1,وهؤلاء بنو نبهان بن عمرو بن الغوث بن طييء,3,فَمِنْ بَني مَالِك: زَيْد الخَيْلِ بن مُهَلَهُل بن يَزَيْد بن منِهب بن عَبْدَ رُضَا بن المخْتَلِس بن ثُوَب بن كِنَانةَ بن عَدِيّ بن مَالِك بن نَابِلُ، الوَافِد عَلَى النّبيّ صلى الله عليه وسلمويُقالُ لِبَطنهِ الَّذي هو منِه بَنو المخْتَلِس.
243,258,1,وهؤلاء بنو نبهان بن عمرو بن الغوث بن طييء,4,ابَنَهُ مِكْنضفُ بن زَيْد، وبه كان يَكُنى.
243,258,1,وهؤلاء بنو نبهان بن عمرو بن الغوث بن طييء,5,وحُرَيْثُ بن زَيْد، كان فَارِساً.
243,258,1,وهؤلاء بنو نبهان بن عمرو بن الغوث بن طييء,6,وعُرْوَةُ بن زَيْد، شَهِدَ القَادِسيَّةَ، وقُسَّ النَّاطِف، ومَهْران قَابلاً.
243,258,1,وهؤلاء بنو نبهان بن عمرو بن الغوث بن طييء,7,وأَوْس بن مُنْهِب لَهُ يقولُ حُرَيْثُ بن زَيْد، وقَتَلَهُ رَجُل بَعَثهُ عُمُرّ بن
244,259,1,وهؤلاء بنو نبهان بن عمرو بن الغوث بن طييء,1,الخَطَّاب يستقري أهلَ البَوادِي فَمِنْ لَمْ يقرأ ضربه، وكان يُقالُ لَهُ أبو سُفَيان فَضَرَبَهُ أسْواطاً فَمَاتَ، فَقَأل:
244,259,1,وهؤلاء بنو نبهان بن عمرو بن الغوث بن طييء,2,فلا تجزعي يا أُمَّ أَوْس فانه … تلاقي المنايا كلَ حافٍ وذي نعلِ
244,259,1,وهؤلاء بنو نبهان بن عمرو بن الغوث بن طييء,3,وعُوَيْج بن الضُّرَيْس بن عَبْدَ اللَهُ بن حِصْن بن مُهَلَهُل بن عَدِيّ بن ثُوَب بن كِنَانةَ الشَّاعِر؛ الَّذي كان يُهَاجِي حُرَيْثُ بن عَتَّاب النَبْهَاني.
244,259,1,وهؤلاء بنو نبهان بن عمرو بن الغوث بن طييء,4,والقَشْعَمُ بن ثَعْلَبَةَ بن عَبْدَ اللَهُ بن حِصْن، قَاتِلُ دَاهِر مَلِك الهِنْدُ أيام عَبْدَ الملِك بن مُرّوَان.
244,259,1,وهؤلاء بنو نبهان بن عمرو بن الغوث بن طييء,5,وبَهْدَلُ بن مُرّوَان بن قِرْفَةَ بن ثَعْلَبَةَ اللص الَّذي قَتَلَ عَوْنَ بن جَعْدَة بن هُبَيْرَةَ بن أبي ووَهْب المَخْزُوميّ، فَطَلَبَ عَقِيلُ بن جَعْدَةَ بِدَمِهِ فَحُبس لَهُ وقَتَلَ بالمدِينَةِ، وكان شاعراٍ شديداً.
244,259,1,وهؤلاء بنو نبهان بن عمرو بن الغوث بن طييء,6,وسحْمَةُ بن نُعَيْم بن الأَخْنَس بن هَوْذَة بن عَمْرو بن حِصْن الشَّاعِر الَّذي يُهَاجِي جَرِير بن الخَطَفيّ.
245,260,1,وهؤلاء بنو نبهان بن عمرو بن الغوث بن طييء,1,وسُمَّيدَعُ بن الحُبَابُ بن نَابِت بن ثَعْلَبَةَ بن عَمْرو بن حِصْن، ولي خِلافَةَ الطّوسيّ والحَسَنيّ غَيْر مُرَّةَ.
245,260,1,وهؤلاء بنو نبهان بن عمرو بن الغوث بن طييء,2,وحُرَيْثُ بن عَتَّاب بن مَطَر بن كَعْب بن عَوْف بن عُنَيْن بن غَوْث بن نَابِلُ الشَّاعِر الَهُجاء لقَوْمِهِ وكان يُهَاجِي جَرِير بن الخَطَفيّ.
245,260,1,وهؤلاء بنو نبهان بن عمرو بن الغوث بن طييء,3,وَوَلَدَ سَعْد بن نَبْهان: نَصْرُاً، بَطن، ومَالِكاً، فَوَلَدَ نَصْرُ بن سَعْد: رَبَيعَةَ، وثَعْلَبَةَ، وَهْوَ المشْرُ.
245,260,1,وهؤلاء بنو نبهان بن عمرو بن الغوث بن طييء,4,فَمِنْ بَني نَصْرُ بن سَعْد: مُخَلَّدُ بن الأَصْمَع بن أبي عُبِيْدة بن رَبَيعَةَ بن نَصْرُ الَّذي نزل به امُرّؤُ القَيْس.
245,260,1,وهؤلاء بنو نبهان بن عمرو بن الغوث بن طييء,5,وأَخُوهُ سُدُوس بن الأَصْمَع، ولَهُ يقولُ امُرّؤُ القَيْس بن حُجْر:
245,260,1,وهؤلاء بنو نبهان بن عمرو بن الغوث بن طييء,6,إِذا ما كُنْتَ مُفْتَخِراً فَفَاخِر … بِبَيْتٍ مِثْل بَيْت بَني سُدُوسا
245,260,1,وهؤلاء بنو نبهان بن عمرو بن الغوث بن طييء,7,وهُدِيْلةُ بن حُصَيْن بن مَنِيع بن أَنَسُ بن خَالِد بن الأَصْمَع، وحرار بن عُبِيْد بن مَنِيع، وهما اللَّذان أخذا بَهْدَلُ بن قِرْفَةَ ودَفَعاه إلى السُّلطان.
245,260,1,وهؤلاء بنو نبهان بن عمرو بن الغوث بن طييء,8,وجَوَّابُ بن نُبَيْط بن أَنَسُ بن خَالِد الشَّاعِر.
245,260,1,وهؤلاء بنو نبهان بن عمرو بن الغوث بن طييء,9,ومَعَاذِ بن نُبَيْط بن انس، الَّذي ذكره ابن هَمَّامٍ في شِعْرِهِ.
246,261,1,وهؤلاء بنو نبهان بن عمرو بن الغوث بن طييء,1,وعَتَّاب بن فُسَيْر بن سُوَيْد بن أَنَسُ بن خَالِد الشَّاعِر.
246,261,1,وهؤلاء بنو نبهان بن عمرو بن الغوث بن طييء,2,ومِنْ بَني سُدُوس بن أَصْمَع: وزَرُ بن جَابِر بن سُدُوس بن أَصْمَع بن أبي عُبِيْدة بن رَبَيعَةَ بن نَصْرُ بن نَبْهان، الَّذي قَتَلَ عَنْتَرَة، ثم وَفَد عَلَى النّبيّ.
246,261,1,وهؤلاء بنو نبهان بن عمرو بن الغوث بن طييء,3,وَوَلَدَ ثَعْلَبَةَ بن نَصْرُ بن سَعْد بن نَبْهان: سَعْداً.
246,261,1,وهؤلاء بنو نبهان بن عمرو بن الغوث بن طييء,4,فَوَلَدَ سَعْد بن ثَعْلَبَةَ: جَابِراً، وخُطَامَةَ، وخُطَيْمَةَ، وخَطَمَةَ، وهم بِعُمَان، والبَحْرَين.
246,261,1,وهؤلاء بنو نبهان بن عمرو بن الغوث بن طييء,5,فَمِنْ بَني خُطَامَةَ بن سَعْد بن ثَعْلَبَةَ: سَعْد الطَلائِع بن مُعَاوِيَةَ بن الحَجَّاج بن سَلَمَةُ بن جَابِر بن خِمصَان بن مَازِنُ.
246,261,1,وهؤلاء بنو نبهان بن عمرو بن الغوث بن طييء,6,وبِشْرُ بن ثَعْلَبَةَ، ودُعَيْج، لَهُم عَدَدٌ، وهم بُطُون وهم بالبادِيَّةِ.
246,261,1,وهؤلاء بنو نبهان بن عمرو بن الغوث بن طييء,7,منِهم: مَازِنُ بن الغُضَوِيَّةبن سَبَعَة بن شَمَاسَة بن حَيَا بن مُرّ بن حَيَا.
246,261,1,وهؤلاء بنو نبهان بن عمرو بن الغوث بن طييء,8,وعرابي بن نَسْرُ بن خُطَامَةَ من القُوَّادِ لأبي جَعْفَرُ المنْصور.
246,261,1,وهؤلاء بنو نبهان بن عمرو بن الغوث بن طييء,9,هَؤُلاءِ بَنو نَصْرُ بن سَعْد بن نَبْهان.
247,262,1,وهؤلاء بنو مالك بن سعد بن نبهان,1,وهَؤُلاءِ بَنو مَالِك بن سَعْد بن نَبْهان
247,262,1,وهؤلاء بنو مالك بن سعد بن نبهان,2,وَوَلَدَ مَالِك بن سَعْد بن نَبْهان: غَنْمُاً.
247,262,1,وهؤلاء بنو مالك بن سعد بن نبهان,3,فَوَلَدَ غَنْمُ بن مَالِك: كَبِيِراً، وَهْوَ هُمَيْنٌ، بَطن؛ وعَمْراً وَهْوَ الصَامِتْ.
247,262,1,وهؤلاء بنو مالك بن سعد بن نبهان,4,فَوَلَدَ الصَامِتْ بن غَنْمُ: عَمْراً، ومَالِكاً، أُمَّهُما: مُرّآة بِنْت غَنْمُ بن عَمْرو بن ثُوَب بن مَعْنٍ.
247,262,1,وهؤلاء بنو مالك بن سعد بن نبهان,5,وخُثَيْمُ، ومِخْوسُ، ومِشْرَح، هَؤُلاءِ الثلاثة بِعُمَان والبَحْرَين.
247,262,1,وهؤلاء بنو مالك بن سعد بن نبهان,6,فَوَلَدَ مَالِك بن الصَامِتْ بن غَنْمُ بن مَالِك بن سَعْد بن نَبْهان: عَمْراً.
247,262,1,وهؤلاء بنو مالك بن سعد بن نبهان,7,فَوَلَدَ عَمْرو بن مَالِك: ظَفَراً، وعَادِيةَ، ومَالِكاً، وامُرّأ القَيْس، وهَانئاً.
247,262,1,وهؤلاء بنو مالك بن سعد بن نبهان,8,فَوَلَدَ عَادِيةَ بن عَمْرو: قَمِيَّةَ.
247,262,1,وهؤلاء بنو مالك بن سعد بن نبهان,9,فَوَلَدَ قَمِيَّةَ بن عَمْرو بن غَادِيَةَ: هَانئاً، ومَالِكاً وحَارِثَةَ، أُمَّهُما: أَسَمْاءُ بن حُجْر بن زَيْد بن مَنَاةُ بن زُهَيْر بن تَيْم بن أُسَامَةَ بن مَالِك بن بَكر بن حَبِيب بن عَمْرو بن غَنْمُ بن ثَعْلَبَةَ.
247,262,1,وهؤلاء بنو مالك بن سعد بن نبهان,10,وحِصْناً، ومَالِكاً، أُمَّهُما: زَيْنَبُ بِنْت حِصْن بن سَلَمْى مِن بَني الأخْوَةِ من القَيْنِ.
247,262,1,وهؤلاء بنو مالك بن سعد بن نبهان,11,وقَيْس بن قَمِيَّةَ.
247,262,1,وهؤلاء بنو مالك بن سعد بن نبهان,12,فَوَلَدَ مَالِك بن قَمِيَّةَ: مَعْداً، وعَلْقَمَةَ.
247,262,1,وهؤلاء بنو مالك بن سعد بن نبهان,13,منِهم: سُلَيْط بن مَالِك بن زَيْد بن مَعْد، كان شَرِيفُاً بالنَّهْرينِ، مَدَحَهُ أبو نَعْجَةَ النمُرّي.
248,263,1,وهؤلاء بنو مالك بن سعد بن نبهان,1,وحُبَابُ بن عُرَيّ بن حَارِثَةَ بن عَلْقَمَةَ بن قَيْس بن عَمْرو بن جَرِير بن مَالِك بن عَمْرو بن ظَفَر، وَهْوَ أبو بَني بن سُوَيْد الَّذي باليَمَامَة.
248,263,1,وهؤلاء بنو مالك بن سعد بن نبهان,2,وجَعْفَرُ بن عَطِيّةَ بن عَتَّاب بن حَيَّة بن سَعْد، ولَهُ يقولُ أبن دَارَة الغَطَغانيّ:
248,263,1,وهؤلاء بنو مالك بن سعد بن نبهان,3,مَدَحْتُ نَسيبَيّ جَعْفَرَ ان جَعْفَراً … تُحَلَّبُ كَفَّاهُ النَدى وانامِلُهْ
248,263,1,وهؤلاء بنو مالك بن سعد بن نبهان,4,وَوَلَدَ عَمْرو بن الصَامِتْ: عَمْراً.
248,263,1,وهؤلاء بنو مالك بن سعد بن نبهان,5,فَوَلَدَ عَمْرو بن عَمْرو: سَعْداً، وعَسَامة، وحَيَا.
248,263,1,وهؤلاء بنو مالك بن سعد بن نبهان,6,فَوَلَدَ سَعْد بن عَمْرو: أَكَلْب، ونَدَناً، وعِيَاضاً، وحَيَا.
248,263,1,وهؤلاء بنو مالك بن سعد بن نبهان,7,منِهم: قَحْطَبةَ بن شَبِيب بن خَالِد بن مَعْدان بن شَمْس بن قَيْس بن أَكَلْب بن سَعْد، نَقِيبٌ في الدولةِ.
248,263,1,وهؤلاء بنو مالك بن سعد بن نبهان,8,وابناه حُمَيْد، والحَسَن، من القُوَّادِ لأبي جَعْفَرُ المنْصور وكان جدهُ خَالِد بن مَعْدان ممن شَهِدَ الجَمَلُ مع عَليّ بن أبي طَالِب ﵇ ، ومَعَهُ رَايَةُ بَني عَمْرو بن الصَامِتْ.
248,263,1,وهؤلاء بنو مالك بن سعد بن نبهان,9,وأبو غَانم، وَهْوَ عَبْدَ الحُمَيْد بن رِبْعِي بن خَلَف بن مَعْدان، القَائِد لأبي جَعْفَرُ.
249,264,1,وهؤلاء بنو بولان بن عمرو,1,وابناه أَصْرَم، وحُمَيْد.
249,264,1,وهؤلاء بنو بولان بن عمرو,2,والأَشْعَثُ بن يَحيى بن النُّعمَان بن جَابِر بن حُرَيْثُ بن كَلْب بن مَطَر بن حَيَا بن سَعْد، القَائِد.
249,264,1,وهؤلاء بنو بولان بن عمرو,3,ويُوُسُفُ بن عَقِيلُ بن حَيَّان بن سُلَيْم بن عِزال بن سَلَمَةُ بن شَمْس بن جَابِر بن رَحِيب بن ريش بن عَمْرو بن عَمْرو القَائِد.
249,264,1,وهؤلاء بنو بولان بن عمرو,4,وعَمْرانُ بن عَمْرو بن حَسَّانُ بن سُلَيْم، كان عَلَى فَارِس.
249,264,1,وهؤلاء بنو بولان بن عمرو,5,وعَبْدَ الحُمَيْد بن حَسَّانُ القَائِد.
249,264,1,وهؤلاء بنو بولان بن عمرو,6,هَؤُلاءِ بَنو نَبْهان بن عَمْرو بن الغَوْث.
249,264,1,وهؤلاء بنو بولان بن عمرو,7,وهَؤُلاءِ بَنو بَوْلان بن عَمْرو
249,264,1,وهؤلاء بنو بولان بن عمرو,8,وَوَلَدَ بَوْلان بن عَمْرو: مِعْتَرُاً، الَّذي قَتَلَ الجَفْنيَّ، وكان الجَفْنيَّ أَغَارَ عَليّهم، فقَتَلَهُ مِعْتَرُ، وكان مِعْتَرُ يلقب سَارِي الحُرَّيب، فلَمْا قَتَلَهُ قال الشَّاعِر:
249,264,1,وهؤلاء بنو بولان بن عمرو,9,لا يَقْطَع اللَهُ يَمِينَ مِعْتَر … حَيّا عُبِيْداً طَعْنَةَ قَبْلَ الكَرْ
249,264,1,وهؤلاء بنو بولان بن عمرو,10,وجِعْثِنَةُ بن بَوْلان.
249,264,1,وهؤلاء بنو بولان بن عمرو,11,فَوَلَدَ مِعْتَرُ بن بَوْلان: عَمْراً، وأبا عَمْرو.
249,264,1,وهؤلاء بنو بولان بن عمرو,12,فَوَلَدَ عَمْرو بن مِعْتَرُ: صَعْتَرةَ، ومَسْعُوداً بَطن وعَدِيّاً بَطن، وأُبياً، بَطن، وهم رَهْطُ عَبْدَ اللَهُ بن خُلَيْفُةَ شَهِدَ صَيْفيُّن مع عَليّ بن أبي طَالِب ﵇ ، وكان شَاعِراً خطيباً.
250,265,1,وهؤلاء بنو بولان بن عمرو,1,فَوَلَدَ صَعْتَرةَ بن عَمْرو: صَيْفيُّاً، وقَلْطَفاً، وكان كاهناً تَتَحاكَمُ إليهِ العَرَبِ.
250,265,1,وهؤلاء بنو بولان بن عمرو,2,فَوَلَدَ صَيْفيُّ بن صَعْتَرةَ: زَيْداً، وهم سَدَنَةُ الفِلْس.
250,265,1,وهؤلاء بنو بولان بن عمرو,3,منِهم: خَالِد بن غَنْمُة الشَّاعِر، جأهلَي.
250,265,1,وهؤلاء بنو بولان بن عمرو,4,ومنهم: وَهْبُ بن عَبْدَ الله بن الأَحْوَصُ، حِصْنن بن ابي مَوْهِبة الشَّاعِر ومنِهم: خُلَيْفُ بن حَيَّان بن كَبِيِر بن أبي كَعْب بن مَسْعُود، وكان يُقالُ لَهُ: سِرَاج الظَلَامِ.
250,265,1,وهؤلاء بنو بولان بن عمرو,5,من وَلَدِه: حُيَيُّ بن مَيْمون بن حُيَيُّ بن شَرِيك بن حَيَّة بن خُلَيْفُ الشَّاعِر.
250,265,1,وهؤلاء بنو بولان بن عمرو,6,ونَوالُ بن عَقِيلُ بن خُلَيْفُ.
250,265,1,وهؤلاء بنو بولان بن عمرو,7,وحَنْطَلَةُ بن أَوْس بن حِصْن بن حَيَّان.
250,265,1,وهؤلاء بنو بولان بن عمرو,8,وجَمِيلُ بن عَمْرو بن خُلَيْفُ بن حَيَّان.
250,265,1,وهؤلاء بنو بولان بن عمرو,9,وَوَلَدَ أبو عَمْرو بن مِعْتَرُ: امُرّؤُ القَيْس، والمزْدَلِفَ.
250,265,1,وهؤلاء بنو بولان بن عمرو,10,وَوَلَدَ قلطف بن صَعْتَر: عَامِراً.
251,266,1,وهؤلاء بنو مر بن عمرو,1,فَوَلَدَ عَامِر بن قلطف: ثَعْلَبَةَ.
251,266,1,وهؤلاء بنو مر بن عمرو,2,هَؤُلاءِ بَنو بَوْلان بن عَمْرو.
251,266,1,وهؤلاء بنو مر بن عمرو,3,وهَؤُلاءِ بَنو مُرّ بن عَمْرو
251,266,1,وهؤلاء بنو مر بن عمرو,4,وَوَلَدَ مُرّ بن عَمْرو: الكَهْفَ، والحَارِثَ، وزَهْواً. فَوَلَدَ الكَهْفَ بن مُرّ: الكَهْفَ، وامُرّؤُ القَيْس. فَوَلَدَ الكَهْفَ بن الكَهْفَ: زُرَيْقاً، وزُفَيناً، وبُقيرَةَ، وهم من أهلَ السَهْلِ.
251,266,1,وهؤلاء بنو مر بن عمرو,5,وَوَلَدَ زهو بن مُرّ: تَيْم اللاَّت.
251,266,1,وهؤلاء بنو مر بن عمرو,6,فَوَلَدَ تَيْم اللاَّت بن زهو: مَالِكاً.
251,266,1,وهؤلاء بنو مر بن عمرو,7,فَوَلَدَ مَالِك بن تَيْم اللاَّت: ثَبابَة، وهم بالشَّامِ.
251,266,1,وهؤلاء بنو مر بن عمرو,8,انقَضى نَسَبُ طييء بن أُدَد
252,267,1,نسب مذحج,1,نَسَبُ مَذْحِج
252,267,1,نسب مذحج,2,وَوَلَدَ مَالِك بن أُدَد: خَالِداً، وسَعْد العَشِيرَةِ؛ وانما سُمَّي سَعْد العَشِيرَةِ للانه طالَ عمُرّه فكان وَلَدِه وَوَلَدَ وَلَدِه ثَلَثْمائَةَ رَجُل، فكان يَركبُ فيهم، فيُقالُ: منِ هَؤُلاءِ معك؟ فيقولُ: عَشِرَتي مَخَافَةَ العين عَليّهم.
252,267,1,نسب مذحج,3,ويَحَايِرَ، وَهْوَ مُرّاد، سُمَّي مُرّاد لانه تمُرّد من اليَمَنِ.
252,267,1,نسب مذحج,4,وزَيْداً، وَهْوَ عَنْسُ؛ ولَمْساً، أهلَ بيتٍ مع عَنْسُ؛ أُمَّهُم: سَلَمْى بِنْت مَنْصور بن عِكْرِمَةَ بن خَصْفَةَ بن قَيْس بن عَيْلان بن مُضَر.
252,267,1,نسب مذحج,5,فَوَلَدَ خَالِد بن مَالِك بن أُدَد: عُلَة.
252,267,1,نسب مذحج,6,فَوَلَدَ عُلَة بن خَالِد: عَمْراً، وحَرْباً.
252,267,1,نسب مذحج,7,فَوَلَدَ عَمْرو بن عُلَة: كَعْباً، وجَسْراً، وَهْوَ النَّخَعُ وعَامِراً، أُمَّهُم:
253,268,1,وهؤلاء بنو الحارث بن كعب,1,المهَنَّاة بِنْت مَالِك بن الأَوْس بن تَغْلِب؛ وَوُعَيْلاً بَطن مع بَني الحَارِثَ بالبَصْرَةِ.
253,268,1,وهؤلاء بنو الحارث بن كعب,2,وهَؤُلاءِ بَنو الحَارِثَ بن كَعْب
253,268,1,وهؤلاء بنو الحارث بن كعب,3,فَوَلَدَ الحَارِثَ بن كَعْب: كَعْباً ورَبَيعَةَ، أُمَّهُما هِنْدُ بِنْت النَّخَعُ.
253,268,1,وهؤلاء بنو الحارث بن كعب,4,فَوَلَدَ رَبَيعَةَ بن الحَارِثَ: كَعْباً.
253,268,1,وهؤلاء بنو الحارث بن كعب,5,فَوَلَدَ كَعْب بن رَبَيعَةَ: مَالِكاً، ورَبَيعَةَ، ومُوَيْلِكُا؛ أُمَّهُم: مَاوِيَةُ بِنْت الحَارِثَ بن كَعْب بن أَوْد بن صَعْب بن سَعْد العَشِيرَةِ.
253,268,1,وهؤلاء بنو الحارث بن كعب,6,فَوَلَدَ مُوَيْلِكُ بن كَعْب: رَبَيعَةَ، وَهْوَ مُجعِثٌ، وأُبَيّاً، أُمَّهُما: عُقْدَةُ بِنْت بأهلَة، بها يُعرَفون.
253,268,1,وهؤلاء بنو الحارث بن كعب,7,منِهم: حُوَيْصُ بن أبي مُوَيْلِكُ، كان فيمن سَارَ إلى مكَّة مع الفيلِ فَهَلَكَ؛ ولبَني عُقْدَةُ بَقِيةَّ قَلِيلة.
253,268,1,وهؤلاء بنو الحارث بن كعب,8,وَوَلَدَ مَالِك بن كَعْب: الحَارِثَ، ورَبَيعَةَ، وعَمْراً.
253,268,1,وهؤلاء بنو الحارث بن كعب,9,فَوَلَدَ الحَارِثَ بن مَالِك: مُعَاوِيَةَ، وظَالماً، وصَلَاةَ، ورِزَاماً؛ أُمَّهُم من جَنْب.
253,268,1,وهؤلاء بنو الحارث بن كعب,10,منِهم: المحَجَّلُ، واسْمُه مُعَاوِيَةَ بن حَزْن بن مَوْأَلَة بن مُعَاوِيَةَ بن الحَارِثَ؛ وأُمَّهُ: نُسَيْبَةَ بِنْت مُعَاوِيَةَ بن رَبَيعَةَ بن ظَالم بن الحَارِثَ بن مَالِك بن كَعْب.
253,268,1,وهؤلاء بنو الحارث بن كعب,11,فَوَلَدَ المحَجَّلُ بن حَزْن: يَزَيْد، وقَنَافَةَ، وصَامِتْاً، أُمَّهُم: هِنْدُ بِنْت مُعَاوِيَةَ ابن عَمْرو بن عَبْدَ يَغُوث مِن جَنْب.
253,268,1,وهؤلاء بنو الحارث بن كعب,12,وحَزْناً، ومِحْصَناً؛ أُمَّهُم: كَبْشَةُ بِنْت خَالِد بن مُعَاوِيَةَ بن كِلَاب بن
254,269,1,وهؤلاء بنو الحارث بن كعب,1,رَبَيعَةَ بن عَامِر، وأُمَّهُا الزَاهِريَّة بِنْت رِيَاح بن أبي رَبَيعَةَ بن نَهْيِل بن هِلَال بن عَامِر.
254,269,1,وهؤلاء بنو الحارث بن كعب,2,فَوَلَدَ يَزَيْد بن المحَجَّل: سَعْيداً، وأُمَامَة، أُمَّهُما: هِنْدُ بِنْت مُرَّةَ بن هَاعَان.
254,269,1,وهؤلاء بنو الحارث بن كعب,3,فَوَلَدَ سَعْيد بن يَزَيْد: يَزَيْداً، وَفَد عَلَى النّبيّصلى الله عليه وسلم.
254,269,1,وهؤلاء بنو الحارث بن كعب,4,والأَسْوَدُ، وعَبْدَ اللَهُ، وعَبْدَ الرَّحمَان وقَيْساً، وحَسَناً؛ أُمَّهُم: أُم قَيْس بِنْت عَأَسَرَ بن ثُمَامَة.
254,269,1,وهؤلاء بنو الحارث بن كعب,5,وطَلْقَ، وأبا حَيَّان، والقَعْقَاعَ؛ أُمَّهُم من بَني وَقَّاص من بَني الَمَعْقِل.
254,269,1,وهؤلاء بنو الحارث بن كعب,6,وَوَلَدَ الأَسْوَدُ بن سَعْيد: زواً، وعَليّة، وأسَيَّدَاً ويَزَيْد؛ أُمَّهُم: عَوانةُ بِنْت محِصْن بن حَزْن بن المحَجَّلُ.
254,269,1,وهؤلاء بنو الحارث بن كعب,7,وَوَلَدَ قَنَافَةَ بن المحَجَّلُ: مَوْأَلَة؛ أُمَّهُ الرِبَابُبِنْت بياض من بَني نهد ابن زَيْد.
254,269,1,وهؤلاء بنو الحارث بن كعب,8,وَوَلَدَ عَبْدَ الله بن سَعِيِد: عُثَمَانُ، أُمَّهُ أُم وَلَدِ وَوَلَدَ قُنَافَةَ بن المحَجَّل: مَوْأَلَةَ أُمَّهُ الرِبَابُبنت مِنْ بني نَهْد ابن زَيْد والأَسْوَدُ، وأُمَّهُ من عَتِيك نحوان.
254,269,1,وهؤلاء بنو الحارث بن كعب,9,وَوَلَدَ حَزْن بن المحَجَّلُ: محِصْناً، والحُرَّ، وعَليّاً، وسَعْيداً، ومُعَاوِيَةَ؛ أُمَّهُم لَمْيسُ بِنْت سَلَمْان بن أَبَان بن عَمْرو بن حَزْن؛ وأُمَّهُما: كُبَيْشَةُ بِنْت مُخَرَّمُ، وأُمَّهُما: أُمَيمَةُ بن أبي غَنْمُ بن حَبِيب بن حَبْتَر من خُزَاعَةَ.
255,270,1,وهؤلاء بنو الحارث بن كعب,1,فَوَلَدَ محِصْن بن حَزْن: قَيْساً، وخُزَيمَةَ، وحَزْناً أُمَّهُم: أُم حَكِيم بِنْت قَيْس بن مُعَاوِيَةَ بن مَالِك بن الحَارِثَ بن رَبَيعَةَ بن صَلَاءَةَ بن مُعَاوِيَةَ بن الحَارِثَ بن مَالِك بن كَعْب؛ وأُمَّهُما: أَسَمْاءُ بِنْت يَزَيْد بن الحَارِثَ بن سَلَمَةُ بن رَبَيعَةَ بن صَلَاءَةَ بن مُعَاوِيَةَ.
255,270,1,وهؤلاء بنو الحارث بن كعب,2,ودلَهُماً، وجَعْفَرُاً؛ أُمَّهُما: خُزَيمَةَ بِنْت زِيَاد بن الحَارِثَ بن مُخَرَّمُ؛ وأُمَّهُما: أُم الناس بِنْت عُبِيْدة من بَني زِيَاد.
255,270,1,وهؤلاء بنو الحارث بن كعب,3,وخُلَيْساً، والتَمْرَسَ؛ أُمَّهُما: لَيْلى بِنْت رَبَيعَةَ بن عَمْرو بن دُرَاع.
255,270,1,وهؤلاء بنو الحارث بن كعب,4,وَوَلَدَ الحُرَّ بن حَزْن: السَّرِيَّ، وجُمَانةَ، ومغَيْرة، والصَّلْتَ، وعَبْدَ اللَهُ، وأبا ماسِحَة، والطويل؛ أُمَّهُم: الوَرْدَاءُ بن صَامِتْ بن سَلَمْى بن أَبَان بن عَمْرو بن زِيَاد بن الحَارِثَ.
255,270,1,وهؤلاء بنو الحارث بن كعب,5,وَوَلَدَ سَعْد بن حَزْن: هشَّامِاً، وعَمْراً، أُمَّهُما: هِنْدُ بِنْت سَعْيد بن يَزَيْد بن المحَجَّلُ.
255,270,1,وهؤلاء بنو الحارث بن كعب,6,وَوَلَدَ عَليّ بن حَزْن: أبا يَزَيْد، ومُحَمَّدُاً؛ أُمَّهُما لَمْيسُ بِنْت سَلَمْى بن عَبْدَ شَمْس بن عَمْرو بن رَبَيعَةَ بن مَالِك.
255,270,1,وهؤلاء بنو الحارث بن كعب,7,وَوَلَدَ مِحْصَنُ بن المحَجَّل: يَزَيْد، ومُطَّرِفاً، أُمَّهُما: هِنْدُ بنت عَبْدَ شَمس بن عَمْرو بن رَبَيعَةَ.
255,270,1,وهؤلاء بنو الحارث بن كعب,8,هَؤُلاءِ بَنو المحَجَّلُ، وانما سُمَّي المحَجَّلُ لِبَياضٍ كان به، وقد رَأسَ.
255,270,1,وهؤلاء بنو الحارث بن كعب,9,وَوَلَدَ عَمْرو بن مَالِك بن كَعْب: الحَارِثَ وحُمَيضَةَ، وعَبْدَ شَمْس، قَتَلَته جُعْفيّ.
255,270,1,وهؤلاء بنو الحارث بن كعب,10,وَوَلَدَ رَبَيعَةَ بن كَعْب بن رَبَيعَةَ بن الحَارِثَ بن كَعْب: مَالِكاً، وعَامِراً،
256,271,1,وهؤلاء بنو الحارث بن كعب,1,وَهْوَ الحِمَاس بَطن، والحَارِثَ وَهْوَ خَيْثَمةُ، بَطن؛ وكَعْباً، وَهْوَ الأَرَتُّ، بَطن؛ أُمَّهُم: رُهْم بِنْت مَالِك بن النَّخَعُ.
256,271,1,وهؤلاء بنو الحارث بن كعب,2,فَوَلَدَ مَالِك بن رَبَيعَةَ: الحَارِثَ، أُمَّهُ من بَني زَيْد.
256,271,1,وهؤلاء بنو الحارث بن كعب,3,فَوَلَدَ الحَارِثَ بن مَالِك: زِيَاداً، بَطن، ويَزَيْد وَهْوَ النَّار، بَطن، قيل فيه:
256,271,1,وهؤلاء بنو الحارث بن كعب,4,ما سُمَّيَ النَّار إِلَّا مِنْ صَرَامَتِه … وضَرْبهِ الهَامَ بالمصْقُولَةِ الشُّطُبِ
256,271,1,وهؤلاء بنو الحارث بن كعب,5,ولأياً، بَطن.
256,271,1,وهؤلاء بنو الحارث بن كعب,6,فَمِنْ بَني زِيَاد: عَبْدَ المدَان، واسْمُه عَمْرو بن الدَّيَّان، واسْمُه يَزَيْد بن قَطَن بن زِيَاد.
256,271,1,وهؤلاء بنو الحارث بن كعب,7,وأَنَسُ بن الدَّيَّان.
256,271,1,وهؤلاء بنو الحارث بن كعب,8,ومَالِك بن الدَّيَّان.
256,271,1,وهؤلاء بنو الحارث بن كعب,9,وجَبْر بن الدَّيَّان.
256,271,1,وهؤلاء بنو الحارث بن كعب,10,أُمَّهُم: أُم جَبْر بِنْت سَيْحان من عَنْزَةَ وهم مع أَخْوَالَهُم باليَمَامَة.
256,271,1,وهؤلاء بنو الحارث بن كعب,11,فَوَلَدَ عَبْدَ المدَان بن عَبْدَ الدَّيَّان بن قَطَن بن زِيَاد بن الحَارِثَ بن مَالِك بن رَبَيعَةَ بن كَعْب بن رَبَيعَةَ بن الحَارِثَ بن كَعْب: عَبْدَ اللَهُ الشَّاعِر، وَهْوَ عَبْدَ الحُجْر وَفَد عَلَى النّبيّصلى الله عليه وسلم فَسَمَّاهُ عَبْدَ اللَهُ، قَتَلَهُ بُسْرُ بن أبي أَرْطَاة حين
257,272,1,وهؤلاء بنو الحارث بن كعب,1,توجه إلى اليَمَنِ، فبمن كان في طاعة عَليّ بن أبي طَالِب ﵇ .
257,272,1,وهؤلاء بنو الحارث بن كعب,2,وقَتَلَ ابَنَه مَالِكاً، ويَزَيْد بن عَبْدَ المدَان، كان شَرِيفُاً شَاعِراً، وَفَد ايضاً والحَارِثَ بن عَبْدَ المدَان، قَتَلَهُ وعُلَة بن الحَارِثَ الجَرْميّ، وكانت جَرْم حِلْفاً لبَني الحَارِثَ بن كَعْب؛ فَوَقَع بينهم شر فَفَارَقَهُم جَرْم في الجَاهِليَّة؛ ودَعْوتَهم مَعَهُم للحِلْف الأول في الإسلام.
257,272,1,وهؤلاء بنو الحارث بن كعب,3,وزِيَاد بن النَّضْر بن بِشْرُ بن مَالِك بن الدَّيَّان، كان شَرِيفُاً، شَهِدَ المشاهد مع عَليّ بن أبي طَالِب ﵇ وبَعَثهُ عَلَى مقدمته يَوْمَ صَيْفيُّن ومَعَهُ شُرَيْح أبن هَاني الحَارِثَي، فاختَلَفا وكَتَبا إلى عَليّ بن أبي طَالِب فَكَتَبَ ان يُصَلي كل واحِدٍ منِهم عَلَى حَالَهُ، وان جَمَعَتهم الحَرْب فزِيَاد عَلَى شُرَيْح.
257,272,1,وهؤلاء بنو الحارث بن كعب,4,وأُذَيْنه بن النَّضْر، شَرِيفُ بالشَّامِ.
257,272,1,وهؤلاء بنو الحارث بن كعب,5,والرَبِيعُ بن زِيَاد بن أَنَسُ ب الدَّيَّان الَّذي ولي خرَأسَان، وفَتَحَ
258,273,1,وهؤلاء بنو الحارث بن كعب,1,"بَعضَها، وكان أَمير المؤمِنين عمُرّ بن الخَطَّاب يقولُ: "" دُلُّوني عَلَى رَجُل إذا كان في القّوْمِ وَهْوَ أَمِيرٌ فَكَانهُ وَلَيْسَ بِأَمِير، وإذا كان فيهم وَلَيِسَ بِأَمِيرٌ فَكَانهُ أَميرٌ بِعَيْنِة "" وكان مُتَواضِعاً خَيَّراً."
258,273,1,وهؤلاء بنو الحارث بن كعب,2,والمهَاجَرَ أَخُوهُ قَتَلَ مع أبو مُوسى الأَشْعَرِيّ بتُسْتَر، ولَهُ يقولُ القائل:
258,273,1,وهؤلاء بنو الحارث بن كعب,3,ويَوْمَ قَامَ أَبو مُوسى بِخُطبَتِه … رَاحَ المهَاجَرَ في حِلٍ بأجْمَالِ
258,273,1,وهؤلاء بنو الحارث بن كعب,4,فالبَيْتُ بَيْت بَني الدَّيَّان نَعْرِفُه … في آلِ مَذْحِج مثل الجَوْهِر الغَالي
258,273,1,وهؤلاء بنو الحارث بن كعب,5,والحَارِثَ بن زِيَاد بن الرَبِيعُ بن زِيَاد، لَمْ يَكُن في الأَرْضِ عَرَبيُّ أَبْصَر منِه بنَجْمٍ، وكان مع أبي جَعْفَرُ، وكان يَتَحَرَّج ان يَقْضي.
258,273,1,وهؤلاء بنو الحارث بن كعب,6,وشَدَّادُ بن الحَارِثَ بن زِيَاد بن أَنَسُ بن الدَّيَّان، كان سَخِيَّاً، ولَهُ يقولُ الشَّاعِر:
258,273,1,وهؤلاء بنو الحارث بن كعب,7,يَا لَيْتَنَاعِنْد شَدَّادُ فَيُخبِرنا … ويُذْهِبُ الفَقْرَ عَنَّا سِيبُه الغَرِقُ
258,273,1,وهؤلاء بنو الحارث بن كعب,8,ومُخَرَّمُ بن حَزْن بن زِيَاد، وقد رَأسَ؛ وَهْوَ إبن فُكَيْهَةَ، وهي أمةٌ، كانت سَبيَّة،
258,273,1,وهؤلاء بنو الحارث بن كعب,9,وكان شَاعِراً.
259,274,1,وهؤلاء بنو الحارث بن كعب,1,والهَجْرسُ بن الحُرَّ بن مَالِك بن عَبْدَ اللَهُ بن شُرَيْح بن مُخَرَّمُ، وكان لَهُ شرفاً وسَخَلءاً.
259,274,1,وهؤلاء بنو الحارث بن كعب,2,ويَزَيْد وَهْوَ النَّابِغَةُ، النَّابِغَةُ بَني الحَارِثَ بن كَعْب وَهْوَ ابن أَبَان بن حَزْن بن زِيَاد.
259,274,1,وهؤلاء بنو الحارث بن كعب,3,وَوَلَدَ عَبْدَ اللَهُ بن عَبْدَ المدَان: بِشْراً، ومَالِكاً الَّذي قَتَلَ بِشْرُ بن أَرْطَاة.
259,274,1,وهؤلاء بنو الحارث بن كعب,4,وعَبْدَ اللَهُ؛ وعَائِشَةَ تَزَوَّجَهَا عَبْدَ اللَهُ بن عَبَّاس فَوَلَدِت لَهُ عَبَّاساً، وعَالِيَةَ، وكانت عند عَرَابَةَ الأَوْسي ثم خَلَف بن عُثَمَانُ بن عَفَّان.
259,274,1,وهؤلاء بنو الحارث بن كعب,5,فَوَلَدَ عُبِيْد اللَهُ بن عَبْدَ اللَهُ بن المدَان: رَبِيعُاً، ومَالِكاً، ويَزَيْد، ورَيْطَة، أم العَبَّاس، وزِيَاداً.
259,274,1,وهؤلاء بنو الحارث بن كعب,6,فَوَلَدَ رَبِيعُ بن عُبِيْد اللَهُ: عَبْدَ اللَهُ لأم وَلَدِ، وعَليّاً، أُمَّهُ من بَني عَقِيلُ، والحُبَابُ لأم وَلَدِ.
259,274,1,وهؤلاء بنو الحارث بن كعب,7,وَوَلَدَ يَزَيْد بن عُبِيْد اللَهُ بن عَبْدَ اللَهُ بن عَبْدَ المدَان: مُحَمَّدُاً، ورِزَاماً، وبِشْراً، وسُلَيْمان؛ أُمَّهُم ابِنْت النَّضْر بن يَزَيْد بن الحُصَيْن بن يَزَيْد.
259,274,1,وهؤلاء بنو الحارث بن كعب,8,وَوَلَدَ مَالِك بن عُبِيْد اللَهُ: جَعْفَرُاً؛ أُمَّهُ بِنْت السِمَال بن طَارِق من بَني زُبَيْد.
260,275,1,وهؤلاء بنو الحارث بن كعب,1,وَوَلَدَ بِشْرُ بن عُبِيْد اللَهُ بن عَبْدَ اللَهُ بن عَبْدَ المدَان: أبا عَليّ، أُمَّهُ: أُمَيَّةَ بِنْت عَبْدَ اللَهُ بن قُرَادٍ، من بَني زِيَاد.
260,275,1,وهؤلاء بنو الحارث بن كعب,2,هَؤُلاءِ بَنو عَبْدَ اللَهُ بن عَبْدَ المدَان أَخْوَال أبي العَبَّاس السَّفَّاح.
260,275,1,وهؤلاء بنو الحارث بن كعب,3,ومِنْ بَني الشَّاعِر بن الحَارِثَ بن مَالِك بن رَبَيعَةَ بن كَعْب بن الحَارِس بن كَعْب: مُرْسُوعُ بن الحَارِثَ بن النَّار، قَتَلَهُ بَنو أَسَدِ بن خُزَيمَةَ في الجَاهِليَّة، ولَهُ يقولُ عَمْرو بن شَأْس الأَسَدِي:
260,275,1,وهؤلاء بنو الحارث بن كعب,4,ويَوْمَ بَني كَعْب أَصَابًتْ رِمًاحُنَا … مَقَاتِل يَرْبُوعٍ ونَحْنُ بِهِ نًدْلي
260,275,1,وهؤلاء بنو الحارث بن كعب,5,وَوَلَدَ الحَارِثَ بن النَّار: مَعْشَر، وتَمِيماً، والحَارِثَ فَوَلَدَ مَعْشَر بن النَّار بن الحَارِثَ: خَالِداً، وَهْوَ مُبَاِي الرَّيحِ، ولَهُ يقولُ القائل:
260,275,1,وهؤلاء بنو الحارث بن كعب,6,تَمَنَتْ حَال خَالِد بن النَّار … المطْعِم الشَّحْمَ في الاصْفَارِ
260,275,1,وهؤلاء بنو الحارث بن كعب,7,مَانحُ جُودَ النُّوق في الأَضرار … مِنْ عَصَبٍ مَاجِدَةِ أَحْرَارِ
260,275,1,وهؤلاء بنو الحارث بن كعب,8,فَوَلَدَ خَالِد بن مَعْشَر: مَعْشَر، وهم من بَني تَمِيم.
260,275,1,وهؤلاء بنو الحارث بن كعب,9,ورِزَاحُ بن خَالِد، أَصَابَتْهُ بَنو أَسَدِ بن خُزَيمَةَ يَوْمَ صِفَاق، فلَهُ يقولُ مُرْسُوعُ
260,275,1,وهؤلاء بنو الحارث بن كعب,10,مَنْ كان يَرْجو في المغِيبِ رِزَاحَةُ … فَان رِزَاحي عِنْدَ مُنْقَطعِ الصَّفْقِ
260,275,1,وهؤلاء بنو الحارث بن كعب,11,فَوَلَدَ مَعْشَر بن خَالِد: صَفْوَانُاً فوأُدَد صَفْوَانُ بن مَعْشَر: عَمْراً، وَهْوَ مِصْرَف، وانما سُمَّي في مَنَامٍ، وأُمَّهُ من بَني عَمْرو بن تَمِيم.
260,275,1,وهؤلاء بنو الحارث بن كعب,12,ونُعَيْماً، أَصابَتْهُ ذُبْيَان فَقَال المهرب:
261,276,1,وهؤلاء بنو الحارث بن كعب,1,أَتَانا زِيَاد يَطلبُ الصُّلْحَ عِنْدَنا … وَقَدْ جَمَعَتْ ذُبْيَان جَمْعَ المحَارِبِ
261,276,1,وهؤلاء بنو الحارث بن كعب,2,فَقُلنا لَهُم لَاصُلْح حَتَّى نَزُوَكم … وحَتَّى تَمِيلَ الخَيْلِ فَوْقَ المنَاقِبِ
261,276,1,وهؤلاء بنو الحارث بن كعب,3,فَزَونَاهُمُ لَمْ نَعْطِ عَهْداً وعَمَّها … مِنْ القِوْم عيل الجَوْف صَحْم المنَاكِبِ
261,276,1,وهؤلاء بنو الحارث بن كعب,4,فَلَمْا رَأَوْنا نَشْجُر القَوْمَ بالقَنا … وتُشْتَجَرِ الأَبْطَال مِنْ كُلِّ جَانبِ
261,276,1,وهؤلاء بنو الحارث بن كعب,5,وَنَنْعى أَبا عَمْرو وتَيْم بن مَعْشَر … ونَضْرِبُ غِبَ النَقْعِ فَوْقَ الحَواجِبِ
261,276,1,وهؤلاء بنو الحارث بن كعب,6,تَيْم بن مَسْعُود، ووَقَّاص بن الَمَعْشَر.
261,276,1,وهؤلاء بنو الحارث بن كعب,7,فَوَلَدَ وَقَّاص بن مَعْشَر: المنذر فَوَلَدَ المُنْذِر بن وَقَّاص: عَمْراً، وَهْوَ الَّذي يقولُ:
261,276,1,وهؤلاء بنو الحارث بن كعب,8,قَالتْ بَنو ذُبْيَان انا مَعْشَر … نَحْمِي ونَمْنَع صَعْبةَ النُّسْوَان
261,276,1,وهؤلاء بنو الحارث بن كعب,9,وحِصْن بن مَعْشَر.
261,276,1,وهؤلاء بنو الحارث بن كعب,10,فَوَلَدَ حِصْن بن الَمَعْشَر: الأَحْوَصُ.
261,276,1,وهؤلاء بنو الحارث بن كعب,11,وَوَلَدَ تَمِيم بن النَّار: مَعْشَر، وزِيَاداً، وعَمْراً فَوَلَدَ مَعْشَر بن تَمِيم النَّار: تَمِيماً.
261,276,1,وهؤلاء بنو الحارث بن كعب,12,فَوَلَدَ تَمِيماً بن مَعْشَر: ثَابِتاً، وكَعْباً، ومَعَبْدَاً، بَنو تَمِيم بن مَعْشَر بن
262,277,1,وهؤلاء بنو الحارث بن كعب,1,تَمِيم بن النَّار، كان في السَبَعَة الَّذين طعنوا عَلَى عُثَمَانُ ﵁ فَبَعَثَ إليهم فَقَيْدَهُم حتى قَتَلَ عُثَمَانُ بن عَفَّان.
262,277,1,وهؤلاء بنو الحارث بن كعب,2,وَوَلَدَ مُرْسُوعُ بن الحَارِثَ بن النَّار: مَعْشَر، والحَارِثَ، وَهْوَ تُومَة.
262,277,1,وهؤلاء بنو الحارث بن كعب,3,فَوَلَدَ مَعْشَر بن مُرْسُوعُ: صَفْوَانُ.
262,277,1,وهؤلاء بنو الحارث بن كعب,4,فَوَلَد صَفْوَانُ بن مَعْشَر: عَمْراً، وَهْوَ الَّذي يقولُ لَهُ مُخَارِقُ الهِلَالي أبياتٍ.
262,277,1,وهؤلاء بنو الحارث بن كعب,5,وَوَلَدَ تُومَة بن مُرْسُوعُ: عَبْدَ اللَهُ.
262,277,1,وهؤلاء بنو الحارث بن كعب,6,من وَلَدِه: النَّضْر بن عَبْدَ اللَهُ بن سُفَيان بن مَالِك بن عَبْدَ اللَهُ بن تُومَة، كان شَرِيفُاً بالكُوفَةِ.
262,277,1,وهؤلاء بنو الحارث بن كعب,7,وَوَلَدَ الحِمَاس بن رَبَيعَةَ بن كَعْب بن الحَارِثَ بن كَعْب: خَدِيجُاً، ومَالِكاً.
262,277,1,وهؤلاء بنو الحارث بن كعب,8,فَوَلَدَ خَدِيجُ بن الحِمَاس: الحَارِثَ، ومُعَاوِيَةَ، ومَالِكاً، وعَبْدَ اللَهُ.
262,277,1,وهؤلاء بنو الحارث بن كعب,9,فَوَلَدَ مَالِك بن خَدِيجُ: دَاعِراً، والرَّافِغيَّ.
262,277,1,وهؤلاء بنو الحارث بن كعب,10,ومنِهم: النَّجاشِيُّ، واسْمُه قَيْس بن عَمْرو بن مُعَاوِيَةَ بن خَدِيجُ بن الحِمَاس.
263,278,1,وهؤلاء بنو الحارث بن كعب,1,وأَخُوهُ خَدِيجُ بن عَمْرو، وكان شَاعِراً.
263,278,1,وهؤلاء بنو الحارث بن كعب,2,وَوَلَدَ كَعْب بن رَبَيعَةَ بن كَعْب بن الحَارِثَ بن كَعْب: رَبَيعَةَ، وَهْوَ الَمَعْقِل، بَطن، ودُهْنُيّاً بَطن؛ أُمَّهُما: هِنْدُ بِنْت مُعَاوِيَةَ بن الحَارِثَ بن مُعَاوِيَةَ بن ثَوْر بن مُرْتّعٍ.
263,278,1,وهؤلاء بنو الحارث بن كعب,3,فَمِنْ بَني الَمَعْقِل: مَرْثِدُ، ومُرَيِثدُ، إبنا سَلَمَةُ بن الَمَعْقِل، وهم يدعَوْنَ: المَرَاثِد.
263,278,1,وهؤلاء بنو الحارث بن كعب,4,قال وعُلَة الجَرْميّ:
263,278,1,وهؤلاء بنو الحارث بن كعب,5,صُبّحت بِها المرّاثِد من قَرِيبٍ … وحتَّى دِعْبِل وبَني زِيَاد
263,278,1,وهؤلاء بنو الحارث بن كعب,6,والمأمور، وَهْوَ الحَارِثَ بن مُعَاوِيَةَ بن قَيْس بن كَعْب بن الَمَعْقِل الكَاهِن، لَمْ يَكُن في العَرَبِ أحدُ أَكْهَن منِه، بأمُرّهِ مَذْحِجٍ، كانت تَتَقْدَمُ أو تَتَأَخَر؛ اجتَمَعَتْ عَليّه مَذْحِج.
264,279,1,وهؤلاء بنو الحارث بن كعب,1,وسَلَمَةُ، وَهْوَ ذُو المرّوة بن صَلَاءَةَ بن كَعْب بن مَعْقِل، ومَعْقِل، وقد رَأسَ، وانما سُمَّي ذا المرّوة لانه رَمَى رَجُل بمُرّوة فقَتَلَة.
264,279,1,وهؤلاء بنو الحارث بن كعب,2,وجَعْفَرُ بن عُلْبَةَ بن رَبَيعَةَ بن الحَارِثَ بن عَبْدَ يَغُوث بن الحَارِثَ بن مُعَاوِيَةَ بن صَلَاءَةَ، كان فَارِساً شَاعِراً يُغَيْر عَلَى بَني عَقِيلُ فَيُكْثِر، وأُخذ بعد فقَتَلَ، صَبراً بالمدِينَةِ.
264,279,1,وهؤلاء بنو الحارث بن كعب,3,ومُزَاحِمُ بن كَعْب بن حَزْن بن مُعَاوِيَةَ بن صَلَاءَةَ، كان فَارِساً، ولَهُ يقولُ عَامِر بن الطُفَيْلُ:
264,279,1,وهؤلاء بنو الحارث بن كعب,4,ولَقَدْ رَأَيتُ مُزَاحِاً فَكَرِهتهُ … وَلَقَدْ حَفَظَتُ وَصَايَا أُمِّ الأَسْوَدُ
264,279,1,وهؤلاء بنو الحارث بن كعب,5,وطُفَيْلُ اللَّجْلَاج بن يَزَيْد بن عَبْدَ يَغُوث بن صَلَاءَةَ بن الَمَعْقِل، كان فَارِساً شَرِيفُاً، وقد رَأسَ، وَهْوَ المثمل وما يدري، وقد تَولَّع هَرِمَاً.
264,279,1,وهؤلاء بنو الحارث بن كعب,6,وأَخُوهُ مُسْهْرُ بن يَزَيْد بن عَبْدَ يَغُوث بن صَلَاءَةَ بن الَمَعْقِل، واسْمُه رَبَيعَةَ بن كَعْب بن رَبَيعَةَ بن كَعْب بن الحَارِثَ، الَّذي فَقَأ عين عَامِر بن الطُفَيْلُ يَوْمَ فَيْفِ الرَّيحِ، ولَهُ يقولُ عَامِر بن الطُفَيْلُ:
265,280,1,وهؤلاء بنو الحارث بن كعب,1,لَبِئْسَ الفَتى ان كُنْت أَعْوَرَ عَاقِراً … جَبَاناً، فَمَا أَغْنَى لَدى كُلِّ مَحْضَرِ
265,280,1,وهؤلاء بنو الحارث بن كعب,2,لَعَمْري، ومَا عَمْرِي عَلَيّ بِهَيَّن … لَقَدْ شَأنَ حُرَّ الوَجْهِ طَعْنَةُ مُسهِرِ
265,280,1,وهؤلاء بنو الحارث بن كعب,3,وعَبْدَ يَغُوث بن الحَارِثَ بن الحَارِثَ بن وَقَّاص بن صَلَاءَةَ، قَتِيل التَمِيم، وكان عَلَى مَذْحِج يَوْمَ الكِلَاب وَهْوَ الَّذي يقولُ:
265,280,1,وهؤلاء بنو الحارث بن كعب,4,يا رَاكِباً إِمَّا عَرَضْتَ فَبَلِّغا … نَدَامَايَ مِنْ نَجْرأَنَ أَلَّا تَلَاقِيا
265,280,1,وهؤلاء بنو الحارث بن كعب,5,أَبَا كَرِب والأيْهَمَيْنِ كِلَاهُما … وقَيْساً بِأَعَلَى حَضْرَمَوْت اليَمَانِيا
265,280,1,وهؤلاء بنو الحارث بن كعب,6,وحَجْوَانُ بن الحَارِثَ بن وَقَّاص بن صَلَاءَةَ بن الَمَعْقِل، الَّذي قَتَلَتهُ مُرّاد بالجَاهِليَّة.
265,280,1,وهؤلاء بنو الحارث بن كعب,7,وأَصْعَرُ بن الحَارِثَ بن وَقَّاص، صاحب بَني الحَارِثَ يَوْمَ القَادِسيَّةَ.
266,281,1,وهؤلاء بنو كعب بن الحارث بن كعب,1,ويَحيى بن بِشْرُ بن حَجْوَانُ بن أَصْعَرُ، ولي شُرَطَ الكُوفَةِ لَهُاشم بن سَعْد بن مَنْصور.
266,281,1,وهؤلاء بنو كعب بن الحارث بن كعب,2,وَوَلَدَ خَيْثَمةُ بن رَبَيعَةَ: أبا رَبَيعَةَ والأَسْوَدُ، وسَاعِدَةَ.
266,281,1,وهؤلاء بنو كعب بن الحارث بن كعب,3,فَوَلَدَ أبا رَبَيعَةَ بن خَيْثَمةُ: الشَّيْطَانَ.
266,281,1,وهؤلاء بنو كعب بن الحارث بن كعب,4,ومن بَني دُهْنُيّ بن رَبَيعَةَ بن كَعْب بن الحَارِثَ بن كَعْب بن عَمْرو بن عُلَة بن جَلْد: العَنَّابَ، وه رَبِيعُ، وَهْوَ اول من رَأسَ بَني الحَارِثَ.
266,281,1,وهؤلاء بنو كعب بن الحارث بن كعب,5,منِهم: شَرِيك بن الأَعْوَر بن الحَارِثَ بن عَبْدَ يَغُوث بن خَلَفة بن سَلَمَةُ بن دُهْنُيّ، كان فَارِساً، وكان شيعيَّاً، شَهِدَ مع عَليّ بن أبي طَالِب ﵇ الجَمَلُ وَصِيفيُّن، ومات بالكُوفَةِ عند هانئ بن عُرْوَةُ المرّادِي.
266,281,1,وهؤلاء بنو كعب بن الحارث بن كعب,6,وعَبْدَ اللَهُ بن الأَعْوَر؛ وأبو مَعَاذِةَ بن الأَعْوَر. يُعرَف شَرِيك بالأَعْوَر؛ وأبو مَعَاذِةَ لا يُعرَف بالأَعْوَر ولا بالحائِكِ؛ وعَبْدَ اللَهُ يُعرَف بالحَارِثَ.
266,281,1,وهؤلاء بنو كعب بن الحارث بن كعب,7,هَؤُلاءِ بن الحَارِثَ بن كَعْب.
266,281,1,وهؤلاء بنو كعب بن الحارث بن كعب,8,وهَؤُلاءِ بَنو كَعْب بن الحَارِثَ بن كَعْب
266,281,1,وهؤلاء بنو كعب بن الحارث بن كعب,9,وَوَلَدَ كَعْب بن الحَارِثَ بن كَعْب: عَبْدَ اللَهُ، أُمَّهُ بِنْت مَالِك بن مَازِنُ من بَني زُبَيْد؛ ومَالِكاً، بَطن، والحَارِثَ، وَهْوَ مُخدِّج، وَهْوَ غَوْث العان، أُمَّهُما: أَسَمْاءُ بِنْت الضَّبَاب مِنْ النمُرّ بن قَاسِطٍ.
266,281,1,وهؤلاء بنو كعب بن الحارث بن كعب,10,فَوَلَدَ عَبْدَ اللَهُ بن رَبَيعَةَ بن الحَارِثَ بن كَعْب: وَهْباً، والحَارِثَ،
267,282,1,وهؤلاء بنو كعب بن الحارث بن كعب,1,ومُعَاوِيَةَ، أُمَّهُم من بَني زُبَيْد.
267,282,1,وهؤلاء بنو كعب بن الحارث بن كعب,2,فَوَلَدَ وَهْب بن عَبْدَ اللَهُ بن رَبَيعَةَ بن الحَارِثَ بن كَعْب: سَلَمَةُ، والحَارِثَ، وعَدِيّ كَرِب.
267,282,1,وهؤلاء بنو كعب بن الحارث بن كعب,3,فَوَلَدَ سَلَمَةُ بن وَهْب: قَنَانِاً، والحَارِثَ، وجُحَيْشَاً، بَطن.
267,282,1,وهؤلاء بنو كعب بن الحارث بن كعب,4,فَمِنْ بَني قَنَانٍ: ذُو الغُصَّةِ بن يَزَيْد بن شَدَّادُ بن قَنَانٍ بن سَلَمَةُ بن وَهْب بن عَبْدَ اللَهُ، رَأسَ بَني الحَارِثَ مَائة سَنَة، وَهْوَ أبو عُمِيْرٍ.
267,282,1,وهؤلاء بنو كعب بن الحارث بن كعب,5,وشِهَابُ بن أَبَان بن الشَّيْطَانَ بن قَنَانٍ، كان الرَئِيس قَبْلَ الحُصَيْن.
267,282,1,وهؤلاء بنو كعب بن الحارث بن كعب,6,وعَبْدَ يَغُوث، ومَازِنُ، قَتَلَهُما نُصَيْب النَّخَعُي.
267,282,1,وهؤلاء بنو كعب بن الحارث بن كعب,7,فَمِنْ بَني الحُصَيْن: عَبْدَ الله الشَّاعِر، وَقَدْ رَأَسَ.
267,282,1,وهؤلاء بنو كعب بن الحارث بن كعب,8,وقَيْس بن الحُصَيْن، وَفَد إلى النّبيّ صلى الله عليه وسلمفَكَتَبَ لَهُ كِتَاباً عَلَى قَوْمِهِ.
267,282,1,وهؤلاء بنو كعب بن الحارث بن كعب,9,وعَمْرو، وزِيَاد، ومَالِك، بَنو الحُصَيْن، يُقالُ لَهُم: فَوَارِس الأَرْبَاعِ، قَتَلَتهم هَمْدَانُ يَوْمَ الأحْمرَمَين، ولَهُم يقولُ الأَجْدَعُ بن مَالِك الهَمْدَانُي ثم الوَادِعيّ:
268,283,1,وهؤلاء بنو كعب بن الحارث بن كعب,1,أَسَأَلْتَني بِرَكائِبي ورِحَالِها … ونَستَ قَتْل فَوَارِسِ الأَرْبَاعِ
268,283,1,وهؤلاء بنو كعب بن الحارث بن كعب,2,وكَثِير بن شِهَابُ بن الحُصَيْن، كان سَيَّدَ مَذْحِجٍ بالكُوفَةِ، وَولَّاهُ مُعَاوِيَةَ الرَّيَّ، ودَسْتَبَى، وكان أَبْخَلَ الخَلْقِ.
268,283,1,وهؤلاء بنو كعب بن الحارث بن كعب,3,وأبو شِهَابُ الَّذي قَتَلَ قَاتِلُأبه الحُصَيْن يَوْمَ الرَّزْم.
268,283,1,وهؤلاء بنو كعب بن الحارث بن كعب,4,ومِنْ وَلَدِه: زُهْرَةُ بن الحَارِثَ بن مَنْصور بن قَيْس بن كَثِير بن شِهَابُ.
268,283,1,وهؤلاء بنو كعب بن الحارث بن كعب,5,وقَطَن بن عَبْدَ اللَهُ بن الحُصَيْن، كان عُثَمَانُياً.
268,283,1,وهؤلاء بنو كعب بن الحارث بن كعب,6,وابَنَه خَالِد بن قَطَن، كان شَرِيفُاً بالكُوفَةِ.
268,283,1,وهؤلاء بنو كعب بن الحارث بن كعب,7,والحَارِثَ بن عَبْدَ اللَهُ، كان شَرِيفاً بِنَجْرانَ، ولَهُ بها عَدَدٌ كَثِير.
268,283,1,وهؤلاء بنو كعب بن الحارث بن كعب,8,وَوَلَدَ الحَارِثَ بن وَهْب بن عَبْدَ اللَهُ: دُرَاعاً، رَهْطُ الأَوْبَر بن أَبَان بن صَفْوَانُ بن دُرَاع.
269,284,1,وهؤلاء بنو كعب بن الحارث بن كعب,1,ومنِهم: شَدَّادُ بن أَوْس بن أَبَان بن صَفْوَانُ بن دُرَاع، الَّذي يقولُ لَهُ النَّجاشِيُّ:
269,284,1,وهؤلاء بنو كعب بن الحارث بن كعب,2,باللَهُ لَو نَحنُ أَجَرْنَا القَشْعَما … مَا بلَّ شَدَّاد رِيَشه دَمَا
269,284,1,وهؤلاء بنو كعب بن الحارث بن كعب,3,يُقالُ لَهُم بَنو دُرَاع.
269,284,1,وهؤلاء بنو كعب بن الحارث بن كعب,4,وَوَلَدَ عِكَبُّ بن وَهْب بن عَبْدَ اللَهُ: جَابِراً، رَهْطُ عَبْدَ اللَهُ بن الأَسْوَدُ بن زِيَاد.
269,284,1,وهؤلاء بنو كعب بن الحارث بن كعب,5,والحَارِثَ بن عِكَبُّ؛ رَهْطُ بَني كَثِير، وعَمْرو ومَالِك أبنا عِكَبّ.
269,284,1,وهؤلاء بنو كعب بن الحارث بن كعب,6,فَوَلَدَ عَمْرو بن عِكَبُّ: لأماً، رَهْطُ رَوْق بن إِيَّاسِ، لَيْسَ بالكُوفَةِ غَيْرة.
269,284,1,وهؤلاء بنو كعب بن الحارث بن كعب,7,وَوَلَدَ الحَارِثَ بن عَبْدَ اللَهُ بن رَبَيعَةَ بن الحَارِثَ بن كَعْب: بُنى، وقَائِداً.
269,284,1,وهؤلاء بنو كعب بن الحارث بن كعب,8,وَوَلَدَ مَالِك بن رَبَيعَةَ بن حَارِثَةَ بن كَعْب: رَبَيعَةَ والحَارِثَ، وكَعْباً، وعَمْراً، ووَهْباً، والهَيْجُان؛ أُمَّهُم: مَاوِيَةُ بِنْت الشَيطَانَ بن بَكر بن عَوْف بن النَّخَعِ.
269,284,1,وهؤلاء بنو كعب بن الحارث بن كعب,9,ومَالِك بن مَالِك، وهم حيٌ بِعُمَان، لَهُم عَدَدٌ كَثِير.
269,284,1,وهؤلاء بنو كعب بن الحارث بن كعب,10,منِهم: الأَسْوَدُ بن زِيَاد بن عَبَّاد بن سَلَمَةُ بن الحَارِثَ بن مَالِك بن
270,285,1,وهؤلاء بنو كعب بن الحارث بن كعب,1,رَبَيعَةَ، شَهِدَ القَادِسيَّةَ وهَاجَرَ.
270,285,1,وهؤلاء بنو كعب بن الحارث بن كعب,2,ومِنْ وَلَدِه: زِيَاد بن صَالِح بن الأَسْوَدُ، ولي الشُرَطَ بالكُوفَةِ لأبي العَبَّاس، فَلَقَّبَهُ أهلَ الكُوفَةِ: أبا الصَوَاعِق.
270,285,1,وهؤلاء بنو كعب بن الحارث بن كعب,3,وَوَلَدَ رَبَيعَةَ بن مَالِك بن رَبَيعَةَ بن الحَارِثَ بن كَعْب: جَفْنَةَ، وزُهَيْراً، وقَطَناً، وعَمْراً، وزَيْداً، وجُمَانَةَ، ومسَلَمَةُ، الَّذين يُقالُ لَهُم فَوَارِس الأَغْرَاض. وكانو رُمَاةً لا يَخْطِئُون.
270,285,1,وهؤلاء بنو كعب بن الحارث بن كعب,4,منِهم: أبو صَلَاح بن شَبَابَةَ بن عَمْرو بن أَوْس بن إِيَّاسِ بن جَحْدَر بن مُرَّةَ بن جَفْنَةَ بن رَبَيعَةَ.
270,285,1,وهؤلاء بنو كعب بن الحارث بن كعب,5,وَوَلَدَ كَعْب بن رَبَيعَةَ بن الحَارِثَ: مَازِنُاً، وَهْوَ غَيْضُ البَأسِ.
270,285,1,وهؤلاء بنو كعب بن الحارث بن كعب,6,منِهم: أَسْلَم بن مَالِك بن مَازِنُ؛ كان رئيساً، فقَتَلَته جُعْفيّ.
270,285,1,وهؤلاء بنو كعب بن الحارث بن كعب,7,وَوَلَدَ الحَارِثَ بن رَبَيعَةَ بن الحَارِثَ بن كَعْب: سَلَمَةُ، وَهْوَ الضَّبَاب، بَطن، ورَبَيعَةَ، ومَالِكاً.
270,285,1,وهؤلاء بنو كعب بن الحارث بن كعب,8,"منِهم: هِنْدُ بن أَسَمْاءُ بن مُرْسُوعُ بن الضَّبَاب، الَّذي قَتَلَ المُنتَشِرَ بن وَهْب البأهلَي، فَقَأل أَعْش بأهَلَة: "" هِنْدُ بن أَسَمْاءُ لا يَهْنى لَكَ الظَفَر "" وَوَلَدَ الضَّبَاب بن الحَارِثَ بن رَبَيعَةَ بن كَعْب: سَلَمَةُ، ومَالِكاً، ورَبَيعَةَ."
270,285,1,وهؤلاء بنو كعب بن الحارث بن كعب,9,فَوَلَدَ سَلَمَةُ بن الضَّبَاب: مَازِنُاً، وَهْوَ غَيْضُ البَأسِ، وسُفَيان، ومَرْسُوعَاً، وحَزْناً.
271,286,1,وهؤلاء بنو كعب بن الحارث بن كعب,1,فَوَلَدَ سُفَيانَ بن سَلَمَةُ: دُرَيْداً، ومُعَاوِيَةَ، رَهْطُ شُرَيْح بن هاَنِي بن يَزَيْد ابن نَهْيك بن دُرَيْد، شَهِدَ القَادِسيَّةَ، ويَوْمَ تُسْتَر، والجَمَلُ، وَصِيفيُّن، والنهروان مع عَليّ بن ابي طَالِب - وطَالَ عمُرّه القِتَال، وقَتَلَ شَهِيداً، قَتَلَته الأَعَاجِمُ بِسِجستاَن:
271,286,1,وهؤلاء بنو كعب بن الحارث بن كعب,2,أَصُبّحتُ ذَابِتاً أُقَاسِي الكِبَرا … قَدْ عِشْثُ بين المُشْرِكينَ أَعْصُرا
271,286,1,وهؤلاء بنو كعب بن الحارث بن كعب,3,ثُمَّ أَدْرَكْتُ النَبِيَّ المُنْذِرا … وبَعْدَهُ صِدِّيقَهُ وعُمَرا
271,286,1,وهؤلاء بنو كعب بن الحارث بن كعب,4,ويَوْمَ مَهْران ويَوْمَ تُسْتَراً … والجَمْعَ في صِيْفينِهِم والنَّهَرا
271,286,1,وهؤلاء بنو كعب بن الحارث بن كعب,5,وبَاجُمِيرَوات والمِشَقَّرا … هَيْهَاتَ ما لِطُولِ هَذَا عُمُرا
271,286,1,وهؤلاء بنو كعب بن الحارث بن كعب,6,قَتَلَ يَوْمَئذ ولَهُ عشرون ومائة سَنَة وَوَلَدَ مُرْسُوعُ بن سَلَمَةُ بن الضَّبَاب: أَسَمْاءُ، وطَائِفاً، ورَوْقاء
272,287,1,وهؤلاء بنو عامر بن عمرو بن علة بن جلد,1,وَوَلَدَ مَالِك بن الضَّبَاب: سُفَيان: رَهْطُ ابي الحَدْرَاءَ؛ وشَدَّادُ بن مَالِك.
272,287,1,وهؤلاء بنو عامر بن عمرو بن علة بن جلد,2,وَوَلَدَ رُعَيْلُ بن الحَارِثَ بن كَعْب: سَلَمَةُ، وعَبْدَ اللَهُ، وحَارِثَةَ.
272,287,1,وهؤلاء بنو عامر بن عمرو بن علة بن جلد,3,هَؤُلاءِ بَنو كَعْب بن عَمْرو بن عُلَة بن جَلْد.
272,287,1,وهؤلاء بنو عامر بن عمرو بن علة بن جلد,4,وهَؤُلاءِ بَنو عَامِر بن عَمْرو بن عُلَة بن جَلْد
272,287,1,وهؤلاء بنو عامر بن عمرو بن علة بن جلد,5,وَوَلَدَ عَامِر بن عَمْرو بن عُلَة بن جَلْد: مُسْليَةَ، بَطن مع بَني الحَارِثَ؛ وكَعْباً، لَهُم مَسْجْدٌ، بالكُوفَةِ، مَسْجْدٌ قي خُطَتِهم. فَوَلَدَ مُسْليَةَ بن عَامِر بن عَمْرو: كِنَانةَ، وأَسَدِاً؛ أُمَّهُم: كَبْشَةُ بِنْت عَوْف بن النَّخَعُ.
272,287,1,وهؤلاء بنو عامر بن عمرو بن علة بن جلد,6,فَوَلَدَ كِنَانةَ بن مُسْليَةَ: الأَبيضَ وارُضَا بَطن، ومُنَبَّهاً بَطن، وعَبْدَاً، وحِلْيَةَ بَطن.
272,287,1,وهؤلاء بنو عامر بن عمرو بن علة بن جلد,7,فَوَلَدَ الأَبيضَ بن كِنَانةَ: نَاشِرَةَ؛ وأُمَّهُ: هِنْدُ بِنْت أَسَدِ بن مُسْليَةَ.
272,287,1,وهؤلاء بنو عامر بن عمرو بن علة بن جلد,8,فَوَلَدَ نَاشِرَةَ بن الأَبيضَ: صُبّحاً، بَطن، اليه العَدَدٌ والبيت.
272,287,1,وهؤلاء بنو عامر بن عمرو بن علة بن جلد,9,وثعلبة، أُمَّهُما: كِنَانةَ بِنْت الأَعمى بن مُنَبَّه بن كِنَانةَ، بها يُعرَفون.
272,287,1,وهؤلاء بنو عامر بن عمرو بن علة بن جلد,10,وَبَنو كُنَانَة ضَارِبُون فَبَابهُم … للضَّرْبِ يُعرَف حَولهُمُ أَنعَامُ
272,287,1,وهؤلاء بنو عامر بن عمرو بن علة بن جلد,11,منِهم: ابي بن رَبَيعَةَ بن صُبّح، الَّذي يقولُ لَهُ عَمْرو بن مَعَدِيّ كَرِب:
273,288,1,وهؤلاء بنو عامر بن عمرو بن علة بن جلد,1,تَمَنَّانِي لِتَقُلَني أُبيٌّ … نَعَامَةَ قَفْرَةٍ بَغَتْ المبِيضَا
273,288,1,وهؤلاء بنو عامر بن عمرو بن علة بن جلد,2,وقال ايضاً:
273,288,1,وهؤلاء بنو عامر بن عمرو بن علة بن جلد,3,وابن صُبّح سَادِراً يُوعِدُني … مَا لَهُ ما عِشْتُ في النَّاسِ مُجِيرُ
273,288,1,وهؤلاء بنو عامر بن عمرو بن علة بن جلد,4,وكان فَارِساً.
273,288,1,وهؤلاء بنو عامر بن عمرو بن علة بن جلد,5,وأَخُوهُ طَرَفَةُ بن رَبَيعَةَ، كان شَاعِراً.
273,288,1,وهؤلاء بنو عامر بن عمرو بن علة بن جلد,6,وعَبْدَ وَدّ بن جَابِر بن صُبّح، الَّذي يُقالُ لَهُ فَارِس الأَغْرَاض.
273,288,1,وهؤلاء بنو عامر بن عمرو بن علة بن جلد,7,وعَامِر بن إِسْمَاعِيل بن عَامِر بن نَافِع بن مَحْمَيَةَ بن حُذَيَفَةَ بن عَوْف بن صُبّح، القَائِد مع ابي جَعْفَرُ، وَهْوَ الَّذي قَتَلَ مُرّوَان بن مُحَمَّدُ بن مُرْوَان بن الحَكَم.
273,288,1,وهؤلاء بنو عامر بن عمرو بن علة بن جلد,8,الحَارِثَ بن ثَعْلَبَةَ بن نَاشِرَةَ بن الأَبيضَ، الشَّاعِرالجأهلَي الَّذي يُقالُ لَهُ: ابن جناية.
273,288,1,وهؤلاء بنو عامر بن عمرو بن علة بن جلد,9,وَوَلَدَ ارض بن كِنَانةَ: عَبْدَ اللَهُ، وعُوَيْجاً وحَبِيباً، ورِزَاحاً، وعُبِيْداً.
273,288,1,وهؤلاء بنو عامر بن عمرو بن علة بن جلد,10,وَوَلَدَ حِلْيَةَ بن كِنَانةَ: الأَبيضَ؛ وعُبِيْداً، وسَلَمَةُ، وعُوَيْجاً، وفَوْقاً، وطَرِيفاً، والحَارِثَ وَوَلَدَ مُنَبَّه بن كِنَانةَ.
274,289,1,نسب النخع,1,نَسَبُ النَّخَعُ
274,289,1,نسب النخع,2,وَوَلَدَ النَّخَعُ بن عَمْرو بن عُلَة بن جَلْد بن مَالِك بن أُدَد: مَالِكاً وعَوْفاً وَهْوَ المِشْرُ الاحمُرّ؛ أُمَّهُما: عَزَّةُ بِنْت مَالِك بن أَيْدَعَان بن إيَاد فَوَلَدَ مَالِك بن النَّخَعُ: سَعْداً، وعَمْراً، بَطن، أُمَّهُما: الرِبَابُبِنْت الحَارِثَ بن كَعْب بن عَمْرو بن عُلَة بن جَلْد.
274,289,1,نسب النخع,3,فَوَلَدَ سَعْد بن مَالِك بن النَّخَعُ: قَيْساً، وصُبهاناً؛ بَطن، ووَهْبِيلاً، بَطن، وعَامِراً بَطن، وعَبْدَ اللَهُ دَرَجَ؛ أُمَّهُم: رَيْطَة بِنْت وائِل بن نَاجِيَة بن الجَمَاهِر بن الأَشْعَرِ.
274,289,1,نسب النخع,4,وجَذِيمَةَ، بَطن، والحَارِثَةَ، بَطن، لكل بَطن منِهم مَسْجْدٌ بالكُوفَةِ؛ وجَسْراً؛ أُمَّهُم: مَاوِيَةُ بِنْت دَارِم بن مَالِك بن حَنْطَلَةُ بن مَالِك بن زَيْد مَنَاةُ بن تَمِيم.
274,289,1,نسب النخع,5,فَوَلَدَ قَيْس بن سَعْد بن مَالِك بن النَّخَعُ: كَعْباً، بَطن.
274,289,1,نسب النخع,6,فَوَلَدَ كَعْب بن قَيْس: جُشَمُ، وذُهْلاً، أُمَّهُما: لَمْيسُ بِنْت عَمْرو بن ذُهْل بن مُرّار بن جُعْفيّ.
274,289,1,نسب النخع,7,فَوَلَدَ جُشَمُ بن كَعْب: عَوْفاً.
275,290,1,نسب النخع,1,فَوَلَدَ عَوْف بن جُشَمُ: الحَارِثَ، ومُعَاوِيَةَ.
275,290,1,نسب النخع,2,فَوَلَدَ الحَارِثَ بن عَوْف: عَدَّاء، وَهْوَ أَوَّلُ مِنْ رَأسَ من النَّخَعُ.
275,290,1,نسب النخع,3,ومِنْ وَلَدِه: عَرْفَجَةُ بن عَدَّاء.
275,290,1,نسب النخع,4,وهِنْدُ بم سِنَان عَدَّاء، وَهْوَ الَّذي أَسَرَ عَجْرَةَ بن قَيْس بن مَعَدِيّ كَرِب، من بَني عَمْرو بن مُعَاوِيَةَ بن كِنْدَةَ.
275,290,1,نسب النخع,5,وعُرَيّر بن مُعَاوِيَةَ بن هِنْدُ، قَتَلَ يَوْمَ القَادِسيَّةَ وابَنَه عَبْدَ اللَهُ بن عُرَيّر، وكان شَرِيفُاً وَهْوَ اخو قَيْس بن الأَشْعَث بن قَيْس لأُمَّهُ؛ أُمَّهُما: مُلَيْكَةُ بِنْت زُرَارَةَ بن عَمْرو بن قَيْس بن الحَارِثَ بن عَدَّاء.
275,290,1,نسب النخع,6,وابَنَه السَّرِيَّ بن عَبْدَ اللَهُ بن عُرَيّر، وَهْوَ الَّذي يقولُ لَهُ الأُقَيْشِر:
275,290,1,نسب النخع,7,سَيَمْنَعُنِي السَّرِيُّ وعَبْدَ الأَعْلَى … أَبا البُرْدى مِنْكَ ومِنْ أَبَان
275,290,1,نسب النخع,8,ابو البُرْدى يُريدُ أَبا بُرَدَةَ بن ابي مُوسى الأَشْعَرِيّ، وكان اخْتَصَم اليه في امُرّأة لَهُ، فذكرانه حَافَ عَليّه فَهَيجاهُ، فَبَعَثَ إلى بَني أَسَدِ: امَنُعوا كَلْبكُم وإِلَّا فَعَلْتُ وفَعَلْت؛ فلَمْ يَنْزَجِرْ فَطَلَبَه، فاستغَاثَ بعَبْدَ اللَهُ بن عُرَيّر وعَبْدَ الأَعَلى بن جُمَيْع فلَمَّا أَغَاثَاه عَرَفَ أَنَّهما يُخْفِرَاه، فَكَفَّ عَنْهُ.
275,290,1,نسب النخع,9,وعَمْرو بن زُرَارَةَ بن قَيْس بن الحَارِثَ بن عَدَّاء، وَهْوَ اول خَلْق اللَهُ تعالى خَلَعَ عُثمانَ بالكُوفَةِ وبَايَعَ عَليّ بن ابي طَالِب،.
275,290,1,نسب النخع,10,وأبوه زُرَارَةَ بن قَيْس، الوَافِد عَلَى رسول اللَهُ ﷺ
276,291,1,هؤلاء بنو جذيمة بن سعد,1,وهَاني بن هَوْذَة بن عَبْدَ يَغُوث بن عَدَّاء، استعملَهُ عَليّ عَلَى الكُوفَةِ حين سَارَ إلى النهروان.
276,291,1,هؤلاء بنو جذيمة بن سعد,2,وَوَلَدَ ذُهْل بن كَعْب: رَدَاةَ، ومحلَمْاً.
276,291,1,هؤلاء بنو جذيمة بن سعد,3,فَوَلَدَ رَدَاةَ بن ذُهْل: كَعْباً، وَهْوَ الَّذي طَالَ عمُرّه فَقَأل:
276,291,1,هؤلاء بنو جذيمة بن سعد,4,لَمْ يَبْقَ يا خَلْدَةَ مِنْ بَنَاتي … أَبو بَنينَ لَا وَلَا بَنِاتِ
276,291,1,هؤلاء بنو جذيمة بن سعد,5,ولا عَقِيمُ غَيْر ذِي بَتَاتِ … مِنْ مَسقَطِ الشِّحرِ إلى الفُرَاتِ
276,291,1,هؤلاء بنو جذيمة بن سعد,6,ألا يُعَدُّ اليومَ في الأَمواتِ … هَلْ مُشْتَرٍ أَبِيعُهُ حَيَاتي
276,291,1,هؤلاء بنو جذيمة بن سعد,7,ومِنْ وَلَدِه: مَعَبْدَ بم جَعْفَرُ بن قُرْط بن عَبْدَ يَغُوث بن كَعْب الشَّاعِر.
276,291,1,هؤلاء بنو جذيمة بن سعد,8,وشُرَيْح بن خَالِد بن جَعْفَرُ القَائِد الشَّاعِر.
276,291,1,هؤلاء بنو جذيمة بن سعد,9,وعَبْدَ الملِك بن زُرْعَةَ بن قَيْس بن جَعْفَرُ، كان شَرِيفُاً.
276,291,1,هؤلاء بنو جذيمة بن سعد,10,هَؤُلاءِ بَنو قَيْس بن سَعْد بن مَالِك بن النَّخَعُ.
276,291,1,هؤلاء بنو جذيمة بن سعد,11,هَؤُلاءِ بَنو جَذِيمَةَ بن سَعْد
276,291,1,هؤلاء بنو جذيمة بن سعد,12,وَوَلَدَ جَذِيمَةَ بن سَعْد بن مَالِك: رَبَيعَةَ، مَالِكاً، والحَارِثَ.
276,291,1,هؤلاء بنو جذيمة بن سعد,13,فولد الحَارِثَ بن جَذِيمَةَ: رَبَيعَةَ، رَهْطُ الأَشْتَر مَالِك بن الحَارِثَ بن عَبْدَ يَغُوث بن مسَلَمَةُ بن رَبَيعَةَ بن الحَارِثَ بن جَذِيمَةَ، صَاحِبِ
277,292,1,وهؤلاء بنو جسر بن سعد بن مالك بن النخع,1,"عَليّ بن ابي طَالِب "" قَتَلَته امُرّأة "" مِنْ "" لَخمٍ أَطعَمَتْهُ سُمَّاً فَشَربَ عَليّه عَسَلاً فَمَاتَ."
277,292,1,وهؤلاء بنو جسر بن سعد بن مالك بن النخع,2,وابَنَه إِبرَاهِيمُ بن الأَشْتَر.
277,292,1,وهؤلاء بنو جسر بن سعد بن مالك بن النخع,3,وأَخُوهُ عَبْدَ اللَهُ بن الحَارِثَ.
277,292,1,وهؤلاء بنو جسر بن سعد بن مالك بن النخع,4,"ونُصَيْب بن كِنَانةَ بن سَوَاءة بن رَبَيعَةَ بن الحَارِثَ بن جَذِيمَةَ، الَّذي قَتَلَ الحَارِثَين، ثم قال: "" اجروا عَلَى نُصَيْب او دَعوا "" وذَلِكَ أَنَّهم يُهْدِروه."
277,292,1,وهؤلاء بنو جسر بن سعد بن مالك بن النخع,5,ومنِهم: حَمْلُ بن مُعَاوِيَةَ بن مُرّداس بن صُبَاح بن غَفِيف بن الحَارِثَ بن جَذِيمَةَ، كان الفرسان، شَهِدَ صَيْفيُّن مع عَليّ بن ابي طَالِب.
277,292,1,وهؤلاء بنو جسر بن سعد بن مالك بن النخع,6,وَهْوَ الَّذي أَرادَ ان يَطْرَح الأَشْتَر في الماء يَوْمَ صَفَّين وَوَلَدَ رَبَيعَةَ بن جَذِيمَةَ: كُلَيباً، نَهَارَاً بَطن.
277,292,1,وهؤلاء بنو جسر بن سعد بن مالك بن النخع,7,منِهم: ثَابِت بن قَيْس، وَهْوَ المُقَنَّعُ بن الحَارِثَ بن كُلَيب بن رَبَيعَةَ،، وكان شَرِيفُاً، وكانت لَهُ مَنْزلَهُ مِنْ مُعَاوِيَةَ وَهْوَ الَّذي أَخْبَرَ الحُصَيْن بن نُمِيْر بِمَوْتِ يَزَيْد بن مُعَاوِيَةَ وَهْوَ مُحَاصرعَبْدَ اللَهُ بن الزُّبَيْر فانصْرُف، وقد رَأسَ المُقَنَّعُ.
277,292,1,وهؤلاء بنو جسر بن سعد بن مالك بن النخع,8,هَؤُلاءِ بَنو جَذِيمَةَ بن سَعْد
277,292,1,وهؤلاء بنو جسر بن سعد بن مالك بن النخع,9,وهَؤُلاءِ بَنو جَسْر بن سَعْد بن مَالِك بن النَّخَعُ
277,292,1,وهؤلاء بنو جسر بن سعد بن مالك بن النخع,10,وَوَلَدَ جَسْر بن مَالِك بن النَّخَعُ: عَامِراً بَطن.
277,292,1,وهؤلاء بنو جسر بن سعد بن مالك بن النخع,11,فَوَلَدَ عَامِر بن جَسْر: سَلَمْى، حَبْتَراً، وكَعْباً.
278,293,1,وهؤلاء بنو الحارثة بن سعد,1,ومنِهم: الأَشْهَبُ بن عَمْرو بن كَعْب بن عَوْف بن عَبْدَ اللَهُ بن عَامِر، كان شَرِيفُاً.
278,293,1,وهؤلاء بنو الحارثة بن سعد,2,وعَمْرو بن يَزَيْد بن هِلَال بن سَعْد بن عَمْرو بن سَلَمْى بن عَامِر.
278,293,1,وهؤلاء بنو الحارثة بن سعد,3,ويَزَيْد بن قَيْس بن هِلَال بن عَمْرو بن سَلَمْى بن عَامِر.
278,293,1,وهؤلاء بنو الحارثة بن سعد,4,وعَبْدَ الاعلى بن جُمَيْع بن عَمْرو بن عَبْدَ اللَهُ بن رَبَيعَةَ بن عَوْف بن عَبْدَ اللَهُ بن عَامِر.
278,293,1,وهؤلاء بنو الحارثة بن سعد,5,هَؤُلاءِ بَنو جَسْر بن سَعْد.
278,293,1,وهؤلاء بنو الحارثة بن سعد,6,وهَؤُلاءِ بَنو الحَارِثَةَ بن سَعْد
278,293,1,وهؤلاء بنو الحارثة بن سعد,7,وَوَلَدَ حَارِثَةَ بن سَعْد: رَبَيعَةَ، وعَامِراً.
278,293,1,وهؤلاء بنو الحارثة بن سعد,8,فَوَلَدَ عَامِر بن حَارِثَةَ: سَلَامَان.
278,293,1,وهؤلاء بنو الحارثة بن سعد,9,فَوَلَدَ سَلَامَان بن عَامِر: كَعْباً.
278,293,1,وهؤلاء بنو الحارثة بن سعد,10,فَوَلَدَ كَعْب بن سَلَامَان: شَرَاحَيْل؛ رَهْطُ أَرْطَاة بن كَعْب بن شَرَاحَيْل، وَفَد إلى النّبيّ صلى الله عليه وسلمفَعَقَدَ لَهُ لواءاً عَلَى النَّخَعُ، شَهِدَ القَادِسيَّةَ فقَتَلَ، فأخذه أَخُوهُ دُرَيْد بن كَعْب، فقَتَلَ.
279,294,1,وهؤلاء بنو وهبيل بن سعد بن مالك,1,والحَجَّاج بن أَرْطَاة ثَوْر بن هُبَيْرَةَ بن شَرَاحَيْل بن كَعْب الفَقِية.
279,294,1,وهؤلاء بنو وهبيل بن سعد بن مالك,2,وقَطَن بن حُجْر بن هُبَيْرَةَ بن شَرَاحَيْل الشَّاعِر.
279,294,1,وهؤلاء بنو وهبيل بن سعد بن مالك,3,وإِبرَاهِيمُ بن يَزَيْد بن الأَسْوَدُ بن عَمْرو بن رَبَيعَةَ بن حَارِثَةَ لفَقِيه؛ وأُمَّهُ: مُلَيْكَةُ قَيْس بن عَبْدَ اللَهُ بن عَلْقَمَةَ بن سَلَامَان بن كَهْل بن بَكر بن المشْرُ بن النَّخَعُ؛ وإخوَتُه: الأَسْوَدُ، وعَبْدَ الرَّحمَان، بَني يَزَيْد بن الأَسْوَدُ.
279,294,1,وهؤلاء بنو وهبيل بن سعد بن مالك,4,وشُرَيْح بن كَعْب بن سَلَامَان هَؤُلاءِ بَنو حَارِثَةَ بن سَعْد، لَهم مَسْجْدٌ.
279,294,1,وهؤلاء بنو وهبيل بن سعد بن مالك,5,وهَؤُلاءِ بَنو وَهْبِيل بن سَعْد بن مَالِك
279,294,1,وهؤلاء بنو وهبيل بن سعد بن مالك,6,وَوَلَدَ هبيل بن سَعْد بن مَالِك: ذُهْلاً، وجُشَمُ، وعَامِراً، وسُلَيْماً، وكَعْباً، سَلَامَان، وسلَمْاً، ومُعَاوِيَةَ، وجُبَيْراً.
279,294,1,وهؤلاء بنو وهبيل بن سعد بن مالك,7,منِهم: المقُدَاد بن سِنَان بن مَالِك بن رَبَيعَةَ بن عَامِر بن ذُهْل بن مَالِك، شَهِدَ صَيْفيُّن مع عَليّ بن ابي طَالِب.
279,294,1,وهؤلاء بنو وهبيل بن سعد بن مالك,8,"وسِنَان بن أَنَسُ بن عَمْرو بن حَيّ بن الحَارِثَ بن غَالِب بن مَالِك بن وَهْبِيل، الَّذي قَتَلَ الحُسَينَ بن عَليّ "" بالطَّفِّ "" ."
279,294,1,وهؤلاء بنو وهبيل بن سعد بن مالك,9,وأَيْوبُ بن سَعْنَة بن يَزَيْد بن سَلَمْى بن لُؤَيَّ بن مُنَبَّه بن مَالِك بن وَهْبِيل الشَّاعِر.
279,294,1,وهؤلاء بنو وهبيل بن سعد بن مالك,10,وشَرِيك بن عَبْدَ اللَهُ بن ابي شَرِيك بن أَوْس بن أَوْس بن الحَارِثَ بن
280,295,1,وهؤلاء بنو وهبيل بن سعد بن مالك,1,ذُهْل بن وَهْبِيل القاضي، تُوفِيَّ سَنَة سَبْع وسَبعِين ومَائَة.
280,295,1,وهؤلاء بنو وهبيل بن سعد بن مالك,2,وحَفْصُ بن غِيَاث بن طَلْقَ بن مُعَاوِيَةَ بن عَمْرو بن الحَارِثَ بن ثَعْلَبَةَ بن عَامِر بن رَبَيعَةَ بن جُشَمُ بن وَهْبِيل القَاضِي.
280,295,1,وهؤلاء بنو وهبيل بن سعد بن مالك,3,وَوَلَدَ صُهْبَان بن سَعْد بن مَالِك: الحَارِثَ، ومُعَاوِيَةَ، وعَبْدَ اللَهُ
280,295,1,وهؤلاء بنو وهبيل بن سعد بن مالك,4,فَوَلَدَ الحَارِثَ بن صُهْبَان: عَمْراً، ومَالِكاً، وغَنْمُاً، ورَبَيعَةَ.
280,295,1,وهؤلاء بنو وهبيل بن سعد بن مالك,5,منِهم: كُمَيْلُ بن زِيَاد بن نَهِيك بن الهَيْثَمُ بن سَعْد بن مَالِك بن الحَارِثَ بن صُهْبَان، الَّذي قدم على أَميرِ المؤمِنين عمُرّ بن الخَطَّاب، فَعَقَدَ لَهُ على مَنْ قَدِمُ الكُوفَةَ مِنَ النَّخَعِ.
280,295,1,وهؤلاء بنو وهبيل بن سعد بن مالك,6,وَوَلَدَ عَامِر بن سَعْد بم مَالِك عَوْفاً، ومَالِكاً، ةالحَارِثَ، وحَزْناً منهم نُبَاتَةُ بن يَزَيْد الذي نفق حِمَاره فأحياه الله في زمن عمر بن الخطَّاب، حَتَّى غَزَا قَزُوِين، ثُمَّ رَجَعَ فَبَاعَه بعد بالكُوفَةِ.
280,295,1,وهؤلاء بنو وهبيل بن سعد بن مالك,7,وَوَلَدَ عمُرّ بن مَالِك بن النَّخَعُ: سَيَّارُاً، وعُبِيْداً وعَاصِمُاً.
280,295,1,وهؤلاء بنو وهبيل بن سعد بن مالك,8,فَوَلَدَ سَيَّارُ بن عَمْرو؛ رُهْماً، وعَاصِمُاً، وكانوا كَثِيراً فانقرضوا؛ كان منِهم: القُرَيْط الَّذي كان بَينَهُ وبَين النُّعمَان ماكانَ.
280,295,1,وهؤلاء بنو وهبيل بن سعد بن مالك,9,فَوَلَدَ رُهْم بن سَيَّار: عَمْراً الأَكْبَر، وعَمْراً الأَصْغَر، ووعَرْفَجَةَ، صَاحِب لِوَاء النَّخَعُ في الجأهلَيية؛ وعَليّساً، ورَبَيعَةَ، عَوْسَجَةَ، وعَلْقَمَةَ.
281,296,1,وهؤلاء بنو وهبيل بن سعد بن مالك,1,وَوَلَدَ عَوْف بن النَّخَعُ: جُشَمُاً، وبَكراً، بَطن، وهم الَّذين يُقالُ لَهُم: بَكر النَّخَعُ؛ وألَيَهَةَ، بَطن.
281,296,1,وهؤلاء بنو وهبيل بن سعد بن مالك,2,فَوَلَدَ بَكر بن عَوْف: كَهْلاً، ومَالِكاً، والشَّيْطَانَ، ومُرْسُوعاً.
281,296,1,وهؤلاء بنو وهبيل بن سعد بن مالك,3,فَوَلَدَ كَهْل بن بَكر: سَلَامَان، رَهْطُ عَلْقَمَةَ بن قَيْس بن عَبْدَ اللَهُ بن مَالِك بن عَلْقَمَةَ بن سَلَامَان وأَلَيَهَةَ يالكُوفَةِ.
281,296,1,وهؤلاء بنو وهبيل بن سعد بن مالك,4,والأَسْوَدُ بن يَزَيْد بن قَيْس بن عَبْدَ اللَهُ بن مَالِك بن عَلْقَمَةَ وألَيَهَةَ وأَخُوهُ عَبْدَ الرَّحمَان؛ وأُبي بن يَزَيْد بن قَيْس.
281,296,1,وهؤلاء بنو وهبيل بن سعد بن مالك,5,ومُحَمَّدُ بن عَبْدَ الرَّحمَان بن يزَيْد، يُكنَّى أبا جَعْفَرُ ويُقالُ لَهُ الكَبْش لنطعه في العادة.
281,296,1,وهؤلاء بنو وهبيل بن سعد بن مالك,6,ومنِهم: الأَرْقَمُ، وَهو جَهِيْشُ بن يَزَيْد بن مَالِك بن عَبْدَ اللَهُ بن الحَارِثَ بن بِشْر بن يَاسِر بن جُشَمُ بن مَالِك بن بَكر، الوَافِد عَلَى النّبيّ ﷺ .
281,296,1,وهؤلاء بنو وهبيل بن سعد بن مالك,7,وَوَلَدَ الشَّيْطَانُ بن بَكْر: مُعَاوِيَةَ رَهْط المكفِّف، وَهْوَ قَيْس بن يَزَيْد بن عَبْدَ اللَهُ بن قَيْس بن عَبْدَ اللَهُ بن مُعَاوِيَةَ بن الشَّيْطان، كان من أَصحابِ عَليّ ﵇ ، مات بالكُوفَةِ، فصلى عَليّه وكَبَّرَ أَربَع تَكْبِيِرَاتٍ.
282,297,1,وهؤلاء بنو وهبيل بن سعد بن مالك,1,وخُزَيْمُ بن تَمِيم بن عَبْدَ اللَهُ بن مُعَاوِيَةَ بن الشَّيْطان بن بَكْر بن عَوْف.
282,297,1,وهؤلاء بنو وهبيل بن سعد بن مالك,2,وأُبي بن قَيْس بن يزَيْد.
282,297,1,وهؤلاء بنو وهبيل بن سعد بن مالك,3,وَوَلَدَ مَالِك بن بَكْر بن عَوْف: جُشَمُ.
282,297,1,وهؤلاء بنو وهبيل بن سعد بن مالك,4,فَوَلَدَ جُشَمُ بن مَالِك: يَاسِراً، رَهْط عَبْدَ الرَّحمَان بن شُرَحْبِيل بن هَانِئ بن عَبْدَ اللَهُ بن مَالِك بن شَرَاحَيْل بن عَبْدَ اللَهُ بن الحَارِثَ بن بِشْر بن يَاسِر، كان شَرِيفُاً بالكُوفَةِ.
282,297,1,وهؤلاء بنو وهبيل بن سعد بن مالك,5,وَوَلَدَ أَليهة بن عَوْف، الحَارِثَ، والأغز، وعَبْدَ العُزَّى، وزُحَراً.
282,297,1,وهؤلاء بنو وهبيل بن سعد بن مالك,6,منِهم: الحَسَنُ بن عَبْدَ اللَهُ بن عُرْوَةُ، الفَقِيه.
282,297,1,وهؤلاء بنو وهبيل بن سعد بن مالك,7,وبِشْرُ بن عُرْوَةُ، شَهِدَ تُسْتَر مع أبي مُوسى الأَشْعَرِيّ.
282,297,1,وهؤلاء بنو وهبيل بن سعد بن مالك,8,وَوَلَدَ جُشَمُ بن عَوْف بن النَّخَع: عَمْراً، وجَحْفَلاً، بَطن، ومُعَاوِيَةَ، رَهْطُ المُسْتَنِير بن عَمْرو بن نَهْيك بن كُمَيْلُ بن سِنَان بن أَوْس بن مَالِك بن عَوْف بن النَّخَع، ولي جُرْجَان.
282,297,1,وهؤلاء بنو وهبيل بن سعد بن مالك,9,والمُسْتَوْرِد بن نَهْيك بن كُمَيْل، كان سَيَّداً شَرِيفُاً.
282,297,1,وهؤلاء بنو وهبيل بن سعد بن مالك,10,وَوَلَدَ عَمْرو بن جُشَمُ بن عَوْف: مُعَاوِيَةَ بَطن، وهَامِلاً؛ رَهْط العُرْيَانُ بن الَهَيْثَمُ بن الأَسْوَدُ بن أُقَيْش بن مُعَاوِيَةَ بن سُفَيان بن هُلَيْل بن عَمْرو بن جُشَمُ، ولي الشُرَطَ لخَالِد بن عَبْدَ اللَهُ القَسْريّ.
283,298,1,بنو حرب بن علة بن جلد,1,"وكان الهَيْثَمُ من رِجَالِ مَذْحِج، وَهْوَ الَّذي قال: "" لا تَأخذو مَوْلى لَهُ شَعْرَة إِلاَّ ضَرَبْتُم عُنُقَه "" ، وكان خطيباً شَاعِراً، وقَتَلَ أبوه الأَسْوَدُ يم القَادِسيَّةَ. ولِلهَيْثَم يقولُ الأَخْطَلْ:"
283,298,1,بنو حرب بن علة بن جلد,2,زَعموا لذلِك شَاهِداً لِمُقامِهِ … أَنَّ الخَطِيبَ لَذَى الإمَامِ الهَيْثَمُ
283,298,1,بنو حرب بن علة بن جلد,3,صَدَرتْ وُفُودُ النَّاسِ عن كَلِمضاتِهِ … بالشَّامِ إذْ خَرَجَ الِإمَامُ الَأعْظَمُ
283,298,1,بنو حرب بن علة بن جلد,4,هَؤُلاءِ بَنو النَّخَعُ بن عَمْرو.
283,298,1,بنو حرب بن علة بن جلد,5,وهَؤُلاءِ
283,298,1,بنو حرب بن علة بن جلد,6,بَنو حَرْب بن عُلَة بن جَلْد
283,298,1,بنو حرب بن علة بن جلد,7,وَوَلَدَ حَرْب بن عُلَة بن جَلْد: مُنَبَّهاً، ويَزَيْد.
283,298,1,بنو حرب بن علة بن جلد,8,فَوَلَدَ مُنَبَّه بن حَرْب بن عُلَة: رُهَا، بَطن.
283,298,1,بنو حرب بن علة بن جلد,9,فَوَلَدَ رُهَا بن مُنَبَّه: سُلَيْماً، وعَبْدَ اللَهُ.
283,298,1,بنو حرب بن علة بن جلد,10,فَوَلَدَ سُلَيْم بن رُهَا: ثُوَبَانَ، وعَوْفاً، وجُشَمُ، وصَعْباً، وجَذِيمَةَ.
283,298,1,بنو حرب بن علة بن جلد,11,منِهم: عَمْرو بن سُبَيْعٍ، وَفَد إلى النّبيّ ﷺ .
283,298,1,بنو حرب بن علة بن جلد,12,وزهدانُنْ بن سَعْيد بن قَيْس بن شُرَيْح بن رَبَيعَةَ بن عَدِيّ بن مَالِك بن عَوْف بن سُلَيْم، كان من أشراف أهلَ الشَّامِ.
284,299,1,بنو حرب بن علة بن جلد,1,وَوَلَدَ جُشَمُ بن سُلَيْم: ثَعْلَبَةَ، وقُرَيْعاً.
284,299,1,بنو حرب بن علة بن جلد,2,وَوَلَدَ عَبْدَ اللَهُ بن رُهَاً: حُرَيْثاً، وسَعْداً، وطَابِخَةُ.
284,299,1,بنو حرب بن علة بن جلد,3,فَوَلَدَ سَعْد بن عَبْدَ اللَهُ: كِنَانةَ، ووَاهِباً، وسَهْماً، رَهْطُ مَالِك بن مُرّارة، الَّذي بَعَثهُ النّبيّصلى الله عليه وسلمإلى اليَمَنِ.
284,299,1,بنو حرب بن علة بن جلد,4,ويَزَيْد بن شجرة، كان شَرِيفُاً.
284,299,1,بنو حرب بن علة بن جلد,5,وَوَلَدَ كِنَانةَ بن سَعْد بن عَبْدَ اللَهُ: عَامِراً.
284,299,1,بنو حرب بن علة بن جلد,6,وَوَلَدَ طَابِخَةُ بن عَبْدَ اللَهُ: فَزَارَةَ، ومَالِكاً.
284,299,1,بنو حرب بن علة بن جلد,7,وَوَلَدَ يزَيْد بن حَرْب بن عُلَة بن جَلْد بن مَذْحِج: مُنَبَّهاً والحَارِثَ، والغَلِيَّ، وسِنْحَأَنَ، وهِفَّأَنَ، وشِمْرَأَن، يُقالُ لهَؤُلاءِ السِتَّة، جَنْب.
284,299,1,بنو حرب بن علة بن جلد,8,ويَزَيْد بن يَزَيْد بن حَرْب، وَهْوَ صُدَاءُ، فَجَاَنِبوا صُدَاءُ، فَسُمُّوا: جَنْباً، وحَالفوا سَعْد العَشِيرَةِ؛ وحَالَفَتْ صُدَاءُ بَني الحَارِثَ بن كَعْب.
284,299,1,بنو حرب بن علة بن جلد,9,فَمِنْ بَني جَنْب: مُعَاوِيَةَ الخَيْرِ بن عَامِر بن عَامِر بن الحَارِثَ بن رَبَيعَةَ بن
285,300,1,بنو سعد العشيرة بن مالك بن أدد,1,الأَجْرَدِ بن كَعْب بن مُنَبَّه بن جَنْب، الَّذي تَزَوَّج بِنْت مُهَلْهِل التَغْلِبي وفيها يقولُ مُهَلَهُل:
285,300,1,بنو سعد العشيرة بن مالك بن أدد,2,أَنكَحَها فَقْدُهَا الَأرَاقِمَ في … جَنْبٍ وكانَ الحِبَاءُ مَن أَدَمِ
285,300,1,بنو سعد العشيرة بن مالك بن أدد,3,وابَنَه عَمْرو بن مُعَاوِيَةَ.
285,300,1,بنو سعد العشيرة بن مالك بن أدد,4,ومنِهم: أبز ظَبْيان، وَهْوَ حُصَيْن بن جُنْدَب بن عَمْرو بن الحَارِثَ بن مَالِك بن وَحشِيّ بن مَالِك بن رَبَيعَةَ بن مُنَبَّه بن يَزَيْد الفَقيه.
285,300,1,بنو سعد العشيرة بن مالك بن أدد,5,وَوَلَدَ صُدَاءُ بن يَزَيْد بن حَرْب: مُرّاً، وعُلَيْماً، وأَسَدِاً، والحِشَان.
285,300,1,بنو سعد العشيرة بن مالك بن أدد,6,فَوَلَدَ مُرّ: هَمَّاماً، وعُشيراً، ومُعَاوِيَةَ.
285,300,1,بنو سعد العشيرة بن مالك بن أدد,7,هَؤُلاءِ بَنو عُلَة بن جَلْد بن مَذْحِج.
285,300,1,بنو سعد العشيرة بن مالك بن أدد,8,وهَؤُلاءِ
285,300,1,بنو سعد العشيرة بن مالك بن أدد,9,بَنو سَعْد العَشِيرَةِ بن مَالِك بن أُدَد
285,300,1,بنو سعد العشيرة بن مالك بن أدد,10,وَوَلَدَ سَعْد العَشِيرَةِ بن مَالِك بن أُدَد: الحَكَم بَطن، أُمَّهُ البَهوَرةُ بِنْت يَثِيع بن الَهُون بن خُزَيمَةَ بن مُدْرِكَةَ.
285,300,1,بنو سعد العشيرة بن مالك بن أدد,11,وصَعْباً: أُمَّهُ: بِنْت الحَارِثَ الغِطْرَّيف الأزْدِيّ. وجُعْفِياً بَطن، وزَيْد اللهِ
286,301,1,بنو سعد العشيرة بن مالك بن أدد,1,بَطن، مع جُعْفيّ، وجَزْءاً بَطن مع جُعْفيّ؛ وعَائِذَ اللَهُ. بَطن؛ أُمُهم: أَسَمْاءُ بِنْت بَكْر بن عَبْدَ مَنَاةُ بن كِنَانةَ؛ ونَمُرَّةَ بن سَعْد.
286,301,1,بنو سعد العشيرة بن مالك بن أدد,2,فَوَلَدَ نَمُرَّةَ بن سَعْد الحَدَّاء، وسِلْهِاً بَطَان، فَدَخَلَت نَمُرَّةَ فقالوا: هو نَمُرَّةَ بن نَاجِيَة بن مُرَادٍ فَوَلَدَ الحَكَمُ بن سَعْد العَشِيرَةِ: جُشَمُ، وسلَهِماً، وأَسْلَم.
286,301,1,بنو سعد العشيرة بن مالك بن أدد,3,فَوَلَدَ سلَهُم بن الحَكَم: سُفَيان، مَظَّةَ.
286,301,1,بنو سعد العشيرة بن مالك بن أدد,4,"فَوَلَدَ مَظَّةَ بن سلَهِم: محَرْباً، وحَكَماً، وقُدَحُاً، وفَرْوَةُ، وصَدَقَةَ، وبُنْدَقَة، "" فيهم المثل: "" حِدَأَ حِدَأَ وراءَكَ بُنْدُقَة."
286,301,1,بنو سعد العشيرة بن مالك بن أدد,5,فَوَلَدَ حَرْب بن مَظَّةَ: عَليّاً، غَنْمُ، جدِيلَة، كَثِيرة، ودَوَّةَ، ويُقالُ ان دَوَّةَ مِنْ جَرْم.
286,301,1,بنو سعد العشيرة بن مالك بن أدد,6,منِهم: الجَرَّاحُ بن عَبْدَ الَهُ بن جَعَار بن أَفْلَحَ بن الحَارِثَ بن دَوَّةَ.
286,301,1,بنو سعد العشيرة بن مالك بن أدد,7,وعُمِيْرٍ بن بَشِير بن عُمِيْرٍ بن بَشِير بن عُويمِرِ بن الحَارِثَ بن كَثِير بن رَدِى السُّبُلِ بن حَدَقَةَ بن مَظَّةَ، ولَهُ يقولُ الشَّاعِر:
286,301,1,بنو سعد العشيرة بن مالك بن أدد,8,أقمْ لَهُا صُدُرَها يا بِسْبس … إِنَّ مَطَايا القَوْمِ لا تُحَبَّس
287,302,1,بنو سعد العشيرة بن مالك بن أدد,1,لَيسَ بِصَحراءَ عُمِيْرٍ مَجْلِس
287,302,1,بنو سعد العشيرة بن مالك بن أدد,2,ومِنْ وَلَدِه: عَبْدَ اللَهُ بن سَعْد بن جَابِر بن عُمِيْرٍ، كانت عِنْدَه آمنة بِنْت عَفَّان، أُخت عُثَمَان بن عَفَّان فَوَلَدِة لَهُ مُحَمَّدُ بالمدِينَةِ.
287,302,1,بنو سعد العشيرة بن مالك بن أدد,3,ومِنْ وَلَدِ حَرْب بن مَظَّةَ: عَبْدَ الجَدِ بن رَبِيعَةَ بن أبي حُجْر بن عَوْف بن المُتَبَّيض بن حُبَيْب بن غَنْمُ بن أبي حَرْب، وَفَد إلى النّبيّصلى الله عليه وسلموفي وَلَدِه الرَّئَاسة باليَمَنِ.
287,302,1,بنو سعد العشيرة بن مالك بن أدد,4,وَوَلَدَ عَبْدَ اللَهُ بن مَظَّةَ: صومَعَةَ، وسَعْدةَ، وجَرَّاحاً، وقَيْدَ شِرَاكٍ، وجَعْشَنَةَ، وزَيْداً.
287,302,1,بنو سعد العشيرة بن مالك بن أدد,5,وَوَلَدَ قُدَحُ بن مَظَّةَ: عَامِراً، والحَمْحَمَ، وسَحْلاً، وعَبْدَ الشا.
287,302,1,بنو سعد العشيرة بن مالك بن أدد,6,منِهم: أبو يَحيى، وَهْوَ عُمِيْرٍ بن عَامِر بن عُوَيْمِر بن عَبْدَ اللَهُ بن أَسَد بن الحَمْحَمَ بن قُدَحُ، حليف بَني تَيْم بن مُرَّةَ من قُرَيْشٍ، وكان يخرُجُ مع عَائِشَةَ أم المؤنين ﵂ في أَسْفَارِها فَيُصَلّي بها.
287,302,1,بنو سعد العشيرة بن مالك بن أدد,7,وَوَلَدَ جُشَمُ بن الحَكَم بن سَعْد العَشِيرَةِ: حعثمانَ، وعَامِراً، وبَكراً.
287,302,1,بنو سعد العشيرة بن مالك بن أدد,8,هَؤُلاءِ بَنو الحَكَم بن سَعْد العَشِيرَةِ.
288,303,1,هؤلاء بنو جعفي بن سعد العشيرة,1,هَؤُلاءِ بَنو جُعْفيّ بن سَعْد العَشِيرَةِ
288,303,1,هؤلاء بنو جعفي بن سعد العشيرة,2,وَوَلَدَ جُعْفيّ بن سَعْد العَشِيرَةِ: مُرّان، حَرِيماً، وهُما الأَرْقَمَان، سُمَّيا بالحَيَّة؛ أُمَّهُما: هِنْدُ بِنْت لَيْث بن بَكْر بن عَبْدَ مَنَاةُ بن كِنَانةَ.
288,303,1,هؤلاء بنو جعفي بن سعد العشيرة,3,فَوَلَدَ مُرّان بن جُعْفيّ: ذُهْلاً، ووائِلاً، بَطن، حُنَيْفاً؛ أُمَّهُم: صَخْرُةُ بِنْت زَيْد اللَهُ بن سَعْد.
288,303,1,هؤلاء بنو جعفي بن سعد العشيرة,4,فَوَلَدَ حُنَيْف بن مُرّان: عَبْدَ يَغُوث، وإبالاً، بَطن، مع بَني ذُهْل بن مُرّان.
288,303,1,هؤلاء بنو جعفي بن سعد العشيرة,5,فَوَلَدَ عَبْدَ يَغُوث بن حُنَيْف: مَعْناً، دَرَجَ لَمْ يبقَ منِهم أحد.
288,303,1,هؤلاء بنو جعفي بن سعد العشيرة,6,وَوَلَدَ ذُهْل بن مُرّان: عَمْراً، والحَارِثَ، أُمَّهُما: هِنْدُ بِنْت حَرِيمبن جُعْفيّ.
288,303,1,هؤلاء بنو جعفي بن سعد العشيرة,7,فَوَلَدَ الحَارِثَ بن ذُهْلاً: ذُهْلاً، بَطن.
288,303,1,هؤلاء بنو جعفي بن سعد العشيرة,8,منِهم: أَسَمْاءُ بن دَهْر بن الحَدَّاء بن ذُهْل، قد رَأسَ في الجَاهِليَّة.
288,303,1,هؤلاء بنو جعفي بن سعد العشيرة,9,وأبو دَهْر قد رَأسَ، قَتَلَهُ بَنو عَقِيلُ بن كَعْب بن رَبَيعَةَ بن عَامِر، وقد ذكروه في أشعارُهْم، وكانوا بَنو الحَدَّاء عُرْجاً، وهم الَّذين ذكرُهْم بِشْرُ بن أبي خَازِم في شعرة بالعُرْجِ.
288,303,1,هؤلاء بنو جعفي بن سعد العشيرة,10,وعَمْرو بن دَهْر لَهُ يقولُ الشَّاعِر:
289,304,1,هؤلاء بنو جعفي بن سعد العشيرة,1,يَسُرُكَ ان تُلاقِي مَا لَمْسْنَا … كَمَا لَاقى الفَتَى عَمْرو بن دَهْر
289,304,1,هؤلاء بنو جعفي بن سعد العشيرة,2,فَوَلَدَ عَمْرو بن ذُهْل: سَعْداً، وسَلَمَةُ، بَطن، أُمَّهُما: مذلَهُ بِنْت عَوْف بن حَرِيمبن جُعْفيّ، وقد رَأسَ.
289,304,1,هؤلاء بنو جعفي بن سعد العشيرة,3,فَوَلَدَ سَعْد بن عَمْرو: الحَارِثَ، بَطن، بَدَّاء، بَطن؛ أُمَّهُما: أَسَمْاءُ بِنْت الحَارِثَ بن ذُهْل بن مُرّان.
289,304,1,هؤلاء بنو جعفي بن سعد العشيرة,4,فَوَلَدَ الحَارِثَ بن سَعْد بن عَمْرو: كَعْباً.
289,304,1,هؤلاء بنو جعفي بن سعد العشيرة,5,فَوَلَدَ كَعْب بن حارث: عَوْفاً، وَهْوَ الأَصْهَب، وجِفَالُاً، وسَلَامَان.
289,304,1,هؤلاء بنو جعفي بن سعد العشيرة,6,منِهم: شَرَاحَيْل بن شَيطَان بن الحَارِثَ بن الأَصْهَب؛ الرَئِيس الَّذي قَتَلَهُ بَنو جَعْدَة بن كَعْب بن رَبَيعَةَ بن عَامِر، ويقولُ لَهُ النَّابِغَةُ الجعَدِيّ:
289,304,1,هؤلاء بنو جعفي بن سعد العشيرة,7,أَرَحْنَا مَعْداً مِنْ شَرَاحَيْل بَعدَما … أَراهُم معَ الشَّمْس الكَواكِبَ مَظْهَرا
289,304,1,هؤلاء بنو جعفي بن سعد العشيرة,8,وكان بَعيدَ الغَارَةِ، ولَهُ يقولُ عَمْرو بن مَعْد كَرِب:
289,304,1,هؤلاء بنو جعفي بن سعد العشيرة,9,وَهم شَنّوا على الدُهْنُا جُيُشوشاً … يُعيدُ بِهم شَرَاحَيْل ويُبْدِي
289,304,1,هؤلاء بنو جعفي بن سعد العشيرة,10,ومن وَلَدِه: قَيْس بن سَلَمَةُ بن شَرَاحَيْل، الوَافِد عَلَى النّبيّ ﷺ وَهْوَ ابن
290,305,1,هؤلاء بنو جعفي بن سعد العشيرة,1,مُلَيْكَةُ بِنْت الحَافِ، من حَرِيم بن جُعْفيّ.
290,305,1,هؤلاء بنو جعفي بن سعد العشيرة,2,وإِيَاسِ بن شَرَاحَيْل كان في ألفَين وخَمْس مَائة من العَطَاءِ، عَقَدَ لَهُ عمُرّ بن الخَطَّاب على مَذْحِج وحَمْدَانَ.
290,305,1,هؤلاء بنو جعفي بن سعد العشيرة,3,وقَتَادَةُ بن شَرَاحَيْل.
290,305,1,هؤلاء بنو جعفي بن سعد العشيرة,4,وسَلَامَةُ بن ثُمَامَة بن شَرَاحَيْل، كان فِيمَن اعتَزَلَ عَليّاً بالرَّقَّة، وشَهِدَ مع حُجْر بن عَدِيّ بن جَبَلَةَ القِتَال بالكُوفَةِ، فأخذه زِيَاد فأفلتَ منِهُ.
290,305,1,هؤلاء بنو جعفي بن سعد العشيرة,5,"وعَبْدَ الرَّحمَان بن أَرْطَاة بن شَرَاحَيْل، وهو الَّذي قام إلى بِشْر بن مُروَان وَهْوَ على الكُوفَةِ وقد تَكَلَّمَ بِشْرُ بِشَئ عَلَى المنبر، فَقَأل: "" يا بِشْر اتَّقِ اللَهُ فاِنَّكَ مَيَّتٌ ومُحَاسَبٌ "" فأمَرَ بِضَرِبِه أسْواطاً فَمَاتَ."
290,305,1,هؤلاء بنو جعفي بن سعد العشيرة,6,ومنِهم: عَلْقَمَةَ، وَهْوَ الحُرَّاب بن مَالِك بن حُجْر بن الحَارِثَ بن الأَصْهَب، رَأسَ بعد شَرَاحَيْل، فَغَزَا بَني عَامِر فقَتَلَوه، فذَلِكَ قَول النَّابِغَةُ الجعَدِيّ:
290,305,1,هؤلاء بنو جعفي بن سعد العشيرة,7,وعَلقَمَةُ الحُرَّابِ أَدْرَكَ رِكْظَنَا … بِذِي الرِّمْثِ إذ صَامَ النَهَارَ وهَجَّرا
291,306,1,هؤلاء بنو جعفي بن سعد العشيرة,1,ومنِهم: حُمَامَة بن شُرَيْح بن مُرَّةَ بن عَمْرو بن جَابِر بن الأَصْهَب، كان شَاعِراً.
291,306,1,هؤلاء بنو جعفي بن سعد العشيرة,2,وشُرَيْح بن يَزَيْد بن مُرَّةَ، شَهِدَ صَيْفيُّن مع عَليّ ﵇ .
291,306,1,هؤلاء بنو جعفي بن سعد العشيرة,3,وَوَلَدَ سَلَامَانَ بن كَعْب بن الحَارِثَ بن سَعْد: رَبَيعَةَ.
291,306,1,هؤلاء بنو جعفي بن سعد العشيرة,4,"منِهم: الحِنْبِص بن الحُصَيْن بن رَبَيعَةَ بن سَلَامَان، كان فَارِساً، ولَهُ يقولُ العَامِريُّ، من بَني عَامِر بن صَعْصَعَةَ: "" يا لَيْتَ قَوْمي كُلَهُم حَنَابِصَة "" وغزا في الجَاهِليَّة، وشَهِدَ القَادِسيَّةَ."
291,306,1,هؤلاء بنو جعفي بن سعد العشيرة,5,وابَنَه عِكْرِمَةَ بن حِنْبِص، الَّذي خاصَمَهُ عُبِيْد اللَهُ بن الحُرَّ في امُرّأتِهِ إلى عَليّ في الكُوفَةِ.
291,306,1,هؤلاء بنو جعفي بن سعد العشيرة,6,وَوَلَدَ جِفَالُ بن كَعْب بن الحَارِثَ بن سَعْد: بجَدان، منِهم: رِبَابُ بن مَسْعُود بن بَجدان، كان شَرِيفُاً.
291,306,1,هؤلاء بنو جعفي بن سعد العشيرة,7,وَوَلَدَ بَدَّاء بن سَعْد بن عَمْرو بن ذُهْل بن مُرّان: السَيْحان، وسَعْنَةَ.
291,306,1,هؤلاء بنو جعفي بن سعد العشيرة,8,منِهم: خُلَيْفُةَ بن عَبْدَ اللَهُ بن الحَارِثَ، وَهْوَ المثلّم بن قَيْس بن مُعَاوِيَةَ بن السَّيْحَان، وَهْوَ الَّذي تَزَوَّجَ الحُسَينَ بن عليّ ابِنْته عَائِشَةَ بالكُوفَةِ، وقد رَأسَ المثلَّمُ.
291,306,1,هؤلاء بنو جعفي بن سعد العشيرة,9,والمغَيْرة بن خَليفة.
291,306,1,هؤلاء بنو جعفي بن سعد العشيرة,10,وعَمْرو بن خَلِيفَة، شَهِدَ صَيفَّين مَعَ عَليّ بن أَبي طَالِب ﵇ .
292,307,1,هؤلاء بنو جعفي بن سعد العشيرة,1,والمغمِضُ، وَهو قَيْس بن المثلّم، كانَ في ألفَين وخَمْس مائة مِنْ العَطَاء، فَرضَ لَهُ عمُرّ بن الخَطَّاب ﵁ .
292,307,1,هؤلاء بنو جعفي بن سعد العشيرة,2,"والجَرَّاحُ بن الحُصَيْن بن حَرْب بن قَيْس بن مُعَاوِيَةَ بن قَيْس بن مُعَاوِيَةَ بن السَيْحان، استعمَلَهُ عَبْدَ اللَهُ بن الزُّبَيْر على وَادِي القُرَى وَبِها تَمْرٌ كَثِيرة فأَنهَبَهُ، فَقَدِمَ عليهِ فجعل يقولُ وَهْوَ يَضرِبُهُ بالدَّرَّةِ ويقولُ لَهُ: "" اكلْتَ تَمْرِي، وعَصَيْتَ أَمْرِي "" ."
292,307,1,هؤلاء بنو جعفي بن سعد العشيرة,3,وَهْبيْرَةَ، وَهْوَ العَقَّارُ بن بن النُّعمَان بن قَيْس بن مَالِك بن مُعَاوِيَةَ بن سَعْنَة بن بَدَّاء، وكانَ مِنْ الفُرسَان.
292,307,1,هؤلاء بنو جعفي بن سعد العشيرة,4,وابَنَه الحُصَيْن، كان مِنْ الفُرْسَانِ.
292,307,1,هؤلاء بنو جعفي بن سعد العشيرة,5,"وزَحْر بن قَيْس بن مَالِك بن مُعَاوِيَةَ بن سَعْنَة بن بَدَّاء، كانَ مِنْ الفُرسَانِ، شَهِدَ صَيْفين مع عَليّ بن أبي طَالِب ﵇ ، واستَعمَلَهُ عَلَى المَدَائن، وكانَ الحَجَّاجُ إِذا يَنظُرَ اليه قال مَنْ سَرَّهُ أَن يَنظُرَ إلى الشَّهِيِد الحَيّ فَليَنظُر إلى هَذَا ""؛ وَبَنوه أَربَعَةَ كُلّهُم شَرَفَاً."
292,307,1,هؤلاء بنو جعفي بن سعد العشيرة,6,وفُرَاتُ بن زَحْر، قَتَلَ، يَوْمَ جَبَّانَة السَّبِيع، قَتَلَهُ المُختَارُ.
292,307,1,هؤلاء بنو جعفي بن سعد العشيرة,7,"وجَبَلَةَ بن زَحْر، قَتَلَ يَوْمَ الجَمَاجِم، كانَ عَلى القُرَّاء مَعَ عَبْدَ الرَّحمَان بن مُحَمَّدُ بن الأَشْعَثُ، حَمْلُ رَأسَه على رُمَحَيْن، فَقَأل الحَجَّاج: "" يا أهلَ"
293,308,1,هؤلاء بنو جعفي بن سعد العشيرة,1,"الشَّامِ ما كانَتْ فِتْنَةٌ قَطُّ فَتَجَلتْ حَتَّى يُقَتَلَ فِيها عَظِيمٌ مِنْ عُظمَاءِ اليَمَنِ، وهَذَا مِنْ عُظمَائِهم ""."
293,308,1,هؤلاء بنو جعفي بن سعد العشيرة,2,وجَهْمُ بن زَحْر، قَاتِل قُتَيبَة بن مُسْلم البِاهِليّ أيام خرَأسَان، فَقَأل الشَّاعِر:
293,308,1,هؤلاء بنو جعفي بن سعد العشيرة,3,ما أَدرَكَتْ في قَيْس عَيْلان وِترَهَا … بَنو مِنْقَرٍ إِلاَّ بأَسيَافِ مَذْحِجِ
293,308,1,هؤلاء بنو جعفي بن سعد العشيرة,4,وولي خرَأسَان.
293,308,1,هؤلاء بنو جعفي بن سعد العشيرة,5,وجَمَّالُ بن زَحْر، كانَ مِنْ الفُرسَانِ.
293,308,1,هؤلاء بنو جعفي بن سعد العشيرة,6,وعَوْدَةُ بن عَبْدَ اللَهُ بن قَيْس بن مُعَاوِيَةَ بن سَعْنَة، كان يُحدَّثُ عَنه، وَقَد أَدَرَكَ النَّاس، كانَ عَمْرو بن شمُرّ يُحَدَّثُ عن أَبيهِ عَنهُ.
293,308,1,هؤلاء بنو جعفي بن سعد العشيرة,7,وكان مُحَمَّدُ بن السَّائِب أَدْرَكَهُ.
293,308,1,هؤلاء بنو جعفي بن سعد العشيرة,8,هَؤُلاءِ بَنو سَعْد بن عَمْرو.
293,308,1,هؤلاء بنو جعفي بن سعد العشيرة,9,وَوَلَدَ سَلَمَةُ بن عَمْرو: الذّؤَيْب، والمعْتَرُض، منِهم: أبو سَبْرَةَ، وَهْوَ يَزَيْد بن مَالِك بن عَبْدَ اللَهُ بن ذُويب بن سَلَمَةُ، وَفَد عَلَى النّبيّ صلى الله عليه وسلمومَعَهُ ابناه
294,309,1,هؤلاء بنو جعفي بن سعد العشيرة,1,سَبْرَةَ وعَبْدَ الرَّحمَان؛ وكانَ في أَلفَين وخَمْس مَائَة من العَطَاءِ، وأَقَطَعَهُ رَسَولُ اللَهُ صلى الله عليه وسلموادِي جُعْفيّ باليَمَنِ، وكانَ اسمُ الوَادِي حُرْدَان.
294,309,1,هؤلاء بنو جعفي بن سعد العشيرة,2,وكان الحَجَّاج ولي عَبْدَ الرَّحمَان بن ابي سَبْرَةَ إِصْبَهانَ.
294,309,1,هؤلاء بنو جعفي بن سعد العشيرة,3,وابَنَه خَيْثَمةُ بن عَبْدَ الرَّحمَان، وألَيَهَةَ.
294,309,1,هؤلاء بنو جعفي بن سعد العشيرة,4,ومُحَمَّدُ بن عَبْدَ الرَّحمَان، كانَ مِنْ فُرسَان العَرَبِ، وَوَلِيَ مَسَالِح الرَّيّ.
294,309,1,هؤلاء بنو جعفي بن سعد العشيرة,5,هَؤُلاءِ بَنو ذُهْل بن مُرّان.
294,309,1,هؤلاء بنو جعفي بن سعد العشيرة,6,وَوَلَدَ وائِلُ بن مُرّان: مُعَاوِيَةَ، وعَبْدَ اللَهُ، وبَكْراً. فَوَلَدَ مُعَاوِيَةَ يبن وائِل بن مُرّان: الحَارِثَ.
294,309,1,هؤلاء بنو جعفي بن سعد العشيرة,7,منِهم: حُرْثَانُ بن جَابِر بن جَزِيّ بن كَعْب بن الحَارِثَ، كانت لَهُ أَلفُ بَعِيرٍ في الجَاهِليَّة، ففَقَأ عين فحلَهُا. ومِنْ وَلَدِ: يَزَيْد بن عَمَّار بن حُرْثَان، كان شَرِيفُاً.
294,309,1,هؤلاء بنو جعفي بن سعد العشيرة,8,ودُبَيْرُ بن بَادِيَة بن عَبْدَ يَغُوث بن كَعْب الشَّاعِر.
294,309,1,هؤلاء بنو جعفي بن سعد العشيرة,9,وجِعَالُ بن بن حِلْيَةَ بن كَعْب لَهُم بَقِيَّةَ باليَمَنِ.
294,309,1,هؤلاء بنو جعفي بن سعد العشيرة,10,وحُجْر بن حَلِيلَةَبن كَعْب، الَّذي فَاخَرَ الفَغَّار عند النُّعمَان، فَفَغَرَ الفَغَّارُ يَوْمَئذ، فَقَأل حُجْر
294,309,1,هؤلاء بنو جعفي بن سعد العشيرة,11,فَغَرْتَ لَدَى النُّعمَان لَمَّا رَأَيتَهُ … كما فَغَرَتْ لِلحَيْضِ شَمَطَاءُ عَاِرك
295,310,1,وهؤلاء بنو حريم بن جعفي,1,ُ
295,310,1,وهؤلاء بنو حريم بن جعفي,2,فَسُمَّيَ الفَغَّارَ.
295,310,1,وهؤلاء بنو حريم بن جعفي,3,وجَابِرُ بن يَزَيْد بن الحَارِثَ بن عَبْدَ يَغُوث بن كَعْب، وَهو الذي يروي الحيث صَاحِب جَعْفَر بن مُحَمَّدُ الصَّادق ﵇ .
295,310,1,وهؤلاء بنو حريم بن جعفي,4,والمحلق بن بَكْرة بن وائِل، بالحِيرَةِ، بَطن، يُقالُ لَهُم بَنو المحلق؛ منِهم: الحَارِثَ بن عُمِيْرٍ، صَاحِب يُوُسُفُ بن عمُرّ، وكان ولياً لَهُ.
295,310,1,وهؤلاء بنو حريم بن جعفي,5,هَؤُلاءِ بَنو مُرّان بن جُعْفيّ.
295,310,1,وهؤلاء بنو حريم بن جعفي,6,وهَؤُلاءِ بَنو حَرِيمُ بن جُعْفيّ
295,310,1,وهؤلاء بنو حريم بن جعفي,7,وَوَلَدَ حَرِيمُ بن جُعْفيّ: عَوْفاً، مَالِكاً؛ أُمَّهُما: محياة بِنْت زَيْد اللَهُ بن سَعْد.
295,310,1,وهؤلاء بنو حريم بن جعفي,8,فَوَلَدَ عَوْف بن حَرِيم: سَعْداً، وكَعْباً، بَطن لَمْهما: كَبْشَةُ بِنْت مُرّان.
295,310,1,وهؤلاء بنو حريم بن جعفي,9,فَوَلَدَ سَعْد بن عَوْف بن حَرِيم: كَعْباً، وحَنْطَلَةُ، وحُرَيّاً بَطن، ومُعَاوِيَةَ.
295,310,1,وهؤلاء بنو حريم بن جعفي,10,فَوَلَدَ مَالِك بن كَعْب: المُجَمَّع، بَطن، ومُنَبَّهاً.
295,310,1,وهؤلاء بنو حريم بن جعفي,11,فَوَلَدَ مُنَبَّه بن مَالِك: ثَعْلَبَةَ، ووَهْباً، بَطن.
295,310,1,وهؤلاء بنو حريم بن جعفي,12,فَوَلَدَ ثَعْلَبَةَ بن مُنَبَّه: مَالِكاً، وَهْوَ الوَحْفُ، وقد رَأسَ.
295,310,1,وهؤلاء بنو حريم بن جعفي,13,منِهم: أَنْمار بن مَالِك، عاش دَهْراً، وَهْوَ الَّذي دَفَعَ الرَّئاسَةِ إلى شَرَاحَيْل.
296,311,1,وهؤلاء بنو حريم بن جعفي,1,ومنِهم: مُلَيْكَةُ بِنْت الحُلو بن مَالِك، التي يَنْتَسِبُ إِليهَا أَبناؤُها: قَيْس بن سَلَمَةُ، سَلَمَةُ بن زَيْد الوَافِدان.
296,311,1,وهؤلاء بنو حريم بن جعفي,2,والحَكَم بن نُمِيْر بن رَاشِد بن ثَعْلَبَةَ، شَهِدَ القَادِسيَّةَ.
296,311,1,وهؤلاء بنو حريم بن جعفي,3,وابَنَه ظَبيَانُ، قدم عَلَى جُعْفنّ بالكُوفَةِ ثم رَجعَ إلى اليَمَنِ.
296,311,1,وهؤلاء بنو حريم بن جعفي,4,والمختَارُ بن كَعْب بن الحَارِثَ بن مَالِك، الشَّاعِر، وَهْوَ القائل:
296,311,1,وهؤلاء بنو حريم بن جعفي,5,دَوَّخَ السُغْدَ بالقبائلِ حتَّى … تَرَكَ السّغدَ بالعراءِ قُعُودا
296,311,1,وهؤلاء بنو حريم بن جعفي,6,وَوَلَدَ المُجَمَّع بن مَالِك: مَشْجَعَةَ، قَتَلَته نهد، كانَ مُجَاوِراً في بَني عَامِر.
296,311,1,وهؤلاء بنو حريم بن جعفي,7,ومَالِك بن المُجَمَّع، وخَالِداً، ومُعَاوِيَةَ، وديناراً بَنو المُجَمَّع.
296,311,1,وهؤلاء بنو حريم بن جعفي,8,منِهم: سَلَمَةُ بن يَزَيْد بن مَشْجَعَةَ بن المُجَمَّع الوَافِد عَلَى الرسول
297,312,1,وهؤلاء بنو حريم بن جعفي,1,ﷺ وَهْوَ ابن مُلَيْكَةُ.
297,312,1,وهؤلاء بنو حريم بن جعفي,2,وابَنَه كُرَيْبُ بن سَلَمَةُ، كان شَرِيفُاً.
297,312,1,وهؤلاء بنو حريم بن جعفي,3,ويَزَيْد بن مُرَّةَ بن سَلَمَةُ، كان من رجال جُعْفيّ.
297,312,1,وهؤلاء بنو حريم بن جعفي,4,والعَالِيَةَ بن سَلَمَةُ، تَزَوَّجَهَا سَعْيد بن العَاص بن سَعْيد بن العَاص، فَوَلَدِة لَهُ يَحيى.
297,312,1,وهؤلاء بنو حريم بن جعفي,5,ومنِهم: المحتمل بن سَمَاعَةَ بن حُصَيْن بن دينار بن مُعَاوِيَةَ بن المُجَمَّع، كانَ مِمَّن اعْتَزَلَ عَليّاً، وكانَ مِنْ أَصحابِ عُبِيْد اللَهُ بن الحُرَّ.
297,312,1,وهؤلاء بنو حريم بن جعفي,6,ومَزْيد والأَخْتَمُ بَنو قَيْس بن مَشْجَعَةَ، شَهِدَوا القَادِسيَّةَ.
297,312,1,وهؤلاء بنو حريم بن جعفي,7,وعُبِيْد اللَهُ بن الحُرَّ بن عَمْرو بن خَالِد بن المُجَمَّع؛ وبَنوه: صَدَقَةُ، وتَوْبَةُ، والَأشْرَسُ، والأَشْعَرِ، والأَحْنَفُ، بَنو عُبِيْد اللَهُ شَهِدَوا الجَمَاجِم مع بَنو الأَشْعَثُ قاتلوا يَوْمَئذٍ، وعُرِفَت مَواقِفهم.
297,312,1,وهؤلاء بنو حريم بن جعفي,8,ومِنْ بَني حَنْطَلَةُ بن كَعْب: شمُرّ بن الحَارِثَ بن البَرَاء بن عُتْبَة بن قَيْس بن سَعْد بن حَنْطَلَةُ، اعتَزَلَ عَليَّ بن أَبي طَالِب ﵇ .
297,312,1,وهؤلاء بنو حريم بن جعفي,9,وَمْن وَلَدِه: عمُرّ بن يَزَيْد بن شمُرّ بن عَمْرو بن شمُرّ بن الحَارِثَ، بن المُحّدَّث.
298,313,1,وهؤلاء بنو حريم بن جعفي,1,والقَشْعَمُ بن عَمْرو بن يَزَيْد بن البَرَاء، فيمن اعتزل وشَهِدَ قَتَلَ الحُسَينَ عَليّ ﵇ .
298,313,1,وهؤلاء بنو حريم بن جعفي,2,وعَبْدَ اللَهُ بن وَبْرَةَ بن قَيْس بن مَطَر بن الحَارِثَ بن مَالِك بن سَعْد بن حَنْطَلَةُ، أبو الشَّعْثاءِ، الشَّاعِر.
298,313,1,وهؤلاء بنو حريم بن جعفي,3,وعَبْدَ اللَهُ بن مَطَر، وَهو مُزَلَّجٌ.
298,313,1,وهؤلاء بنو حريم بن جعفي,4,وَوَلَدَ جُرَيُّ بن كَعْب بن سَعْد بن عَوْف بن حَرِيم بن جُعْفيّ: سُفيَان.
298,313,1,وهؤلاء بنو حريم بن جعفي,5,فَوَلَدَ سُفيَان بن جُرَيُّ: عَبْدَ الحَارِثَ.
298,313,1,وهؤلاء بنو حريم بن جعفي,6,ومنِهم عِكْرِمَةَ بن حِميَر بن عَبْدَ الحَارِثَ، كان شَرِيفُاً.
298,313,1,وهؤلاء بنو حريم بن جعفي,7,وابَنَه المُبَارِكُ، وَلَّاهُ خَالِد بن عَبْدَ اللَهُ القَسْريّ نَهْرَ المَلِك، بَارُوْسْمَا؛ ثم وَلَّاهُ يُوسُف بن عمُرّ مَدِينَةِ نَهْرَ سِير.
298,313,1,وهؤلاء بنو حريم بن جعفي,8,وَوَلَدَ مُعَاوِيَةَ بن كَعْب بن سَعْد: عَوْفاً؛ أُمَّهُ: عُرَارَةُ بِنْت عَوْف بن مَالِك بن سَعْد، بها يُعرَفون.
299,314,1,وهؤلاء بنو حريم بن جعفي,1,منِهم: سَلَامَةُ بِنْت حُرَيّ بن جَابِر بن عَوْف، الشَّاعِر.
299,314,1,وهؤلاء بنو حريم بن جعفي,2,وَوَلَدَ عَوْف بن سَعْد بن عَوْف بن حَرِيم: مَالِكاً، بَطن.
299,314,1,وهؤلاء بنو حريم بن جعفي,3,فَوَلَدَ مَالِك بن عَوْف: مُعَاوِيَةَ، وَوَازِعاً، وعَوْفاً. فَوَلَدَ مُعَاوِيَةَ بن مَالِك بن عَوْف: حُذَيَفَةَ، والحَارِثَ وَهْوَ أبو حُمْران أُمَّهُما: عَدَسَةُ.
299,314,1,وهؤلاء بنو حريم بن جعفي,4,فَوَلَدَ أَبو حُمْران بن مُعَاوِيَةَ: خَيْثَمةُ، والأَسْعَرَوحُمْران، وعَمْراً.
299,314,1,وهؤلاء بنو حريم بن جعفي,5,منِهم: الشُّوَيْعِرُ، وَهْوَ مُحَمَّدُ بن حُمْرَانَ بن ابي حُمْراَنَ؛ سَمَّاه الشُّوَيْعِرَ امرِؤُ القَيْس بن حُجْر في قولَهُ:
299,314,1,وهؤلاء بنو حريم بن جعفي,6,أَلا أَبْلِغَا عَنِّي الشُّوَيْعِرَ اني … عَلَى عَمَدٍ حَللتَهن حَرِيماً
299,314,1,وهؤلاء بنو حريم بن جعفي,7,وخَوْليُّ، والهِلَال، وعَبْدَ اللَهُ، وعُبِيْد اللَهُ، بَنو أبي خَوْليّ؛ وَهْو عَمْرو بن خَيْثَمةُ بن زُهَيْر بن خَيْثَمةُ بن ابي حُمْرَانَ، شَهِدَوا بَدراً مَعَ النّبيّ ﷺ . وكانَ
300,315,1,وهؤلاء بنو حريم بن جعفي,1,عِدَادهم في بَني عَدِيّ بن كَعْب من قُرَيْشٍ.
300,315,1,وهؤلاء بنو حريم بن جعفي,2,والرُّحَيْل بن زُهَيْربن خَيْثَمةُ بن ابي حُمْرَانَ.
300,315,1,وهؤلاء بنو حريم بن جعفي,3,من وَلَدِه: ابو خُثَيْمُة، زُهَيْر بن مُعَاوِيَةَ بن حُدَيْج بن الرُّحَيْل، وألَيَهَةَ.
300,315,1,وهؤلاء بنو حريم بن جعفي,4,وسَلَمَةُ بن الحَارِثَ بن الرُّحَيْل، وكان في صَحَابَةِ المَهديّ، ولَهُم عَدَدٌ بالجَزِيرَةِ.
300,315,1,وهؤلاء بنو حريم بن جعفي,5,وسُوَيْد بن غَفْلَةَ بن عَوْسَجَةَ بن عَامِر بن وَدَاع بن مُعَاوِيَةَ بن الحَارِثَ بن مَالِك، الفَقِيه، وقد أَدْرَكَ النّبيّ صلى الله عليه وسلموقدم عَليّه فَوَجَدَهُ قَد قُبضَ، فَصَحِبَ ابا بَكْرٍ، وعَمْر، وعُثَمَانُ، وعَليّاً رضوان اللَهُ عَليّهم؛ وشَهِدَ صِيفين مَعَ عَليّعَلَيهِ السَلام.
300,315,1,وهؤلاء بنو حريم بن جعفي,6,عَبْدَ الرَّحمَان بن حُرَيّ بن زُهَيْر بن نُوَيْرَةَ بن حَمَمَةَ بن ابي حُمْران، وكانَ مِنْ أَصْحابِ عُبِيْد اللَهُ بن الحُرَّ.
300,315,1,وهؤلاء بنو حريم بن جعفي,7,وَوَلَدَ كَعْب بن عَوْف بن حَرِيم بن جُعْفيّ: مُعَاوِيَةَ.
301,316,1,وهؤلاء بنو حريم بن جعفي,1,فَوَلَدَ مُعَاوِيَةَ بن كَعْب: مَالِكاً.
301,316,1,وهؤلاء بنو حريم بن جعفي,2,فَوَلَدَ مَالِكاً بن مُعَاوِيَةَ: مَعْشَر، وَهو الكُدَاع، وكَعْباً، والحُمَام.
301,316,1,وهؤلاء بنو حريم بن جعفي,3,ومنِهم: بَدْرُ بن الَمَعْقِل بن جَعْوَنَةَ بن عَبْدَ اللَهُ بن حُطَيْط بن عُتْبَة الكُدَاع، قَتَلَ مَعَ الحُسَين بن عَليّ ﵇ بالطَّفِّ فَقَأل يَوْمَئذٍ:
301,316,1,وهؤلاء بنو حريم بن جعفي,4,انا ابنُ جُعْفيّ واَبي الكُدَاع … في يَمِيني مُرّهَفٌ قَطَّاع
301,316,1,وهؤلاء بنو حريم بن جعفي,5,والحَجَّاج بن مَسْروقِبن مَالِك بن كَتِيفِ بن عُتْبَة بن الكُدَاع، قَتَلَ مَعَ الحُسَين عَليّ عَلَيهِ السَلامبالطَّفِّ.
301,316,1,وهؤلاء بنو حريم بن جعفي,6,وتَمِيمُ بن عَبْدَ اللَهُ بن حُطَيْط، كانَ فَارِساً شُجاعاً، يغَيْر بقَوْمِهِ.
301,316,1,وهؤلاء بنو حريم بن جعفي,7,فَوَلَدَ مَالِك بن حَرِيم بن جُعْفيّ: نَاجِيَة، وذُهْلاً، بَطنان، وسِلْسِلَة، وَهم عَبَّاد بالحِيَرةِ.
301,316,1,وهؤلاء بنو حريم بن جعفي,8,فَوَلَدَ نَاجِيَة بن مَالِك بن حَرْيم بن: سَعْداً وعَامِراً.
301,316,1,وهؤلاء بنو حريم بن جعفي,9,منِهم: الخَلجُ، وَهْوَ عَبْدَ اللَهُ بن الحَارِثَ بن عَمْرو بن وَهْب بن الحَارِثَ أبي سَعْد بن نَاجِيَة وانما خَلجُ لبيتٍ قالَهُ:
301,316,1,وهؤلاء بنو حريم بن جعفي,10,كان تَخَالِجَ الأَشْطَان فِيهَا … شَآبِيبُ تَجُودُ مِنْ الغَوَادِي
301,316,1,وهؤلاء بنو حريم بن جعفي,11,وزُهَيْرُ بن خَنَسَاء بن كَعْب بن الحَارِثَ بن سَعْد، كانَ مِنْ فرسَان جُعْفيّ في الجَاهِليَّة.
301,316,1,وهؤلاء بنو حريم بن جعفي,12,وابم جُمِيْر بن عُلْبَةَ بن الحَارِثَ بن الخَنَسَاء، الَّذي قَتَلَ المُرَادِيَّ.
302,317,1,بنو زيد الله بن سعد العشيرة,1,وفَهْدُ بن الحُلَيْس بن مَسْروقِ بن فَهْدُ بن يَزَيْد بن الحَارِثَ بن الخَنَسَاء، كانَ مِنْ أصحاب عُبِيْد اللَهُ بن الحُرَّ.
302,317,1,بنو زيد الله بن سعد العشيرة,2,أَبو الجَنُوبِ بن عَبْدَ الرَّحمَان بن زِيَاد بن زُهَيْر بن خَنَسَاء بن كَعْب، وكانَ مِنْ الفُرسَان، شَهِدَ مقَتَلَ الحُسَين ﵇ . وأَخذَ جَمَلُاً كانَ يَستَقي عَليّه فَسَمَّاهُ الحُسَين؛ وهو جَدُّ بَني عُبِيْد اللَهُ بن الحَارِثَ بن زِيَاد بن ابي الجَنُوب.
302,317,1,بنو زيد الله بن سعد العشيرة,3,وَوَلَدَ عَامِراً بن نَاجِيَة: عَبْدَ اللَهُ.
302,317,1,بنو زيد الله بن سعد العشيرة,4,فَوَلَدَ عَبْدَ اللَهُ بن عَامِر بن نَاجِيَة: الغَنَاءَ، دَرَجَوا.
302,317,1,بنو زيد الله بن سعد العشيرة,5,وَوَلَدَ ذُهْل بن مَالِك بن حَرِيم بن جُعْفيّ: مُعَاوِيَةَ.
302,317,1,بنو زيد الله بن سعد العشيرة,6,"منِهم: شَرْيَةُ بن عَبْدَ بن كُلَيب بن خَوْليّ بن رَبِيعَةَ بن عَوْف بن مُعَاوِيَةَ، الَّذي عمُرّ فَقَأل: "" واللَهُ لا يَثْبِتَنَّ لِيَ واحِدٌ وَلضا إثْنَانِ، إِنَّي بِالثَلَاَثة مَعْذُورٌ "" ."
302,317,1,بنو زيد الله بن سعد العشيرة,7,والحَارِثَ بن حَيَّان بن رَبَيعَةَ بن رَبَيعَةَ بن عَوْف بن مُعَاوِيَةَ بن ذُهْل، شَهِدَ الخَمَلَ صِفَّينَ مَعَ عَليّ ﵇ .
302,317,1,بنو زيد الله بن سعد العشيرة,8,هَؤُلاءِ بَنو جُعْفيّ بن سَعْد العَشِيرَةِ.
302,317,1,بنو زيد الله بن سعد العشيرة,9,هَؤُلاء
302,317,1,بنو زيد الله بن سعد العشيرة,10,بَنو زَيْد اللَهُ بن سَعْد العَشِيرَةِ
302,317,1,بنو زيد الله بن سعد العشيرة,11,وَوَلَدَ زَيْد اللَهُ بن سَعْد العَشِيرَةِ: عَامِراً، وأَشْرَسَ، والدِيل، وعَوْفاً ف
303,318,1,بنو زيد الله بن سعد العشيرة,1,ي بَني تَغْلِب، أقام عَامِر بن زَيْد اللَهُ عَلَى نَسَبُه، فَمنِه تفرقة زَيْد اللَهُ.
303,318,1,بنو زيد الله بن سعد العشيرة,2,فَوَلَدَ عَامِر بن زَيْد اللَهُ: سَعْداً، وعَمْراً.
303,318,1,بنو زيد الله بن سعد العشيرة,3,فَوَلَدَ سَعْد اللَهُ بن عَامِر: مُعَاوِيَةَ، وأقَيْس، وشَمَّاخاً، ومَالِكاً، والحَارِثَ.
303,318,1,بنو زيد الله بن سعد العشيرة,4,منِهم: لَهُب بن وَبْرَةَ بن شَمَّاخ بن عَامِر بن زَيْد اللَهُ بن سَعْد العَشِيرَةِ، وهم جُعْفيّ.
303,318,1,بنو زيد الله بن سعد العشيرة,5,"وَوَلَدَ جَزِيّ بن سَعْد العَشِيرَةِ: الحَمْدَ، والعَدْل، وَلِيَ شُرَطَ تُبَّعٍ، إِذَا أَرَادَ قَتْلَ إِنسَان دَفَعَهُ إليهِ فَقَأل الناس: "" وُضِعَ على يَدَيْ عَدْلٍ "" وهم في جُعْفيّ."
303,318,1,بنو زيد الله بن سعد العشيرة,6,هَؤُلاءِ بَنو زَيْد اللَهُ بن سَعْد العَشِيرَةِ.
303,318,1,بنو زيد الله بن سعد العشيرة,7,وَوَلَدَ أَوْس اللَهُ بن سَعْد العَشِيرَةِ: أَسْلَمَ، حَيُّ باليَمَنِ.
303,318,1,بنو زيد الله بن سعد العشيرة,8,"وَوَلَدَ أَنَسُ اللَهُ بن سَعْد العَشِيرَةِ: زُهَيْراً، وملائماً، وبلالاً، وزفراً، "" وعَليّاً "" ."
303,318,1,بنو زيد الله بن سعد العشيرة,9,فَوَلَدَ ملائم بن أَنَسُ اللَهُ: عَبْدَ يَغُوث بن مُلائماً.
303,318,1,بنو زيد الله بن سعد العشيرة,10,فَوَلَدَ عَبْدَ يَغُوث: وَقْشَةَ.
304,319,1,هؤلاء بنو عائذ الله بن سعد العشيرة,1,فَوَلَدَ وَقْشَةَ بن عَبْدَ يَغُوث: كَعْباً.
304,319,1,هؤلاء بنو عائذ الله بن سعد العشيرة,2,فَوَلَدَ كَعْب بن وَقْشَةَ: جَسْراً، ومُعَاوِيَةَ.
304,319,1,هؤلاء بنو عائذ الله بن سعد العشيرة,3,وَوَلَدَ عَليُّ بن مُلَائم: النَّابِغَةُ.
304,319,1,هؤلاء بنو عائذ الله بن سعد العشيرة,4,فَوَلَدَ النَّابِغَةُ بن عَليّ: ذُبَاباً، وصَخْرُاً، وبُرغُوثاً.
304,319,1,هؤلاء بنو عائذ الله بن سعد العشيرة,5,فَوَلَدَ ذُبَابُ بن النَّابِغَةُ: صَوَاباً.
304,319,1,هؤلاء بنو عائذ الله بن سعد العشيرة,6,وَوَلَدَ بِلَالُ بن أَنَسُ اللَهُ: رَبَيعَةَ.
304,319,1,هؤلاء بنو عائذ الله بن سعد العشيرة,7,فَوَلَدَ رَبَيعَةَ بن بِلَالُ: الحَارِثَ.
304,319,1,هؤلاء بنو عائذ الله بن سعد العشيرة,8,فَوَلَدَ الحَارِثَ بن رَبَيعَةَ: مُعَاوِيَةَ.
304,319,1,هؤلاء بنو عائذ الله بن سعد العشيرة,9,فَوَلَدَ مُعَاوِيَةَ بن الحَارِثَ: عَمْراً.
304,319,1,هؤلاء بنو عائذ الله بن سعد العشيرة,10,فَوَلَدَ عَمْرو بن مُعَاوِيَةَ: عَبْدَ يَغُوث والحَارِثَ.
304,319,1,هؤلاء بنو عائذ الله بن سعد العشيرة,11,فَوَلَدَ عَبْدَ يَغُوث بن عَمْرو: طَلْقَاً.
304,319,1,هؤلاء بنو عائذ الله بن سعد العشيرة,12,فَوَلَدَ الحَارِثَ بن عَبْدَ يَغُوث: مَطَراً، ذُبَاباً.
304,319,1,هؤلاء بنو عائذ الله بن سعد العشيرة,13,فَوَلَد ذُبَابُ بن الحَارِثَ: عَبْدَ اللَهُ، شَهِدَ صِفَّين مَعَ عَليّ بن أبي طَالِب ﵇ .
304,319,1,هؤلاء بنو عائذ الله بن سعد العشيرة,14,مِنْ وَلَدِه: عَبْدَ العَزِيز بن ثَابِت بن عَبْدَ اللَهُ بن ذُبَاب، بالرَّيَّ لَهُم عَدَدٌ وجَمَاعَةٌ.
304,319,1,هؤلاء بنو عائذ الله بن سعد العشيرة,15,هَؤُلاءِ بَنو عَائِذَ اللَهُ بن سَعْد العَشِيرَةِ
304,319,1,هؤلاء بنو عائذ الله بن سعد العشيرة,16,وَوَلَدَ عَائِذَ اللَهُ بن سَعْد العَشِيرَةِ: عَبْدَ مَنَاةُ، وأَوْس مَنَاةُ، وَهو مَاقَان؛ أُمَّهُم بِنْت لَيْث بِنْت بَكْر بن عَبْدَ مَنَاةُ بن كِنَانةَ.
304,319,1,هؤلاء بنو عائذ الله بن سعد العشيرة,17,فَوَلَدَ عَبْدَ مَنَاةُ بن عَائِذَ اللَهُ: عَوْفاً، وأَسَدِاً، وغَنْمُاً، وإِيَّاسِاً، وأَوْساً.
305,320,1,هؤلاء بنو عائذ الله بن سعد العشيرة,1,فَوَلَد إِيَّاسِ بن عَبْدَ مَنَاةُ: الدُّولَ، ومَالِكاً، وعُتْبَة، ومَازِنُاً، ومُرَّةَ.
305,320,1,هؤلاء بنو عائذ الله بن سعد العشيرة,2,وَوَلَدَ عَوْف بن عَبْدَ مَنَاةُ: خَدِيجُاً، وسَعْداً، وسَلَمَةُ، وثَعْلَبَةَ، وعَبْدَ اللَهُ.
305,320,1,هؤلاء بنو عائذ الله بن سعد العشيرة,3,فَوَلَدَ خَدِيجُ بن عَوْف: رَبَيعَةَ.
305,320,1,هؤلاء بنو عائذ الله بن سعد العشيرة,4,منِهم: زِيَاد بن شَبِيب بن لَقِيط بن قَيْصَر بن سَلَمَةُ بن عَوْف.
305,320,1,هؤلاء بنو عائذ الله بن سعد العشيرة,5,وسُوَيْد بن عَبْدَ اللَهُ، كان شَرِيفُاً.
305,320,1,هؤلاء بنو عائذ الله بن سعد العشيرة,6,ومهم: مُجَمَّع بن عَبْدَ اللَهُ بن مُجَمَّع بن مَالِك بن إِيَّاسِ، قَتَلَ مَعَ الحُسَين بن عَليّ ﵇ بالطَّفّ.
305,320,1,هؤلاء بنو عائذ الله بن سعد العشيرة,7,وابَنَه عَبْدَ اللَهُ بن مُجَمَّع، قُتلَ مَعَ المُخْتَارِ.
305,320,1,هؤلاء بنو عائذ الله بن سعد العشيرة,8,ومَازِنُ بن عَبْدَ اللَهُ بن عَمْرو بن مَازِنُ بن إِيَّاسِ يُحَدَّث عَنه.
305,320,1,هؤلاء بنو عائذ الله بن سعد العشيرة,9,وحُصَيْن بن ابي أَوْس بن عَبْدَ اللَهُ بن ابي عَمْرو بن قَيْس بن عُتْبَةَ بن إِيَّاسِ، شَهِدَ القَادِسيَّةَ.
305,320,1,هؤلاء بنو عائذ الله بن سعد العشيرة,10,وعُرْوَةُ بن جَابِر بن بَادِيَة بن الدول بن إِيَّاسِ، وَهْوَ ابو عُمِيْرٍ، كان عابداً.
305,320,1,هؤلاء بنو عائذ الله بن سعد العشيرة,11,وخيشنة بن جَابِر، كان عَالِماً.
305,320,1,هؤلاء بنو عائذ الله بن سعد العشيرة,12,وعَمْرو بن عُبِيْد اللَهُ بن عَمْرو بن جَابِر، وَليَ الرُبْعَ بالكُوفَةِ، إستعملَهُ عَبْدَ اللَهُ بن عُمَر عَبْدَ العَزِيز أيام وَليَ الكُوفَةِ مَعَ مَنْصور بن جُمْهُورٍ.
305,320,1,هؤلاء بنو عائذ الله بن سعد العشيرة,13,من وَلَدِه: الحَكَم بن أبي بدل بن عَمْرو بن عُبِيْد اللَهُ بن عَمْرو بن جَابِر.
305,320,1,هؤلاء بنو عائذ الله بن سعد العشيرة,14,وإِبرَاهِيمُ بن نَاجِيَة بن عَمْرو بن عَبْدَ اللَهُ بن عَمْرو بن جَابِر.
306,321,1,وهؤلاء بنو صعب بن سعد العشيرة,1,وَوَلَدَ مَاقَانُ بن عَائِذَ اللَهُ: ذُهْلاً، ومَالِكاً، وعُبِيْد، وعَمْراً، ومُعَاوِيَةَ.
306,321,1,وهؤلاء بنو صعب بن سعد العشيرة,2,منِهم: عُبِيْدة بن هَبَّار بن مُعَاوِيَةَ بن أَوْس مَنَاةُ، وَفَد إلى النّبيّ ﷺ .
306,321,1,وهؤلاء بنو صعب بن سعد العشيرة,3,وعَبْدَ اللَهُ بن كِنَانةَ بن عَبْدَ اللَهُ بن عَمْرو بن مُعَاوِيَةَ بن مَنَاةُ، كانَ مِنْ فُرسَان مَذْحِج.
306,321,1,وهؤلاء بنو صعب بن سعد العشيرة,4,ومن وَلَدِ عُبِيْدة بن هَبَّار: زِيَاد بن الوَلِيد بن عُبِيْدة بن هَبَّار، مَدَحَهُ الأُقَيْشِر.
306,321,1,وهؤلاء بنو صعب بن سعد العشيرة,5,وجَهْمُ بن شَدَّادُ بن شُرَيْح بن الأَخْصَرٍ بن عَمْرو بن مُعَاوِيَةَ بن أَوْس مَنَاةُ وأَسْلَم، مُعَاوِيَةَ وَهْوَ مُعَاوِيَةَ الأَصْغَر بن مُكَدَّمِ بن مُعَاوِيَةَ الأَكْبِر بن أَوْس مَنَاةُ.
306,321,1,وهؤلاء بنو صعب بن سعد العشيرة,6,وَوَلَدَ أَسْوَدُ بن أَوْس مَنَاةُ: شَوْفاً، وحَرِيماً، رَهْطُ حُسَين بن مُحَمَّدُ بن جَرِير بن حَرِيم بن الأَسْوَدُ.
306,321,1,وهؤلاء بنو صعب بن سعد العشيرة,7,هَؤُلاءِ بَنو عَائِذَ اللَهُ بن سَعْد العَشِيرَةِ.
306,321,1,وهؤلاء بنو صعب بن سعد العشيرة,8,وهَؤُلاءِ بَنو صَعْب بن سَعْد العَشِيرَةِ
306,321,1,وهؤلاء بنو صعب بن سعد العشيرة,9,وَوَلَدَ صَعْب بن سَعْد العَشِيرَةِ: أَوْداً، ومُنَبَّهاً، إليهِ جماعُ زُبَيْدة، وثَعْلَبَةَ،
307,322,1,وهؤلاء بنو أود بن صعب بن سعد العشيرة,1,وغَنْمُاً، دخلاً في عَائِذَ اللَهُ بن سَعْد العَشِيرَةِ.
307,322,1,وهؤلاء بنو أود بن صعب بن سعد العشيرة,2,وهَؤُلاءِ بَنو أَوْد بن صَعْب بن سَعْد العَشِيرَة
307,322,1,وهؤلاء بنو أود بن صعب بن سعد العشيرة,3,فَوَلَد أَوْد بن صَعْب: مُنَبَّهاً، وكَعْباً، أُمَّهُما: زَيْنَبُ بِنْت جَذِيمَةَ الأَبْرَش.
307,322,1,وهؤلاء بنو أود بن صعب بن سعد العشيرة,4,فَوَلَد مُنَبَّه بن أَوْد بن صَعْب: عَوْفاً، وسَعْداً، عَامِراً، بطون؛ ورَبَيعَةَ، والحَارِثَ.
307,322,1,وهؤلاء بنو أود بن صعب بن سعد العشيرة,5,فَوَلَدَ سَعْد بن مُنَبَّه: مَالِكاً، وحَرْباً، وعَوْفاً وهو القِرْفَةَ؛ وعَبْدَاً، وزَيْداً، وعَائِذَاً.
307,322,1,وهؤلاء بنو أود بن صعب بن سعد العشيرة,6,فَوَلَدَ عَبْدَ بن سَعْد بن مُنَبَّه بن أَوْد: كَعْباً، وأَوْداً وهو في بَاهِلَة.
307,322,1,وهؤلاء بنو أود بن صعب بن سعد العشيرة,7,فَوَلَدَ كَعْب بن عَبْدَ بن سَعْد: عَبْدَ اللَهُ، وزِيَاباً، ومَالِكاً، وعَبْدَ يَغُوث.
307,322,1,وهؤلاء بنو أود بن صعب بن سعد العشيرة,8,فَوَلَدَ عَبْدَ اللَهُ بن كَعْب: عَبْدَ الحَارِثَ.
307,322,1,وهؤلاء بنو أود بن صعب بن سعد العشيرة,9,فَوَلَدَ عَبْدَ الحَارِثَ بن عَبْدَ اللَهُ بن كَعْب، عَمْراً، وَهْوَ ابو المِعْزى، رئيس مَذْحِج في القَادِسيَّةَ.
307,322,1,وهؤلاء بنو أود بن صعب بن سعد العشيرة,10,ومنِهم: حُجَيَّةُ، وعَمَّار ابنا مُرَّةَ بن صفْوان بن الحَارِثَ بن عَبْدَ اللَهُ بن كَعْب؛ أُمَّهُما هَيْلَاء، وَهُم يكونُونَ مَعَ بَني جَعْفَرُ بن كِلَاب.
307,322,1,وهؤلاء بنو أود بن صعب بن سعد العشيرة,11,وَوَلَدَ حَرْب بن سَعْد بن مُنَبَّه: عَامِراً، وَهْوَ الزَّعَافِرُ.
307,322,1,وهؤلاء بنو أود بن صعب بن سعد العشيرة,12,فَوَلَدَ الزَّعَافِرُ بن حَرْب بن سَعْد: حَلَاوَةَ، وحسيباً، ومُرّحة؛ رَهْطُ عَبْد
308,323,1,وهؤلاء بنو أود بن صعب بن سعد العشيرة,1,َ اللَهُ بن إِدْرِيس بن يَزَيْد بن عَبْدَ الرَّحمَان بن الأَسْوَدُ بن حُجَيَّةُ بن الأَصْهَب بن يَزَيْد بن حَلَاوَةَ الفَقِيه.
308,323,1,وهؤلاء بنو أود بن صعب بن سعد العشيرة,2,وَوَلَدَ عَوْف بن مُنَبَّه بن أَوْد: غَنْمُاً، ومُنَبَّهاً، والحَارِثَ.
308,323,1,وهؤلاء بنو أود بن صعب بن سعد العشيرة,3,فَوَلَدَ الحَارِثَ بن عَوْف: عَوْفاً، وثَعْلَبَةَ، وسَلَامَان.
308,323,1,وهؤلاء بنو أود بن صعب بن سعد العشيرة,4,فَوَلَدَ عَوْف بن الحَارِثَ: مُعَاوِيَةَ، وَهْو الأَفْكَلُ، قد رَأسَ.
308,323,1,وهؤلاء بنو أود بن صعب بن سعد العشيرة,5,فَوَلَدَ الأَفْكَلُ بن عَوْف: عَمْراً، وامُرّأ القَيْس، ووَهْباً، وسَلَمَةُ، وعَوْفاً.
308,323,1,وهؤلاء بنو أود بن صعب بن سعد العشيرة,6,منِهم: عَبْدَ الرَّحمَان بن النُّعمَان بن يَزَيْد بن قَيْس بن سَلَمَةُ، كان شَرِيفُاً، ولَمْ يَكُن بالكُوفَةِ عَرَبيُّ لَهُ بَوَّابٌ غَيْره.
308,323,1,وهؤلاء بنو أود بن صعب بن سعد العشيرة,7,ومنِهم الأَفْوَهُ الشَّاعِر، وهو ابن صَلَاءَةَ بن عَمْرو بن عَوْف بن الأَفْكَلُ.
308,323,1,وهؤلاء بنو أود بن صعب بن سعد العشيرة,8,وَوَلَدَ كَعْب بن أَوْد: مَالِكاً، وَهْو أَلْوَذ، بَطن، وَوَهْباً، وسَلَمَةُ، وزمَّاناً، وصُرَيْماً، وبَطن، والحَارِثَ، وهو جُدَيَّةُ، بَطن.
308,323,1,وهؤلاء بنو أود بن صعب بن سعد العشيرة,9,فَوَلَدَ أَلْوَذ بن كَعْب: قَرَناً، بَطن، ورَبِيعَة، بَطن.
309,324,1,وهؤلاء بنو زبيد بن صعب بن سعد العشيرة,1,منِهم: خَرَشَةُ بن مُرّ بن مَالِك بن جَزْء بن الحَارِثَ بن مَالِك بن ثَعْلَبَةَ بن رَبِيعَة بن أَلْوَذ، صَحِبَ عَليَّ بن أبي طَالِب ﵇ .
309,324,1,وهؤلاء بنو زبيد بن صعب بن سعد العشيرة,2,وجَمِيلُ بن سَلَمَةُ بن عَبْدَ اللَهُ بن كَعْب بن مُعَاوِيَةَ بن قَرَنِ، من أصحابِ، عُبِيْد اللَهُ بن الحُرَّ الجُعْفيّ.
309,324,1,وهؤلاء بنو زبيد بن صعب بن سعد العشيرة,3,"وضمِنْ بَني جُدَيَّةُ بن كَعْب: شَبِيب بن عَبْدَ اللَهُ بن شَكَل بن بَدْر، حَيُّ مِن جُدَيَّةُ، أجلاه عَليُّ بن أبي طَالِب عَلَيهِ السَلاممِنْ الكُوفَةِ إلى الشَّامِ، فَقَأل لَهُ: "" قد أَجَّلْتُكَ ثلاثاً "" قال: "" كَما أُجلَتْ ثَمُود، لَا يَكونُ أبداً "" قال: "" أَجَّلْنَاكَ أَيَاماً "" ، ثُمَّ خَرَجَ، وكَانَتْ لَهُ ابَنَه فأَودَعَها إلى أبن عَمٍ لَهُ وخَرَجَ."
309,324,1,وهؤلاء بنو زبيد بن صعب بن سعد العشيرة,4,ومِنْ بن زِمَّان بن كَعْب: عافِيَةَ بن شَدَّادُ بن ثُمَامَة بن سَلَمَةُ، قُتِلَ مَعَ عَليّ بن أبي طَالِب عَلَيهِ السَلاميَوْمَ النَّهْرَوَان.
309,324,1,وهؤلاء بنو زبيد بن صعب بن سعد العشيرة,5,وعافِيَةَ بن يَزَيْد بن قَيْس، وَليَ القَضَاء للَمْهديّ.
309,324,1,وهؤلاء بنو زبيد بن صعب بن سعد العشيرة,6,هَؤُلاءِ بَنو أَوْد بن صَعْب بن سَعْد العَشِيرَةِ.
309,324,1,وهؤلاء بنو زبيد بن صعب بن سعد العشيرة,7,وهَؤُلاءِ بَنو زُبَيْد بن صَعْب بن سَعْد العَشِيرَةِ
309,324,1,وهؤلاء بنو زبيد بن صعب بن سعد العشيرة,8,وَوَلَدَ مُنَبَّه وَهْوَ زُبَيْد بن صَعْب بن سَعْد العَشِيرَةِ: رَبِيعَةَ، والحَارِثَ.
310,325,1,وهؤلاء بنو زبيد بن صعب بن سعد العشيرة,1,فَوَلَدَ رَبَيعَةَ بن مُنَبَّه: مَازِنُاً، وَهْوَ بَطن، ونَصْرُاً، والحَارِثَ، وهو قُطَيْعَةُ، بَطن.
310,325,1,وهؤلاء بنو زبيد بن صعب بن سعد العشيرة,2,فَوَلَدَ مَازِنُ بن رَبَيعَةَ: سَلَمَةُ، ومَالِكاً، وهم في زُبَيْد ومُعَاوِيَةَ، وسَعْداً، والحَارِثَ، وكَعْباً.
310,325,1,وهؤلاء بنو زبيد بن صعب بن سعد العشيرة,3,فَوَلَدَ سَلَمَةُ بن مَازِنُ: رَبَيعَةَ، ومَالِكاً، ومَالِكاً، وكَعْباً.
310,325,1,وهؤلاء بنو زبيد بن صعب بن سعد العشيرة,4,فَوَلَدَ رَبَيعَةَ بن سَلَمَةُ: مُنَبَّهاً، وَهْوَ زُبَيْد الَأصْغَر، والحَارِثَ، وعَبْدَ اللَهُ، ومَالِكاً.
310,325,1,وهؤلاء بنو زبيد بن صعب بن سعد العشيرة,5,فَوَلَدَ زُبَيْد بن رَبَيعَةَ بن سَلَمَةُ: عَمْراً، ورَبَيعَةَ، ومُعَاوِيَةَ، والأَحْنَفُ، وكُلَيباً.
310,325,1,وهؤلاء بنو زبيد بن صعب بن سعد العشيرة,6,فَوَلَدَ عَمْرو بن زُبَيْد بن رَبَيعَةَ: عُصْماً، ووَعْوعاً، ومَالِكاً، وأُسَامَةُ، وامْرأ القَيْس.
310,325,1,وهؤلاء بنو زبيد بن صعب بن سعد العشيرة,7,فَوَلَدَ عُصْم بن عَمْرو بن زُبَيْد: عَمْراً، وأبا عَمْرو، ومَنَعَةُ، وامرأَ القَيْس.
310,325,1,وهؤلاء بنو زبيد بن صعب بن سعد العشيرة,8,فَوَلَدَ عَمْرو بن عُصْم بن عَمْرو بن زُبَيْد: عَبْدَ اللَهُ، وعُبِيْد اللَهُ، ومَعَدِيّ كَرِب.
310,325,1,وهؤلاء بنو زبيد بن صعب بن سعد العشيرة,9,فَوَلَدَ عَبْدَ اللَهُ بن عَمْرو بن عُصْم بن زُبَيْد: مَعَدِيّ كَرِب.
310,325,1,وهؤلاء بنو زبيد بن صعب بن سعد العشيرة,10,فَوَلَدَ مَعَدِيّ كَرِب بن عَبْدَ اللَهُ بن عَمْرو بن عُصْم: عَمْراً، وَهْوَ أبو ثَوْر، فَارِس اليَمَنِ، شَهِدَ فَتَحَ بِهَاوَنَد والعِرَاق.
311,326,1,وهؤلاء بنو زبيد بن صعب بن سعد العشيرة,1,وشُرَيْح، وحَكِيم، وعَبْدَ، أخوة عَمْرو.
311,326,1,وهؤلاء بنو زبيد بن صعب بن سعد العشيرة,2,وَوَلَدَ أبو عَمْرو بن عُصْم: أبا الصَّلْتَ، رَهْطُ عَبْدَ الرَّحمَان بن مُخَارِق بن الحَارِثَ بن أبي الصَّلْتَ، كان أبوه مُخَارِقُ من شُهُودِ مُعَاوِيَةَ يَوْمَ الحَكَمَيْن.
311,326,1,وهؤلاء بنو زبيد بن صعب بن سعد العشيرة,3,وَوَلَدَ امُرّؤُ القَيْس بن عُصْم: الحَارِثَ، رَهْطُ عَبْدَ اللَهُ بن الحَارِثَ بن جَزْء بن الحَارِثَ بن امُرّؤُ القَيْس بن عُصْم.
311,326,1,وهؤلاء بنو زبيد بن صعب بن سعد العشيرة,4,وَوَلَدَ مَنَعَةُ بن عُصْم: حراً، وأبا عَمْرو، وحُصَيْناً.
311,326,1,وهؤلاء بنو زبيد بن صعب بن سعد العشيرة,5,فَوَلَدَ أبو عَمْرو بن مَنَعَةُ بن عُصْم: قَيْساً، وعَبْدَ اللَهُ.
311,326,1,وهؤلاء بنو زبيد بن صعب بن سعد العشيرة,6,فَوَلَدَ قَيْس بن أبي عَمْرو: عَبْدَ اللَهُ، وهم رَهْطُ الحَارِثَ بن عَمْرو بن عَبْدَ اللَهُ بن قَيْس بن أبي عَمْرو.
311,326,1,وهؤلاء بنو زبيد بن صعب بن سعد العشيرة,7,وَوَلَدَ عُبِيْد اللَهُ بن أبي عَمْرو: عَمْراً.
311,326,1,وهؤلاء بنو زبيد بن صعب بن سعد العشيرة,8,فَوَلَد عَمْرو بن عُبِيْد اللَهُ: رويةَ، وعِيَاضاً.
311,326,1,وهؤلاء بنو زبيد بن صعب بن سعد العشيرة,9,وَوَلَدَ مَالِك بن عَمْرو زُبَيْد: عَبْدَ يَغُوث، وهم آل حنش بن عَمْرو بن عميت بن عَبْدَ يَغُوث.
311,326,1,وهؤلاء بنو زبيد بن صعب بن سعد العشيرة,10,وَوَلَدَ عُوَيْج بن عَمْرو بن زُبَيْد: عَمْراً، وعَبْدَ يَغُوث.
311,326,1,وهؤلاء بنو زبيد بن صعب بن سعد العشيرة,11,فَوَلَدَ عَبْدَ يَغُوث بن عُوَيْج: جَزْءاً.
311,326,1,وهؤلاء بنو زبيد بن صعب بن سعد العشيرة,12,فَوَلَدَ جَزْء بن عَبْدَ يَغُوث: مَحْمِية، والحَارِثَ، وزِيَاداً.
311,326,1,وهؤلاء بنو زبيد بن صعب بن سعد العشيرة,13,فأَمّا مَحْمَيَةَ بن جَزْء، فَانَّهُ كَانَ عَلى المَقَاسِم يَوْمَ بَدْرٍ، وَهو حَلِيفُ بَن
312,327,1,وهؤلاء بنو زبيد بن صعب بن سعد العشيرة,1,ي جُمَح، كانَتْ ابِنْته عِنْدَ الفَضل بن العَبَّاس بن عَبْدَ المُطَّلب، فَوَلَدِة لَهُ أم كُلثُوم.
312,327,1,وهؤلاء بنو زبيد بن صعب بن سعد العشيرة,2,وَوَلَدَ رَبَيعَةَ بن زُبَيْد: امُرّؤُ القَيْس، والنُّعمَان، وعَمْراً، ومَازِنُاً.
312,327,1,وهؤلاء بنو زبيد بن صعب بن سعد العشيرة,3,فَوَلَدَ امُرّؤُ القَيْس بن رَبَيعَةَ: عَلْقَمَةَ، وعَبْدَ اللَهُ، ومُعَاوِيَةَ.
312,327,1,وهؤلاء بنو زبيد بن صعب بن سعد العشيرة,4,فأَمَّا مَازِنُ فَهُم الَّذين في بَني تَمِيم فقيل: مَازِنُ مَذْحِج، ولا يُعْرَف مَازِنُ غَيْر ابن مَالِك بن عَمْرو بن تَمِيم، فَوَصل بَعْضهم بَعْضاً على البَاطل.
312,327,1,وهؤلاء بنو زبيد بن صعب بن سعد العشيرة,5,وَوَلَدَ مَالِك بن سَلَمَةُ بن مَازِنُ: كَعْباً.
312,327,1,وهؤلاء بنو زبيد بن صعب بن سعد العشيرة,6,منِهم: عَمْرو بن الحَجَّاج بن عَبْدَ اللَهُ بن عَبْدَ العَزِيز بن كَعْب، كانَ مْن أَشرافِ مَذْحِج بالكُوفَةِ.
312,327,1,وهؤلاء بنو زبيد بن صعب بن سعد العشيرة,7,ومِنْ بَني مَالِك بن مَازِنُ: المُخَزَّم بن سَلَمَةُ بن سُمَير، وَهو الَّذي قَتَلَ رَاعِيُه عَبْدَ اللَهُ بن مَعْد كَرِب، أخِي عَمْرو بن مَعَدِيّ كَرِب، فقالت كَبْشَةُ بن مَعَدِيّ كَرِب:
312,327,1,وهؤلاء بنو زبيد بن صعب بن سعد العشيرة,8,أَيُقْتلُ عَبْدَ اللَهُ سَيَّد قَومِهِ … بَنو مَازِنُ إِنْ سُبَّ رَاعِي المُخَزَّمِ
312,327,1,وهؤلاء بنو زبيد بن صعب بن سعد العشيرة,9,وَوَلَدَ قُطَيْعَةُ بن رَبِيعَةَ بن زُبَيْد: الحَارِثَ، ومَالِكاً، وعَامِراً.
312,327,1,وهؤلاء بنو زبيد بن صعب بن سعد العشيرة,10,فَوَلَد الحَارِثَ بن قُطَيْعَةُ: عَمْراً، وراشِداً، وأَبْذِيَّاً.
313,328,1,وهؤلاء بنو يحابر بن مالك وهو مراد,1,فَوَلَدَ أَبْذِيُّ بن الحَارِثَ: عَبْدَ اللَهُ.
313,328,1,وهؤلاء بنو يحابر بن مالك وهو مراد,2,وَوَلَدَ مَالِك بن قُطَيْعَةُ: ثَعْلَبَةَ، ومُشَارِكاً، ومسَلَمَةُ.
313,328,1,وهؤلاء بنو يحابر بن مالك وهو مراد,3,وَوَلَدَ الحَارِثَ بن مُنَبَّه: حَيَّاً.
313,328,1,وهؤلاء بنو يحابر بن مالك وهو مراد,4,فَوَلَدَ حَيُّ بن الحَارِثَ: نَشْوَانَ.
313,328,1,وهؤلاء بنو يحابر بن مالك وهو مراد,5,وَوَلَدَ ثَعْلَبَةَ بن صَعْب: جَنْدلاً، والحُمَّة، ومصَالة، وقَيْساً، والحَارِثَ، ووَهْباً.
313,328,1,وهؤلاء بنو يحابر بن مالك وهو مراد,6,هَؤُلاءِ بَنو زُبَيْد؛ وهَؤُلاءِ بَنو صَعْب بن سَعْد العَشِيرَةِ.
313,328,1,وهؤلاء بنو يحابر بن مالك وهو مراد,7,وهَؤُلاءِ بَنو يَحَابِر بن مَالِك، وهوَ مُرَاد
313,328,1,وهؤلاء بنو يحابر بن مالك وهو مراد,8,وَوَلَدَ يَحَابرُ بن مَالِك، وَهْوَ مُرّاد: نَاجِيَة، وزَاهِراً.
313,328,1,وهؤلاء بنو يحابر بن مالك وهو مراد,9,فَوَلَدَ نَاجِيَة بن مُرّاد: عَبْدَ اللَهُ، وعُمِيْراً، ومُفْرِجاً، بَطن، وكِنَانةَ، ومَالِكاً، ويَشْكُرَ، ونمُرَّةَ؛ ورَدْمَان، مِنْ حِمْيَر ينَسَبُون إلى مُرّاد، وفي مُرّاد مِنْ الأزْدِ وغَيرهُم؛ وإِنَّما سُمُّوا مُرَاداً لأَنَّهم تمُرّدوا.
313,328,1,وهؤلاء بنو يحابر بن مالك وهو مراد,10,فَوَلَد عَبْدَ اللَهُ بن نَاجِيَة: غُطَيفُاً، بَطن، ويُقالُ إِنَّهُ مِنْ الأزْدِ.
313,328,1,وهؤلاء بنو يحابر بن مالك وهو مراد,11,فَوَلَدَ غُطَيفُ بن عَبْدَ اللَهُ: مُنَبَّهاً، وسَعْيداً.
313,328,1,وهؤلاء بنو يحابر بن مالك وهو مراد,12,فَوَلَدَ مُنَبَّه بن غُطَيفُ: مَالِكاً، وكَعْباً، والخيَارَ.
313,328,1,وهؤلاء بنو يحابر بن مالك وهو مراد,13,فَوَلَدَ مَالِك بن عَوْف بن مُنَبَّه: عُصْم.
313,328,1,وهؤلاء بنو يحابر بن مالك وهو مراد,14,فَوَلَدَ عُصْم بن مَالِك بن عَوْف بن مُنَبَّه بن غُطَيفُ: مُخَدَّشاً، وسَلَامَةَ.
313,328,1,وهؤلاء بنو يحابر بن مالك وهو مراد,15,فَوَلَدَ مُخَدَّش بن عُصْم: مُعَاوِيَةَ، والخيَارَ، وعَبْدَ عَوْف، وعَبْدَ اللَهُ.
314,329,1,وهؤلاء بنو يحابر بن مالك وهو مراد,1,منِهم: عَمْرو بن قِعَاس بن عَبْدَ يَغُوث بن مُخَدَّش بن عِصَم، كانَ شَاعِراً.
314,329,1,وهؤلاء بنو يحابر بن مالك وهو مراد,2,مِنْ وَلَدِه: هَانِئ بن عُرْوَةُ بن نمُرّان بن عَمْرو بن قِعَاس، قَتَلَهُ عُبِيْد اللَهُ بن زِيَاد مع مسلَمْ بن عَقِيلُ بن أبي طَالِب وصَلبَهُما بالكُوفَةِ، وهو حَيث يقولُ الأَخْطَلْ:
314,329,1,وهؤلاء بنو يحابر بن مالك وهو مراد,3,إِنْ كُنتِ لا تَدْرينَ مَا المَوتُ فانْظُرِي … إلى هَانِئٍ في السُّوقِ وابنِ عَقِيلِ
314,329,1,وهؤلاء بنو يحابر بن مالك وهو مراد,4,ومنِهم: هانئ، وشَرِيكُ ابنا عُتْبَة بن عَبْدَ اللَهُ بن عَمْرو بن نمُرّان شَهِدَا القَادِسيَّةَ.
314,329,1,وهؤلاء بنو يحابر بن مالك وهو مراد,5,وشَرِيكُ بن عَمْرو بن عَبْدَ يَغُوث بن مُخَدَّش، كانَ يَوْمَ القَادِسيَّةَ قَد ضَرَبَ رُسْتماً بالسَّيفِ.
314,329,1,وهؤلاء بنو يحابر بن مالك وهو مراد,6,ومَعْدَانُ بن المُتَوَّج بن نِمْران بن خَلِيفةَ بن مُعَاوِيَةَ بن مُخَدَّش، الَّذي كانض على أَهل حَضْرَمَوْت فَيأَخُذُ طَعَامَهم.
315,330,1,وهؤلاء بنو يحابر بن مالك وهو مراد,1,وعَبْدَ اللَهُ بن الحَارِثَ بن دُرَيْج، الَّذي قَتَلَ حَجْرَانَ الحَارِثَيّ فَوَقَعتْ الحَرْب بينهم بالجَاهِليَّة.
315,330,1,وهؤلاء بنو يحابر بن مالك وهو مراد,2,ومنِهم: بكير، وَهْوَ الفضة، بن عَبْدَ اللَهُ بن سَلَمَةُ بن الأفعل بن كَعْب بن عَوْف بن مُنَبَّه بن غُطَيفُ، وَهْوَ الشَّاعِر.
315,330,1,وهؤلاء بنو يحابر بن مالك وهو مراد,3,والحَارِثَ وَهْوَ المثلَمْ بن قَيْس بن سَلَمَةُ بن بذي بن مُنَبَّه بن غُطَيفُ، قَتَلَته بَنو الحَارِثَ بن سَلَمَةُ يَوْمَ الرزم، يَوْمَ قَتَلَ حُصَيْن ذُو الغُصَّةِ.
315,330,1,وهؤلاء بنو يحابر بن مالك وهو مراد,4,ومنِهم: شَرِيك بن سُمَّي بن عَبْدَ يَغُوث بن جَزْء بن مُعَاوِيَةَ بن الذُويب بن مَالِك بن مُنَبَّه بن غُطَيفُ، كان عَلَى مُقَدِمَةَ عَمْرو بن العَاص في فَتَحَ مِصْرَ، وإليه ينَسَبُ كُوم شَرِيك نحو الاسْكَنَدَرِيَّة.
315,330,1,وهؤلاء بنو يحابر بن مالك وهو مراد,5,ومنِهم: فَرْوَةُ بن مُسَيْك بن الحَارِثَ بن سَلَمَةُ بن الذّؤَيْب، الشَّاعِر، وَفَد عَلَى النّبيّ صلى الله عليه وسلمواستعملَهُ عمُرّ بن الخَطَّاب عَلَى صَدَقاتِ مَذْحِج. ومن شِعْرِهِ:
316,331,1,وهؤلاء بنو يحابر بن مالك وهو مراد,1,وَمَا ان ظَننَا جَبْن ولكن … مَنَايانا وطُعْمَة آخَرِينَا
316,331,1,وهؤلاء بنو يحابر بن مالك وهو مراد,2,"وتَمِيم بن حُجْر، وَهْوَ الجُعَيْدُ بن مُعَاوِيَةَ بن الذّؤَيْب بن مَالِك بن مُنَبَّه بن غُطَيفُ، الَّذي أخذه عَمْرو بن مَامَة رَهينَةَ عن بَني مُرّاد، وقال حين نظر إليه: "" نِعمَ وَصِيف الملِك "" فلَمْا التقت مُرّاد وعَمْرو بن مَامَة شدّ عَليّه الجُعَيْدُ وَهْوَ يقولُ:"
316,331,1,وهؤلاء بنو يحابر بن مالك وهو مراد,3,أيَ وَصِيف مَلِك تراني … ألا تَراني ساكِن الجَنَان
316,331,1,وهؤلاء بنو يحابر بن مالك وهو مراد,4,أَقَلْتهُ بالسَيْف إذا اسْلقاني … أُجيبُ لَبَيْه إذا دَعَانِي
316,331,1,وهؤلاء بنو يحابر بن مالك وهو مراد,5,فلَمْا غَزَا عَمْرو بن هِنْدُ مُرّاداً أتى بالجُعَيْدُ فحرقه بالنَّار.
316,331,1,وهؤلاء بنو يحابر بن مالك وهو مراد,6,وَوَلَدَ كُباثةُ بن نَاجِيَة بن مُرّاد: ذُهْلاً، وَهْوَ جَمَلُ، بَطن، لَهُم عَدَدٌ.
316,331,1,وهؤلاء بنو يحابر بن مالك وهو مراد,7,فَوَلَدَ جَمَلُ بن كُباثةُ: مُرّاً، ورَبَيعَةَ، وحَيَا، وكَعْباً، وثَعْلَبَةَ، ومَالِكاً، وسَعْداً.
316,331,1,وهؤلاء بنو يحابر بن مالك وهو مراد,8,فَوَلَد مُرّ بن جَمَلُ: مَالِكاً، وسَعْداً.
316,331,1,وهؤلاء بنو يحابر بن مالك وهو مراد,9,فَوَلَدَ مَالِك بن مُرّ بن جَمَلُ: سَعْداً، وبداً، وعَبْدَاً.
316,331,1,وهؤلاء بنو يحابر بن مالك وهو مراد,10,فَوَلَدَ سَعْد بن مَالِك: رَبَيعَةَ، ومُعَاوِيَةَ.
316,331,1,وهؤلاء بنو يحابر بن مالك وهو مراد,11,فَوَلَدَ رَبَيعَةَ بن سَعْد بن مَالِك بن مُرّ: الحَارِثَ، وخُزَيمَةَ.
316,331,1,وهؤلاء بنو يحابر بن مالك وهو مراد,12,وَوَلَدَ مُعَاوِيَةَ بن سَعْد بن مَالِك: مُرّاً.
316,331,1,وهؤلاء بنو يحابر بن مالك وهو مراد,13,وَوَلَدَ بدا بن مَالِك بن مُرّ: مَازِنُاً.
316,331,1,وهؤلاء بنو يحابر بن مالك وهو مراد,14,فَوَلَدَ مَازِنُ بن بدا: سَلَمَةُ.
316,331,1,وهؤلاء بنو يحابر بن مالك وهو مراد,15,وَوَلَدَ سَعْد بن مُرّ بن جَمَلُ: عَامِراً.
317,332,1,وهؤلاء بنو يحابر بن مالك وهو مراد,1,فَوَلَدَ عَامِر بن سَعْد: مَالِكاً، والحَارِثَ، ونَهَارَاً، يُقالُ لَهُم: المَعَاقِل.
317,332,1,وهؤلاء بنو يحابر بن مالك وهو مراد,2,ولبَني بهارٍ يقولُ الشَّاعِر:
317,332,1,وهؤلاء بنو يحابر بن مالك وهو مراد,3,لو كنت جارَ بَني نَهَارَ لَمْ تُرَمْ … دَاري وقُوتِلَ دُونَهما بِسِلاحِ
317,332,1,وهؤلاء بنو يحابر بن مالك وهو مراد,4,ولَذَبَ عَنها في الصُبَاح يَحَايِرَ … كالأَسَدِ في غمُرّاتِ كلِ صِياحِ
317,332,1,وهؤلاء بنو يحابر بن مالك وهو مراد,5,هَم يَمنعَوْنَ مِن المخازي جَارُهْم … إذ جارَ غَيْرُهْم كَبَيضِ أَراحِ
317,332,1,وهؤلاء بنو يحابر بن مالك وهو مراد,6,ومنِهم: عَمْرو بن عَبْدَ اللَهُ بن عَامِر بن نَهَارَ، وَهْوَ الأَجْدَعُ، جُدع يَوْمَ نِهَاوَنْد، وأَخُوهُ كان شَرِيفُاً.
317,332,1,وهؤلاء بنو يحابر بن مالك وهو مراد,7,ويَزَيْد بن شُرَيْح بن الحَارِثَ بن شَرَاحَيْل بن عَبْدَ اللَهُ بن عَامِر، وَهْوَ الشَّاعِر.
317,332,1,وهؤلاء بنو يحابر بن مالك وهو مراد,8,وزائدةُ بن سُمَّير بن عَبْدَ اللَهُ بن عَامِر بن نَهَارَ، قَتَلَ مع عَليّ بن أبي طَالِب ﵇ بالنَّهْرَوَان.
317,332,1,وهؤلاء بنو يحابر بن مالك وهو مراد,9,وعَبْدَ اللَهُ بن سُمَّير، ولَهُ يقولُ عُوَيْصمُ بن الأصْفَع:
317,332,1,وهؤلاء بنو يحابر بن مالك وهو مراد,10,أّقامَ ذُوو الآحاظِ مِن بُخلِ مَذْحِج … بِظبي وألقوا عِندَ ظَبي المرَأسَيا
317,332,1,وهؤلاء بنو يحابر بن مالك وهو مراد,11,ومَرْثِدُ بن الحَارِثَ بن قَيْس بن عَبْدَ اللَهُ بن سَلَمَةُ بن مَازِنُ بن بِدا بن مَالِك بن جَمِيلُ، وَهْوَ الوَافِد عَلَى عمُرّ بن الخَطَّاب، أمير المؤمِنين ﵁ .
318,333,1,وهؤلاء بنو يحابر بن مالك وهو مراد,1,وهِنْدُ بن عَمْرو بن جَدَلَةَ بن مَالِك بن كَعْب بن عَبْدَ بن رَبَيعَةَ بن جَمَلُ، قَتَلَ يَوْمَ الجَمَلُ مع أمير المؤمِنين عَليّ بن أبي طَالِب ﵇ ، قَتَلَهُ عَمْرو بن يثربي الضَّبي، وقال:
318,333,1,وهؤلاء بنو يحابر بن مالك وهو مراد,2,ان تَقْتِلونِي فانا ابنُ يَثربي … قَاتِلُعِلباءَ وهِنْدُ الجَمَلُي
318,333,1,وهؤلاء بنو يحابر بن مالك وهو مراد,3,ثُمَ ابن صُوحان عَلَى دين عَليّ
318,333,1,وهؤلاء بنو يحابر بن مالك وهو مراد,4,وكَعْب وَهْوَ الأسْلَعُ بن عَمْرو بن سَلَمَةُ بن كَعْب بن وائِل بن كَعْب بن جَمَلُ، قَتَلَ يَوْمَ مُرّج عذراء مع حُجْر بن عَدِيّ الكِنْدِيّ.
318,333,1,وهؤلاء بنو يحابر بن مالك وهو مراد,5,والحَجَّاج بن زِيَاد بن زَيْد مَنَاةُ بن سَلَمَةُ بن كَعْب بن وائِل بن كَعْب بن جَمَلُ الشَّاعِر.
318,333,1,وهؤلاء بنو يحابر بن مالك وهو مراد,6,وعَمْرو بن مُرَّةَ بن عَبْدَ اللَهُ بن طَارِق بن الحَارِثَ بن سَلَمَةُ بن كَعْب بن وائِل، وَهْوَ وألَيَهَةَ.
318,333,1,وهؤلاء بنو يحابر بن مالك وهو مراد,7,والأَسْوَدُ بن يَزَيْد بن الجَابِر بن عَمْرو بن رَبَيعَةَ بن مَالِك بن حَلَاوَةَ بن حَيّ بن جَمَلُ، كان من أصحاب عَلي ﵇ ، وشَهِدَ مَشاهِده.
319,334,1,بنو زاهر بن مراد,1,وَوَلَدَ نمُرَّةَ بن نَاجِيَة بن مُرّاد، يُقالُ هو نمُرَّةَ بن سَعْد: الحَدَّاء، وسِلَهُم، بَطن، لَهُم مَسْجْدٌ بِمِصْرَ.
319,334,1,بنو زاهر بن مراد,2,وَوَلَدَ مُفْرِج بن نَاجِيَة: الحَارِثَ، وَهْوَ كدادة، بَطن، وقائفة؛ وَهْوَ عَامِر، وهما المصَعْبان، ويُقالُ انهما من الأزْدِ.
319,334,1,بنو زاهر بن مراد,3,وَوَلَدَ يَشْكُرَ بن نَاجِيَة: سَلَمْان، ويُقالُ انه من الأزْدِ، بَطن.
319,334,1,بنو زاهر بن مراد,4,منِهم: حَيَّان بن الحَارِثَ، قَتَلَ مع الحُسَينَ بن عَليّ ﵇ ، بالطَّفِّ.
319,334,1,بنو زاهر بن مراد,5,وأبو دُوَيْلةَ، وَهْوَ الحَارِثَ بن عَبْدَ اللَهُ الشَّاعِر.
319,334,1,بنو زاهر بن مراد,6,وَوَلَدَ رَدْمَان بن نَاجِيَة: قَرَناً، وقَانِيةَ.
319,334,1,بنو زاهر بن مراد,7,منِهم: أويسَ بن عَمْرو بن جَزْء بن مَالِك بن عَمْرو بن سَعْد بن عُصْوَان بن قَرنَ، وَهْوَ الَّذي يُقالُ لَهُ أويسَ القَرَنّي، كان مِنْ التَابِعينَ.
319,334,1,بنو زاهر بن مراد,8,وَوَلَدَ مَالِك بن نَاجِيَة: ثَعْلَبَةَ، وَهْوَ فُجاءةُ، بَطن، يُقالُ انهم من الأزْدِ.
319,334,1,بنو زاهر بن مراد,9,هَؤُلاءِ بَنو نَاجِيَة بن مُرّاد.
319,334,1,بنو زاهر بن مراد,10,وهَؤُلاءِ
319,334,1,بنو زاهر بن مراد,11,بَنو زَاهِر بن مُرّاد
319,334,1,بنو زاهر بن مراد,12,وَوَلَدَ زَاهِر بن مُرّاد: عَوْثَبانَ.
320,335,1,بنو زاهر بن مراد,1,فَوَلَد عَوْثَبانَ بن زَاهِر: عَامِرا، وعَمْراً.
320,335,1,بنو زاهر بن مراد,2,فَوَلَدَ عَامِر بن عَوْثَبانَ: زَاهِرا، وبدّا، وضَمُرَّةَ، ونَمَارَ، ووَدَاعا، وكِذْبَاناً، وقَيْسا، ومَالِكا، وبدّاً وجَدَنَاً ..
320,335,1,بنو زاهر بن مراد,3,منِهم: هُبَيْرَةَ بن عَبْدَ يَغُوث بن الغُزَيَّل بن سَلَمَةُ بن بدّا بن بن عَامِر بن عَوْثَبانَ، وَهو المَكْشُوح، كان سَيَّدَ مُرّاد.
320,335,1,بنو زاهر بن مراد,4,وابَنَه قَيْس بن المَكْشُوح، كان فَارِس مَذْحِج، وَهْوَ الَّذي قَتَلَ الأَسْوَدُ العَنْسيّ فَسَمَّتُه مُضَرُ قَيْس غَدَر، فَقَال: (لستُ غُدَر، وَلكنَّي حَتْفُ مُضَر) وَوَلَدَ زَاهِر بن عَامِر بن عَوْثَبانَ: زَوْفاً، بَطن لَهُم بِمِصْرَ مَسْجدٌ؛ والرَّبَضَ، وصُنَابِحاً، وأَعْلى، وأَنْعُمَ، وتَدُولاً، بَطن، ورُضَا، بَطن، لَهُم بِمِصْرَ مَسْجدٌ؛ والحَارِثَ، وصَبَياناً.
320,335,1,بنو زاهر بن مراد,5,وَمِنْ بَني الرَّبَضِ: صَفْوَانُ بن عَسَّال إِدْرِيس، صَحبَ النّبيّ ﷺ وعِدَادهُ في جَمَلُ.
321,336,1,بنو زاهر بن مراد,1,وَمِنْ تَدُول: عَبْدَ الرَّحمَان بن مُلْجَم بن عَمْرو بن يَزَيْد بن عَنْوَةَ بن نَفَر بن حُجَيَّةُ بن تَدُول الَّذي قَتَلَ الامام عَليّ بن ابي طَالِب ﵇ .
321,336,1,بنو زاهر بن مراد,2,هَؤُلاءِ بَنو يَحابِر بن مَالِك بن أُدَد.
322,337,1,نسب عنس بن مالك بن أدد,1,نَسَبُ عَنْسُ بن مَالِك بن أُدَد
322,337,1,نسب عنس بن مالك بن أدد,2,وَوَلَدَ عَنْسُ بن مَالِك بن أُدَد بن يَشْحُب: سَعْد الأكْبَر، وسَعْد الأصْغَر، وعَمْراً، وعَامِر، ومُعَاوِيَةَ، وعَزِيزا، وعَتِيكا، وشِهَابا، ومَالِكا، ويَامَاً، والقِرِّيَّة، يُقالُ ان بَني القِرَّيَّة مِنْ النَّمِر بن قَاسِط ..
322,337,1,نسب عنس بن مالك بن أدد,3,وعَيْنِيلاً، وهم مِنْ هَمْدَان، ينَسَبُون في قَيْس؛ وجُشَمُ بن عَنْسُ، منهم: الأَسْوَدُ بن كَعْب بنغَوْث بن صَعْب بن مَالِك بن عَنْس الَّذي تنبأَ باليَمَنِ.
322,337,1,نسب عنس بن مالك بن أدد,4,وبَنو الصَحْمِ بن قُرَّةَ بن عَزِيز بن عَنْسُ، لَهُم شرف بالشَّامِ.
322,337,1,نسب عنس بن مالك بن أدد,5,وعَمَّار، والحُرَيْثُ، وعَبْدَ اللَهُ، بَنو يأَسَرَ بن عَمَّار بن مَالِك بن كِنَانةَ بن قَيْس بن الجُعَيْد بن الوَذِيم بن ثَعْلَبَةَ بن عَوْف بن حَارِثَةَ بن عَامِر
323,338,1,نسب عنس بن مالك بن أدد,1,الأَكْبَر بن يَام بن عَنْسُ؛ وقَتَلَتْ حُرَيْثاً بَنو الدِيل.
323,338,1,نسب عنس بن مالك بن أدد,2,وشَهِدَ عَمَّار المَشَاهد كُلَّها مع النبيَّصلى الله عليه وسلم. وأَسْلَمَ عَمَّارُ، وأَبُوُه وأُمَّهُ سُمَّية، وأَخُوهُ عَبْدَ اللَهُ، وَهُم يُعَذَبون، فَقَأل: ﷺ صَبْراً آل يَاسِرٍ، فَإِنَّ مَوعِدَكمُ الجَنَّة)).
323,338,1,نسب عنس بن مالك بن أدد,3,هَؤُلاءِ بَنو مَالِك بن أُدَد بن يَشْجُب بن زَيْد كَهْلان، وهم اخر مَذْحِج.
324,339,1,نسب الأشعرين,1,نَسَبُ الأَشْعَرِيّن
324,339,1,نسب الأشعرين,2,وَوَلَدَ نَبْت بن أُدَد بن يَزَيْد، وَهْوَ الأَشْعَرِ، وَلَدِته أُمَّهُ وَهْو أَشْعَر: الجُمَاهِرَ، والأَتْغَمُ، وتأَدْغَم، والأَرْغَم، وجُدَّةَ، وعَبْدَ شَمْس، وعَبْدَ الثُّرَيَّا.
324,339,1,نسب الأشعرين,3,فَوَلَد الجُمَاهِرُ بن الأَشْعَرِ: نَاجِيَة، والحَنِيكَ، وَهْو الأَيْسَرُ، وَهْو الَّذي بَغَى بَعْدَ إِيَاد؛ وحَسَّانُ، والحُدَال، وآظَةَ، وَركاءاً.
324,339,1,نسب الأشعرين,4,فَوَلَدَ الحَنِيكَ بن الجَمَاهِر: بَجِيلَةَ، وبِشْرًا، ومُرّاضة، وسَابيَة، ومحدورا، وزَعَالِجاً، وثَابِراً وسَدُوساً، وعَدْلاً، قَبائل كلَهّم.
324,339,1,نسب الأشعرين,5,وَوَلَدَ نَاجِيَة بن الجُمَاهِر: وائِلاً، وزَخْرانَ، وعُسَانَةَ، ويَرَعَاً، وأَسيداً، وأَرَهلاً، وصُنَامَةَ، وقرَّاً كلَهُم بُطُون.
324,339,1,نسب الأشعرين,6,وَوَلَدَ الأَدْغَمُ بن الأَشْعَرِ: يَثِيعا، وثُوَيْبا.
324,339,1,نسب الأشعرين,7,فَوَلَدَ يَثِيعُ بن الأَدْغَم: يُسْراً، وأَصَاغِراً، وأَنْفَاراً والأهلَ، ويغابِرَ، وعَمْراً، وسَعْداً، ومُرَّةَ، والرُّحابيَّة.
325,340,1,نسب الأشعرين,1,وَوَلَدَ الأَتْغَمُ بن الأَشْعَرِ: عَبْدَ اللَهُ، وهو الأَجْرُوف، ومَسْتوراً، وزَيْداً، ويُقالُ لِمَسْتُورٍ الرَّكْب، ويُقالُ ان الرَّكْب بن جُعْفيّ، خَرَجو مُغَاضِبِينَ لَقَومِهِم فَلَحقوا بالأَشْعَرِييّن فانْتَسَبوا فيهم، بَطن.
325,340,1,نسب الأشعرين,2,منِهم: ابو مُوسى، عَبْدَ اللَهُ بن قَيْس بن عَمْرو بن كَعْب بن سُلَيْم بن عَليّ بن كَاهِل بن عَبْدَ اللَهُ بن الرَّكْب صَحبَ النَبيَّ ﷺ .
325,340,1,نسب الأشعرين,3,وأَخُوهُ ابو رُهْم بن قَيْس؛ وابو رزامة بن قَيْس.
325,340,1,نسب الأشعرين,4,وأَبو مُسَافِع بن عُبِيْد بن خَالِد بن نَوْفَل بن جُهَاف بن رَفْد بن ذِي يرع بن ذِي الجَولان بن هبال بن نَبْت بن الثُمَيْل بن قَرْعَب بن نَاجِيَة بن الجَمَاهِر بن الأَشْعَر، قَتَلَ يَوْمَ بَدْرُ كافِرا، وكانَ حَلِيفا لبَني مَخْزُوم بن يَقَظَةَ.
325,340,1,نسب الأشعرين,5,ومنِهم مَالِك بن ابي طَالِب، وهو عَامِر بن هانئ بن كُلْثَوم بن سَيْف بن جُهاف بن رَفْد بن ذِي يرع بن ذِي الجَوْلان بن هَبال بن نَبْت بن الثُمَيْل بن قَرْعَب مِمَن رَكِبَ السَفِينَةَ.
326,341,1,نسب الأشعرين,1,مِنْ وَلَدِه: عَبْدَ اللَهُ بن سَعْد بن مَالِك بن عَامِر وَوَلَدَه لَهُم عَدَدٌ كَثِير.
326,341,1,نسب الأشعرين,2,ومنِهم السَّائِب بن مَالِك بن عَامِر، قُتِلَ مَعَ المُخْتَارِ وكانَ على شُرَطَهِ.
326,341,1,نسب الأشعرين,3,ومنِهم: عَبْدَ اللَهُ بن عَبْدَ الرَّحمَان بن عَامِر بن عِضَاة بن نَمر بن يَارِض بن كَركور بن عَامِر بن غَدَر بن وائِل بن نَاجِيَة بن الحَنِيكَ بن الجُمَاهر، كانَ مِنْ أَشَرافِ أَهلِ الشَّامِ مع مُعَاوِيَةَ.
326,341,1,نسب الأشعرين,4,ومنِهم: الضَحَّاكُ بن عَبْدَ الرَّحمَان بن عَرْزَم بن حطَّام بن زِيَاد بن دُخَان بن حُيَيّ بن كاهِل بن عَبْدَ اللَهُ بن الرَّكْب بن كاهل بن الأَثْغَمِ بن الأَشْعَرِ، من أهلَ الشَّامِ.
326,341,1,نسب الأشعرين,5,ومنِهم: ابو قَبِيلٍ حَيُّ بن هَانئ بن نَاضِ بن مُتبِع بن مَالِك بن متعان بن زُرْعَةَ بن مَلِكان بن بُجَيْد بن وَائِل بن شَبِيب بن الحَنِيك بن الجُمَاهِر بن الأَشْعَر، كانَ مِنْ أَشرَاف أَهْل مِصْر، وعَنهُ رَوى أَهلُ مِصْر عِلْمَ الحربان.
326,341,1,نسب الأشعرين,6,ومنهم: سُرَيع بن مَاتِع بن مَالِك بن مَنْعَان بن زُرْعَةَ بن مَلْكَان بن بُجَيد بن وَائِل بن شَبِيب، لَهُم بِمِصْرَ مَسْجْدٌ بالمَعَافِر.
326,341,1,نسب الأشعرين,7,ومنِهم: شَعْرُ بن حَوْشَب بن عُصْم بن كُرَيْبُ بن هانئ بن رَبِيعةَ بن عَامِر
327,342,1,هؤلاء بنو عمرو بن الغوث بن نبت ابن مالك بن زيد بن كهلان بن سبأ,1,ابن غَدَر بن وائِل بن نَاجِيَة، مِنْ أَشَرافِ أَهل الشَّامِ.
327,342,1,هؤلاء بنو عمرو بن الغوث بن نبت ابن مالك بن زيد بن كهلان بن سبأ,2,ومنِهم: جُنَادَةُ بن شُرَيْح بن عَامِر بن مَاتِع بن جَاشِم بن حَسِيب بن عَرِيب زحْرَان بن قَرْعَب بن نَاجِيَة، كانَ على رُبعِ المعَافِر بِمِصْرَ.
327,342,1,هؤلاء بنو عمرو بن الغوث بن نبت ابن مالك بن زيد بن كهلان بن سبأ,3,وشُرَحْبِيل بن مَالِك بن جَاشِم بن حَسِيب بن عَرِيب بن زحْرَان بن قَرْعَب بن نَاجِيَة، كان صَاحبَ رَايتهم يَوْم الفَتح.
327,342,1,هؤلاء بنو عمرو بن الغوث بن نبت ابن مالك بن زيد بن كهلان بن سبأ,4,وعَلْقَمَةَ بن عَمْرو بن عَلْقَمَةَ بن المُنْذِر بن جَاشِم بن حَسِيب بن عُرَيّب بن زحْرَان، كان عَرِيفهم يَوْم الفَتْحِ.
327,342,1,هؤلاء بنو عمرو بن الغوث بن نبت ابن مالك بن زيد بن كهلان بن سبأ,5,هَؤُلاءِ بَنو الأَشْعَرِ بن أُدَدِ بن يَشْجُب بن عَرِيب بن كَهْلان؛ وَهُم آخِر بَني عَرِيب بن زَيْد بن كَهْلان، والحَمْدَ للَهُ رَبّ العَاَلمين.
327,342,1,هؤلاء بنو عمرو بن الغوث بن نبت ابن مالك بن زيد بن كهلان بن سبأ,6,هَؤُلاءِ بَنو عَمْرو بن الغَوْث بن نَبْت ابن مَالِك بن زَيْد بن كَهْلان بن سَبَأ
327,342,1,هؤلاء بنو عمرو بن الغوث بن نبت ابن مالك بن زيد بن كهلان بن سبأ,7,وَوَلَدَ مَالِك بن زَيْد بن كَهْلان بن سَبَأ بن يَشْجُب بن يَعْرب بن قَحْطَان: نَبْتاً والخيَار.
327,342,1,هؤلاء بنو عمرو بن الغوث بن نبت ابن مالك بن زيد بن كهلان بن سبأ,8,فَوَلَد نَبْت بن مَالِك بن زَيْد: الغَوْث.
327,342,1,هؤلاء بنو عمرو بن الغوث بن نبت ابن مالك بن زيد بن كهلان بن سبأ,9,فَوَلَدَ الغَوْث بن نَبْت بن مَالِك بن زَيْد بن كَهْلان: عَمْراً، والأزْدِ، وقُدَاراً، ومُقَطِّعاً.
327,342,1,هؤلاء بنو عمرو بن الغوث بن نبت ابن مالك بن زيد بن كهلان بن سبأ,10,فَوَلَدَ عَمْرو بن الغَوْث: إِرَشاً.
328,343,1,وهؤلاء بنو بجيلة,1,فَوَلَدَ إِرَاشُ بن عَمْرو بن الغَوْث بن نَبْت بن مَالِك: أَنْماراً.
328,343,1,وهؤلاء بنو بجيلة,2,فَوَلَدَ أَنْمار بن إِرَاشُ: اقْيَلَ، وَهو خَثْعَم، أُمَّهُ: هِنْدُ بِنْت مَالِك بن الغَافِق بن الشّاهد بن عَكٍ.
328,343,1,وهؤلاء بنو بجيلة,3,وعَبْقُراً، وصُهَيْبَةَ؛ وخُزَيمَةَ، دَخَلَ في الأزْدِ؛ ووَادِعَةَ، بَطن، مَعَ بَني عَمْرو بن يَشْكُر، وأَسْهَلَ وشَهْلً، وطَرِيفاً، وسُنَيَةَ، وجُدَاعةَ، والحَارِثَ، والغَوْث، أُمَّهُم: بَجِيلَةَ بِنْت صَعْب بن سَعْد العَشِيرَةِ بها يُعرَفون.
328,343,1,وهؤلاء بنو بجيلة,4,وإِنَّما سُمَّي خَثْعَمٌ خَثْعَماً بجَمَلُ لَهُ يُقالُ خَثْعَم، فَقِيلَ يحَمِلُ إلى خَثْعَم، نَزَل إلى خَثْعَم، هكذا كانَ الكَلْبيُّ يقولُ.
328,343,1,وهؤلاء بنو بجيلة,5,ويُقالُ إِنَّ أَقْيَل بن أَنْمار لَمَّا تَحَالَفَ وَلَدِه على سَائِرِ إِخَوِتِهم نَحَروا بَعِيرا ثُمَّ تَخَثْعَموا بِدَمِهِ، أي تَلَطَّخوا بهِ في لُغَتِهم.
328,343,1,وهؤلاء بنو بجيلة,6,وهَؤُلاءِ بَنو بَجِيلَةَ
328,343,1,وهؤلاء بنو بجيلة,7,فَوَلَدَ عَبْقُر بن أَنْمار: مَالِكا، وَهو قَسْر، بَطن، وعَلْقَمَةَ، بَطن، أُمَّهُما: نُعم بِنْت خُنَيْس بن سَعْد بن فِطْرَة بن طيَّيء.
328,343,1,وهؤلاء بنو بجيلة,8,وهَؤُلاءِ بَنو قَسْر بن عَبْقُر
328,343,1,وهؤلاء بنو بجيلة,9,فَوَلَدَ قَسْر بن عَبْقُر: نَذِيراً، أُمَّهُ: لَمْيسُ بِنْت بدا بن عَامِر بن عَوْثَبان بن مُرَاد.
329,344,1,وهؤلاء بنو قسر بن عبقر,1,فَوَلَدَ نَذِيراً بن قَسْر: سَعْداً، وأَفْصَى، بَطن، وعَلْقَمَةَ، وأَفْرَكَ، وعُرَيْنَةَ، بَطن واسِعٌ، أُمَّهُم: كَبْشَةُ بِنْت زَيْد بن الغَوْث بن أَنْمار.
329,344,1,وهؤلاء بنو قسر بن عبقر,2,فَوَلَدَ سَعْد بن نَذِير: مَالِكاً.
329,344,1,وهؤلاء بنو قسر بن عبقر,3,فَوَلَدَ مَالِك بن سَعْد: عَليَّاً، والرَبَعَةُ بَطن، وذُبيَانَ وسَلَمَةُ بَطن، وَوالِية، والعَوْدَ، وعَادِيةَ والعُريَان، ونَصْراً، وعُرَيَناً، وقَاسِطاً بُطون صِغَار.
329,344,1,وهؤلاء بنو قسر بن عبقر,4,فَوَلَدَ عَليُّ بن مَالِك بن سَعْد بن زَيْد: حَرْباً، ويَشْكُرَ، وثَعْلَبَةَ.
329,344,1,وهؤلاء بنو قسر بن عبقر,5,فَوَلَدَ حَرْب بن عَليّ بن مَالِك: خُزَيمَةَ بَطن، ووَثِيراً وَهم قَاسط.
329,344,1,وهؤلاء بنو قسر بن عبقر,6,فَمِن بَني خُزَيْمَةَ: جَرِيرُ بن عَبْدَ اللَهُ بن جَابِر، وهو الشُلَيْلُ بن مَالِك بن نَصْر بن ثَعْلَبَةَ بن جُشَمُ بن عُوَيْف بن خُزَيمَة، صَحَبَ النَبيّ ﷺ ونزلَ قَرْقَيْسياء.
329,344,1,وهؤلاء بنو قسر بن عبقر,7,وَوَلَدَ يَشْكُرُ بن عَليّ: عَمْراً، بَطن.
329,344,1,وهؤلاء بنو قسر بن عبقر,8,منِهم: عَبْدَ شَمْس بن ابي عَوْف بن عُوَيْف بن مَالِك بن ذُبيانَ بن ثَعْلَبَةَ بن عَمْرو بن يَشْكُرَ، ووَفَد عَلَى النَبيّ ﷺ فَسَمَّاهُ عَبْدَ اللَهُ.
330,345,1,وهؤلاء بنو قسر بن عبقر,1,والحُصَيْن بن مَالِك بن ابي عَوْف بن عُوَيْف، قَدِمَ على بَجِيلَةَ يَوْمَ القَادِسيَّةَ.
330,345,1,وهؤلاء بنو قسر بن عبقر,2,"وعَوْف بن عَامِر بن ابي عَوْف، وهو صَاحِب النَذِي العُريَانِ؛ يَوْمَ ذِي الخَلَصَةَ حَمل عَليّه فَقَطع يَدَهُ وَيَدَ امُرّأته، وكانتَ مِن بَني عُتْوَارَةَ بن عَامِر بن لَيْث بن بَكر بن عَبْدَ مَنَاةُ، وجاء يَوْمَ الخَلَصَةِ إلى قَوْمِهِ فَقَأل: "" أَنا النَذِير العُريَان "" فسُمَّي نَذِير العُرَيان."
330,345,1,وهؤلاء بنو قسر بن عبقر,3,وابو أَرَكةَ بن عَامِر بن عَمْر بن مَخمر بن ذُبَيان بن ثَعْلَبَةَ، الَّذي يُقالُ لداره بالكُوفَةِ دار ابي أَرَكةَ، كان شَرِيفُا، وكانتْ عِنَدهُ ابنَة جَرِير ابن عَبْدَ اللَهُ، فَوَلَدِت لَهُ جَارِيةً، فتَزَوَّجَهَا سَعْيد بن العَاص بن سَعْيد بن العَاص، فَوَلَدِت لَهُ جَرِيرا، ومَالِكا.
330,345,1,وهؤلاء بنو قسر بن عبقر,4,وزُهَيْر بن القَيْنِ بن الحَارِثَ بن عَامِر بن سَعْد بن مَالِك بن ذُهْل بن عَمْرو بن يَشْكُر، قَتَلَ مَعَ الحُسِين بن عَليّ ﵇ بالطَّفِّ وَهْوَ الَّذي يقولُ يَوْمَ الطَّفّ:
331,346,1,وهؤلاء بنو قسر بن عبقر,1,انا زُهَيْر وأَنَا ابنُ القَيْنَ … أَذُوذُهم بالسَّيْف عَن حُسَين
331,346,1,وهؤلاء بنو قسر بن عبقر,2,وأَمَّا الرَبَعَةُ بن مَالِك، فهم بِنَجْرانَ في اليَمَنِ مع بَني الحَارِثَ بن كَعْب، وبالكُوفَةِ منِهم ناسٌ.
331,346,1,وهؤلاء بنو قسر بن عبقر,3,فَوَلَدَ الرَبَعَةُ بن مَالِك: عَبْدَاً، ورُهْماً.
331,346,1,وهؤلاء بنو قسر بن عبقر,4,فَوَلَدَ الرَّبَعَةُ بن مَالِك: عَبْدَاً، ورُهْماً.
331,346,1,وهؤلاء بنو قسر بن عبقر,5,وأَمَّا ذُبيانُ بن مَالِك فهم بالسَرَاةِ.
331,346,1,وهؤلاء بنو قسر بن عبقر,6,وَوَلَدَ أَفْصَى بن نَذِير بن قَسْر: غَانِماً، وهو أَفْرَكَ، وسَهْرانَ، وبَكْراً.
331,346,1,وهؤلاء بنو قسر بن عبقر,7,منِهم ثَابِت بن خُوِيْلد بن عَامِر بن ابي نُسَيْبَةَ بن عُتْبَة بن عَوْف بن عَبْدَ نَصْرُ بن ثَعْلَبَةَ بن مُعَاوِيَةَ بن بَكر بن أَفْصَى، وكان شَرِيفُا بالشَّامِ مع الضَحَّاكِ ابن قَيْس؛ قَتَلَتْهُ كَلْب يَوْمَ المَرْجِ.
331,346,1,وهؤلاء بنو قسر بن عبقر,8,ومنِهم: جَرِير بن زُهَيْر بن ذِي السَّنَّ بن وَثَنُ بن أَصْعَر بن عَمْرو بن جَلِيحَةَ بن لُؤَيَّ بن بَكر بن ثَعْلَبَةَ بن عَامِر، وأُمَّهُ أُخْت جَرِير بن عَبْدَ اللَهُ.
331,346,1,وهؤلاء بنو قسر بن عبقر,9,وَوَلَدَ أَيْثَعُ بن نَذِير عَليّاً، بَطن، فيهم العَدَدٌ اليَوْمَ والشَّرَفُ بالشَّرَاةِ.
331,346,1,وهؤلاء بنو قسر بن عبقر,10,فَوَلَدَ عَليّ بن أَيْثَعُ: رُهْما، وبَكراً، وأُكَيْمَةَ.
331,346,1,وهؤلاء بنو قسر بن عبقر,11,منِهم: عُلَيل بن مُحَمَّدُ الرَّاوِيَةَ بالكُوفَةِ.
331,346,1,وهؤلاء بنو قسر بن عبقر,12,وَوَلَدَ عُرَيْنَةُ بن نَذِير: هَوَازِن، والرَّبَعَةَ، ومَالِكاً.
331,346,1,وهؤلاء بنو قسر بن عبقر,13,منِهم حَبَّةُ بن جُوَيْن بن غَنيّ بن نُهْم بن مَالِك بن غَانم بن مَالِك
332,347,1,وهؤلاء بنو قسر بن عبقر,1,بن هَوَازِن، شَهِدَ المشاهد مَعَ عَليّ بن ابي طَالِب ﵇ .
332,347,1,وهؤلاء بنو قسر بن عبقر,2,ومنِهم: بَنو موَهْبة بن الرَبَعَةُ بن عُرَيْنَةَ مع بَني سَلُول بن صَعْصَعَةَ بن مُعَاوِيَةَ بن بَكْر بن هَوَازِن بن قَيْس.
332,347,1,وهؤلاء بنو قسر بن عبقر,3,وَوَلَدَ أَفْرَكَ بن أَفْصَى بن نَذِير: رُهْما، ومُعَاوِيَةَ.
332,347,1,وهؤلاء بنو قسر بن عبقر,4,فَوَلَدَ رُهْم بن أَفْرَكَ: يَشْكُرَ.
332,347,1,وهؤلاء بنو قسر بن عبقر,5,فَوَلَدَ يَشْكُرَ بن رُهْم: صَعْباً، بَطن، وسَعْداً.
332,347,1,وهؤلاء بنو قسر بن عبقر,6,فَوَلَد صَعْب بن يَشْكُر: شِقَّاً الكَاهِن، وبَجَالَةَ، والمَرَامِلَ، ونَصْراً، وأَسْلَمَ.
332,347,1,وهؤلاء بنو قسر بن عبقر,7,منِهم خَالِد بن عَبْدَ اللَهُ بن يزَيْد بن أَسَدِ بن كُرْز بن عَامِر بن عَبْدَ اللَهُ بن عَبْدَ شَمْس بن غَمْغَمَةَ بن جَرِير بن شِقِّ بن صَعْب بن يَشْكُر بن رُهْم بن أَفْرَكَ بن أَفْصَى بن نَذِير بن قَسْر، وهو مَالِك بن عَبْقُر بن أَنْمار، وَليَ العِراقَ وَمكَّةَ.
333,348,1,وهؤلاء بنو قسر بن عبقر,1,وأَخُوهُ أَسَدِ بن عَبْدَ اللَهُ، ولي خرَأسَان لَهُشَّامِ بن عَبْدَ الملِك.
333,348,1,وهؤلاء بنو قسر بن عبقر,2,والضُّرَيْس بن عَبْدَ اللَهُ بن هَرْميّ بن يَشْكُرَ بن عَامِر بن سَعْد بن الضُّرَيْس بن جَرِير بن شِقّ ومُحَمَّدُ بن الأَشيِم بن عَامِر بن سُبَيْع بن بِلَالُ بن جَرِير بن شِقّ، وعِدَادُه في بَني عَمْرو بن يَشْكُر.
333,348,1,وهؤلاء بنو قسر بن عبقر,3,ومنِهم: أُمَيمَةُ بِنْت الوَلِيد بن عني بن أَبي حَرْمَلَةَ تَزَوَّجَهَا الوَلِيد بن المغَيْرة بن عَبْدَ اللَهُ بن عَمْرو بن مَخْزُوم القُرَشِيّ فَوَلَدِت لَهُ هِشَّامِا والمغَيْرة.
333,348,1,وهؤلاء بنو قسر بن عبقر,4,وصَخْرُةُ بِنْت الحَارِثَ بن عَبْدَ اللَهُ بن عَبَّادة بن عَليّ بن قَيْس بن إيَاد بن مُعَاوِيَةَ بن أَفْرَكَ بن نَذِير، كانتْ عِنْدَ المُغِيرة بن عَبْدَ اللَهُ بن عَمْرو بن مَخْزُوم القُرَشِيّ، فَوَلَدِت لَهُ الوَلِيد، وعَبْدَ شَمْس، بَني المُغَيْرة.
333,348,1,وهؤلاء بنو قسر بن عبقر,5,ومنِهم: أَسَدُ بن عَمْرو بن عَامِر بن عَبْدَ اللَهُ بن عَمْرو بن عَامِر بن أَسْلَم بن صَعْب بن يَشْكُر، وَليَ القَضَاءَ بِمَدِينةِ السَّلَامِ بالشَّرقيَّةِ بَعْد وَاسِط وهو صَاحِب أَبي حَنِيَفَة.
333,348,1,وهؤلاء بنو قسر بن عبقر,6,هَؤُلاءِ بَنو قَسْر بن عَبْقُر
334,349,1,وهؤلاء بنو الغوث بن أنمار,1,وَوَلَدَ عَلْقَمَةَ بن عَبْقُر: جَرْماً، ومُرَاداً، ومَالِكاً، وكَعْباً.
334,349,1,وهؤلاء بنو الغوث بن أنمار,2,منِهم: السَّمْطُ بن مُسْلِم بن عَبْدَ اللَهُ بن حُيَيُّ بن عَبْدَ أهلَهُ بن هِلَال بن مَازِنُ بن سَعْد بن مَالِك بن ثَعْلَبَةَ بن جَرْم، وَليَ لخَالِد بن عَبْدَ اللَهُ.
334,349,1,وهؤلاء بنو الغوث بن أنمار,3,هَؤُلاءِ بَنو عَبْقُر بن أَنْمار.
334,349,1,وهؤلاء بنو الغوث بن أنمار,4,وهَؤُلاءِ بَنو الغَوْث بن أَنْمار
334,349,1,وهؤلاء بنو الغوث بن أنمار,5,وَوَلَدَ الغَوْث بن أَنْمار: أَحْمَسُ، بَطن، وزَيْداً، بَطن، وقَيْس كُبَّة، بَطن سُمَّي بفرسٍ لَهُ يُقالُ كُبَّة.
334,349,1,وهؤلاء بنو الغوث بن أنمار,6,فَوَلَد أَحْمَسُ بن أَسْلَم: (أَسْلَماً) فَوَلَدَ أَسْلَم بن أَحْمَسُ: مُعَاوِيَةَ، وعَلِيَّاً، وعَوْفاً.
334,349,1,وهؤلاء بنو الغوث بن أنمار,7,فَوَلَدَ مُعَاوِيَةَ بن أَسْلَم: رُهْماً، ودُهْنُاً، بَطن، وسَعْداً. فَوَلَدَ رُهْم بن مُعَاوِيَةَ: لُؤَيَّاً، ومُنَبَّهاً، بَطن.
334,349,1,وهؤلاء بنو الغوث بن أنمار,8,فَوَلَدَ مُنَبَّه بن رُهْم: سَمُرَّةَ، ومَالِكاً ووائِلاً، ووأَسَداً، والحَارِثَ، دَخَلا في بَني سُدُوس بالبَحْرَين يُقالُ لَهُم عُقَيْدَة.
334,349,1,وهؤلاء بنو الغوث بن أنمار,9,فَوَلَدَ لُؤَيَّ بن رُهْم: عَمْراً، وقُدَاداً.
334,349,1,وهؤلاء بنو الغوث بن أنمار,10,فَوَلَدَ عَمْرو بن لُؤَيَّ: نَفْراً، بَطن، وأَسلَمَ، بَطن، وكَلْباً، بَطن.
334,349,1,وهؤلاء بنو الغوث بن أنمار,11,فَمِنْ بَني نَفْر: حُصَيْنُ، وهو أَبو حَبَّةُ، بن سَلَمَةُ بن هِلَال بن عَوْف بن جُشَمُ بن نَفْرٍ الشَّاعِر.
335,350,1,وهؤلاء بنو الغوث بن أنمار,1,وَطَارِقُ بن شِهَاب بن عَبْدَ شَمْس بن سَلَمَةُ بن هِلَال بن عَوْف، كانَ شَرِيفاً ويُحَدَّثُ عَنه ومن بَني كَلْب: خُوَيْلدُ بن هِلَال بن عَامِر بن عَائِذ بن كَلْب، وهو ذُو العُنُقِ.
335,350,1,وهؤلاء بنو الغوث بن أنمار,2,وابَنَه الحَجَّاج، كانض شَرِيفاً.
335,350,1,وهؤلاء بنو الغوث بن أنمار,3,وابو حَازِم، وهو عَوْف بن عَبْدَ الحَارِثَ بن عَوْف بن حُشَيْش بن هِلَال بن الحَارِثَ بن رِزَاح بن كَلْب، كانَ شَرِيفاً.
335,350,1,وهؤلاء بنو الغوث بن أنمار,4,وابَنَه قَيْس بن ابي حَازِم الفَقِيه.
335,350,1,وهؤلاء بنو الغوث بن أنمار,5,وابو طَارِق، وَهو رَبِيعةَ بن خُوِيْلد بن سَلَمَةُ بن هِلَال بن عَائِذ بن عَامِر بن عَائِذ بن كَلْب، كانَ شَرِيفاً.
335,350,1,وهؤلاء بنو الغوث بن أنمار,6,جِبْرِيل بن يَحيَى بن قُرَّةَ بن عُبِيْدة اللَهُ بن عُتْبَة بن سَلَمَةُ بن خُوِيْلد بن عَامِر بن عَائِذ بن كَلْب بن عَمْرو، وكانَ قَائِدا مَعَ أَبو جَعْفَرٍ المَنْصُور، وإليهِ تُنْسَبُ حَرْبَة جِبْرِيل في مِصْرَ بالحَمَراء.
335,350,1,وهؤلاء بنو الغوث بن أنمار,7,وَوَلَدَ دُهْنُ بن مُعَاوِيَةَ بن أَسْلَم: عَبْدَ اللَهُ، ومُعَاوِيَةَ، وثَعْلَبَةَ.
335,350,1,وهؤلاء بنو الغوث بن أنمار,8,منِهم: عَزْرَةُ بن قَيْس بن عَزَمَةَ بن أَوْس بن عَبْدَ اللَهُ بن ضُبَارَةَ بن عَامِر بن عَبْدَ اللَهُ بن دُهْنُ، كانَ شَرِيفاً.
336,351,1,وهؤلاء بنو الغوث بن أنمار,1,وَوَلَدَ سَعْد بن مُعَاوِيَةَ بن أَحْمَسُ: أَسْلَمَ، ورُهْماً، والحَارِثَ، ومُرَّةَ، وعَليَّاً.
336,351,1,وهؤلاء بنو الغوث بن أنمار,2,منِهم الأَزْوَرُ بن سَلَمَةُ بن مُرَّةَ بن سَعْد الشَّاعِر.
336,351,1,وهؤلاء بنو الغوث بن أنمار,3,وَوَلَدَ عَليّ بن أَسْلَم بن أَحْمَس: عَمْراً، وضَبِيساً، ومَطُروداً.
336,351,1,وهؤلاء بنو الغوث بن أنمار,4,منِهم صَخْرُ، وَهْو أَبو حَازِم بن هِلَال بن العَبَلةَ بن عَبْدَ اللَهُ بن رَبِيعَةَ بن عَمْرو بن عَليّ، اليه البَيْتِ.
336,351,1,وهؤلاء بنو الغوث بن أنمار,5,وابو شَدَّاد، وَهْو قَيْس بن المَكْشُوحِ بن هِلَال بن الحَارِثَ بن عَمْرو بن عَامِر بن عَليّ بن أَسْلَم بن أَحْمَس، قَتِلَ يَوْمَ صِفَّين مَعَ عَليّ بن أَبي طَالِب ﵇ .
336,351,1,وهؤلاء بنو الغوث بن أنمار,6,وشِبْلُ بن مَعَبْدَ بن عُبِيْد بن مُنْقِذ بن عَمْرو بن عَامِر بن عَليّ بن أَسْلَم، وَهْوَ ممَّن شَهِدَ على المغَيْرة بن شُعْبَةَ.
337,352,1,وهؤلاء بنو الغوث بن أنمار,1,وابَنَه عَبْدَ اللَهُ بن شِبْل، الشَّاعِر؛ وَهُم أهْل بَيْت يَسْكُنونَ البَصْرَةِ، لَيْس بها مِنْ بَجِيلَةَ غَيرهُم، وعِدَادهم في ثَقِيفٍ؛ وقد كان أَميرُ المُؤمِنين عمُرّ بن الخَطَّاب ﵁ استعملَهُ على شَيئ، وَفِيهِ يَقولُ أَبو المُخْتَارِ الكِلَابي، وَوَشَي بِعُمَّال عُمَرَ:
337,352,1,وهؤلاء بنو الغوث بن أنمار,2,وشِبْلاً فَسَلَهُ المَالَ وآبْنَ مُحرِّش … فَقَدْ كانَ في أهْلِ الرَّساتِيقِ ذَا ذِكْرُ
337,352,1,وهؤلاء بنو الغوث بن أنمار,3,وَقَدَ كانَ ابن مُحَرَّشٍ عَامِلا لعَمَرَ أَيضاً، يُكَنَّى أَبَا مَرْيَم.
337,352,1,وهؤلاء بنو الغوث بن أنمار,4,وَوَلَدَ عَوْف بن أَسْلَم بن أَحْمَسُ: مُرّاً، وعَدِيّاً، وابا سَعْيد.
337,352,1,وهؤلاء بنو الغوث بن أنمار,5,منِهم: حَاجِزُ بن حَازِم بن مَعَاذِ بن سُفَيان بن عَوْف بن عَمْرو بن خَالِد بن هِلَال بنعَبْدَ اللَهُ بن مُرّ، وَليَ سوراً، ونَهْرَ المَلِك، في زَمَنِ أَبو جَعْفَرٍ المنْصور.
338,353,1,وهؤلاء بنو الغوث بن أنمار,1,وَوَلَدَ زَيْد بن الغَوْث: مُعَاوِيَةَ، وعَنَّةَ.
338,353,1,وهؤلاء بنو الغوث بن أنمار,2,فَوَلَدَ مُعَاوِيَةَ بن زَيْد: ثَعْلَبَةَ، وعَامِراً، وكِنَانةَ، وعَمْراً، وكِشْداً.
338,353,1,وهؤلاء بنو الغوث بن أنمار,3,فَوَلَد ثَعْلَبَةَ بن مُعَاوِيَةَ: قُدَاداً، وفِتْيَانُ، بَطن، وذُبيَانَ، وَهْوَ الحُطَم.
338,353,1,وهؤلاء بنو الغوث بن أنمار,4,فَوَلَدَ فِتْيَانُ بن ثَعْلَبَةَ: قُرَيْعاً، بَطن، بالنَّهْرينِ، لَهُم عَدَدٌ وجَمَاعَةَ؛ وثَعْلَبَةَ، وبَدْراً.
338,353,1,وهؤلاء بنو الغوث بن أنمار,5,فَوَلَدَ قُدَاد بن ثَعْلَبَةَ: عَامِرا، وَهو مُقَلَّدُ الذَّهَبِ، وعَبْدَ اللَهُ.
338,353,1,وهؤلاء بنو الغوث بن أنمار,6,فَوَلَدَ عَامِر بن قُدَاد: عَوْفاً، وجُشَمُ، وعَليَّاً، وعَادِيَةَ، وعُشَيْرَةَ، وسَعْداً؛ رَهْطُ أَبَان بن الوَلِيد بن مَالِك بن عَبْدَ اللَهُ بن أَبي حُسَيبَة بن الحَارِثَ بن عَامِر بن عَامُرَّةَ بن سَعْد الَّذي مَدَحَهُ الكُمَيْتُ.
338,353,1,وهؤلاء بنو الغوث بن أنمار,7,ومنِهم من بَني عُشَيرة: عَمْرو بن الخَنَارِم، الشَّاعِر، واسمَاعِيلُ بن واسِط، وَليَ الشُرَطَ وَمِنْ بَني عَادِيَةَ: القَاسِمُ بن عَقِيلُ بن أَبي عَمْرو.
338,353,1,وهؤلاء بنو الغوث بن أنمار,8,وكُعَيبُ بن عُرَيّج بن الحَارِثَ بن عَبْدَ اللَهُ بن مَالِك بن هِلَال بن عَادِيةَ، وَهو الَّذي جَرَّ الفِجَار بَينَ بَجِيلَةَ وكَلْب ولَهُ في ذلك أَبَيَات.
339,354,1,وهؤلاء بنو الغوث بن أنمار,1,وَوَلَدَ فِتْيَانُ بن ثَعْلَبَةَ: قُرَيْعاً، وبَدَاً.
339,354,1,وهؤلاء بنو الغوث بن أنمار,2,منِهم: رِفَاعَةُ بن شَدَّاد بن عَبْدَ اللَهُ بن بِشْر بن بَدَا، كانَ مِنْ أَصْحَابِ عَليّ بن أَبي طَالِب ﵇ شَهِدَ يَوْم عَيْن الوَردَةِ، فَنَجى وثَلثمَائَة.
339,354,1,وهؤلاء بنو الغوث بن أنمار,3,وَوَلَدَ عَبْدَ اللَهُ بن قُدَاد: سَعْداً، ونُصَيْبا، حيُّ باليَمَامَة.
339,354,1,وهؤلاء بنو الغوث بن أنمار,4,فَوَلَدَ سَعْد بن عَبْدَ اللَهُ: سُحْمَةَ، بَطن، وحَيَّانَ، وعَمُرَّةَ، وَهي أُمُّ خَارِجَة؛ تَزَوَّجَهَا رَجُل من إيَاد فَفَرَّقَ بَينهُما أَبن أَخِيها خَلَفُ بن دُعَج ابن سَعْد؛ ثُمَّ خَلَفَ عَليها بَكْرُ بن يَشْكُر بن عَدْوَان، فَوَلَدِتْ لَهُ خَارِجَةَ، فكُنَّيِتْ بهِ؛ ثُمَّ تَزَوَّجَهَا عَمْرو بن رَبَيعَةَ بن حَارِثَةَ بن عَمْرو مُزَيْقِياً، فَوَلَدِتْ لَهُ سَعْداً أَبَا المُصْطَلِق، والحَيَا، ثُمَّ خَلَفَ عَليها بَكْرُ بن عَبْدَ مَنَاة، فَوَلَدِتْ لَهُ لَيْثاً، والدُّئل، وعُوَيْجا؛ ثُمَّ خَلَفَ عَليها مَالِك بن ثَعْلَبَةَ بن دُودَان.
339,354,1,وهؤلاء بنو الغوث بن أنمار,5,فَوَلَدِتْ لَهُ غَاضِرَةَ، وعَمْراً؛ ثُمَّ خَلَفَ عَليها جُشَمُ بن مَالِك بن القَيْنِ، فَوَلَدِتْ لَهُ عَرَانِيَةَ؛ ثُمَّ عَامِر بن عَمْرو بن لَحْيُون البَهْرَانيّ، فَوَلَدِتْ لَهُ سِتَّةَ أَحَدَهم العَنْبَرَ بن عَمْرو بن تَمِيم؛ ثُمَّ تَزَوَّجَهَا عَمْرو بن تَمِيم، فَوَلَدِتْ لَهُ اسَيَّدَ، والهُجَيْمَ، واحتَبَسَ العَنْبَرَ فنَسَبُ اليه، فَقِيَل: العَنْبَرَ بن عَمْرو بن تَمِيم.
339,354,1,وهؤلاء بنو الغوث بن أنمار,6,وَوَلَدَ سحْمَةُ بن سَعْد: الحَارِثَ وثَعْلَبَةَ وأَبَا امَامَة، وابا حَيَّان، وسَعْداً.
340,355,1,وهؤلاء بنو الغوث بن أنمار,1,منِهم: الغَضْبَانُ بن يَزَيْد بن أَبي مُعَاوِيَةَ بن عَبْدَ اللَهُ بن عُتْبَة بن مُحَلَّم بن الحَارِثَ بن سُحْمَة.
340,355,1,وهؤلاء بنو الغوث بن أنمار,2,ويَعقوبُ بن إِبرَاهِيمُ بن خُنَيْس بن سَعْد بن بُجَيْر بن مُعَاوِيَةَ بن قُحَافَةَ بن نُفَيْل بن سُدُوس بن عَبْدَ مَنَاف بن أَبي أُسَامَةَ بن سحْمَةُ بن؛ وَهو أبو يُوسُف القَاضِي، وإليه ينَسَبُ جهار سُوق خَيش بالكُوفَةِ.
340,355,1,وهؤلاء بنو الغوث بن أنمار,3,وجَدُّهُ سَعْد بن بُجَيْر، وأُمَّهُ حَبْتةَ بِنْت مَالِك الأَوْسيّ، بها يُعرَف، يقال لَهُ سَعْد حَبْتة، حَلِيف بَني عَمْرو بن عَوْف مِنْ الأَنْصَارِ، ولَهُ صحَبَّةُ.
340,355,1,وهؤلاء بنو الغوث بن أنمار,4,وَوَلَدَ قَيْس بن الغَوْث بن أَنْمار: جُمَانةَ، ومَالِكا، وثَعْلَبَةَ.
340,355,1,وهؤلاء بنو الغوث بن أنمار,5,فَوَلَدَ جُمَانةَ بن قَيْس: رَبَيعَةَ.
340,355,1,وهؤلاء بنو الغوث بن أنمار,6,فَوَلَدَ جُمَانَة بن قَيْس: رَبِيعَةَ وَوَلَدَ صُبَيهة بن أَنْمار: حطَّاماً، وهم الأَحْطَامُ.
340,355,1,وهؤلاء بنو الغوث بن أنمار,7,فَوَلَدَ حطَّام بن صبيهة: أُتَيْد.
340,355,1,وهؤلاء بنو الغوث بن أنمار,8,فَوَلَدَ أُتَيْد بن حطَّام: الحَارِثَ، وعِمْرَانَ، ورَبَيعَةَ، ومَالِكاً.
340,355,1,وهؤلاء بنو الغوث بن أنمار,9,فَوَلَدَ الحَارِثَ بن أُتَيْد: قَيْساً، وأَوْساً، وعَوْداً، لَهُم بالكُوفَةِ مَسْجْدٌ، وعِدَادُهم في قَسْر، في بَني عَمْرو بن يَشْكُر.
340,355,1,وهؤلاء بنو الغوث بن أنمار,10,هَؤُلاءِ بَجِيلَةَ، وَهُم بَنو عَبْقُر بن أَنْمار.
341,356,1,وهؤلاء بنو خثعم بن أنمار,1,وهَؤُلاءِ بَنو خَثْعَم بن أَنْمار
341,356,1,وهؤلاء بنو خثعم بن أنمار,2,وَوَلَدَ أَفْتلُ، وَهو خَثْعَم بن أَنْمار: حُلْفاً، أُمَّهُ عَاتِكَةُ بِنْت رَبَيعَةَ بن نِزَار.
341,356,1,وهؤلاء بنو خثعم بن أنمار,3,فَوَلَدَ حُلْفُ بن خَثْعَم: عِفْرِساً.
341,356,1,وهؤلاء بنو خثعم بن أنمار,4,فَوَلَدَ عِفْرِسٌ بن حُلْف: نَاهِسُاً، وشَهْرَانُ، إليهما العَدَد والشَرَف مِنْ خَثْعَم؛ وكُرْزا، بَطن، ونَاهِسُا والخُبَيْنَى؛ أُمَّهُم: نُعْم بِنْت قَيْس بن عَيْلان بن مُضَر؛ ورَبَيعَةَ، ونُوَيْهِشاً، وخُسَيفاً أُمَّهُم: صَخْرُةُ بِنْت أَحْمَسُ بن الغَوْث.
341,356,1,وهؤلاء بنو خثعم بن أنمار,5,فَوَلَد نَاهِسُ بن عِفْرِسٌ: الخُبَنِىَ، وَهْو حَام، بَطن، أُمَّهُ: عَيْشَةُ بِنت نَذِير بن قَسْر.
341,356,1,وهؤلاء بنو خثعم بن أنمار,6,"وأجَرْم، وهو مُعَاوِيَةَ، وَفَد على النبيَّ ﷺ فَقَأل "" أَنتُم بَنو رَشَد "" بَطن، وأَوْس مَنَاةَ، وَهْو الحَنِيكَ، بَطن؛ أُمَّهُم: صَخْرُةُ بِنت أَحْمَس، خَلَفَ عَليها بَعد أَبيهِ."
341,356,1,وهؤلاء بنو خثعم بن أنمار,7,فَوَلَدَ حَام بن نَاهِسُ: عُفَّةَ، وغَالِباً.
341,356,1,وهؤلاء بنو خثعم بن أنمار,8,فَوَلَدَ غَالِب بن حَام: الأَوْس، وكِنَانةَ، ونَصْراً.
341,356,1,وهؤلاء بنو خثعم بن أنمار,9,وَوَلَدَ كُرْز بن عِفْرِسٌ: رُزْحَةَ، وخَيْثَماً.
342,357,1,وهؤلاء بنو خثعم بن أنمار,1,منِه حزبن بن عَبْدَ اللَهُ بن عَمْرو بن خَيْثَم الشَّاعِر.
342,357,1,وهؤلاء بنو خثعم بن أنمار,2,"ومنِهم: سُوَيْد بن عَمْرو بن أبي المُطَاع، قُتِلَ مَعَ الحُسَين بن عَليّ ﵇ بالطَّفَّ، وَهوالَّذي يقولُ: "" أَنَا سُوَيْدٌ وأَبِي المُطَاع "" وَوَلَدَ شَهْرَانُ بن عِفْرِسٌ: الفَزَّع، بَطن، وَوَاهِباً، بَطن، وعَمْراً، ومَحْمِيَةَ، بَطن."
342,357,1,وهؤلاء بنو خثعم بن أنمار,3,فَوَلَدَ وَاهِب بن شَهْرَانُ: نَسْرُاً، والأَسَدِ، والأَسْوَدُ؛ وَهو أبَامةَ، فَتَحَالفا على نَسْرُ.
342,357,1,وهؤلاء بنو خثعم بن أنمار,4,فَوَلَدَ نَسْرُ بن وَاهِب: مَالِكاً، ومَلِكانَ، وزَيْداً.
342,357,1,وهؤلاء بنو خثعم بن أنمار,5,فَوَلَدَ مَالِك بن نَسْرُ: سَعْداً، وَهو أَجْمَعُ، لانه جمع الأَحَلَاف؛ وخُسَيْفاً.
342,357,1,وهؤلاء بنو خثعم بن أنمار,6,فَوَلَدَ سَعْد بن مَالِك: عَامِراً.
342,357,1,وهؤلاء بنو خثعم بن أنمار,7,فَوَلَد عَامِر بن سَعْد: رَبَيعَةَ، ومُعَاوِيَةَ، ونَصْراً، ومُنَبَّهاً.
342,357,1,وهؤلاء بنو خثعم بن أنمار,8,فَوَلَدَ رَبَيعَةَ بن عَامِر: عَامِراً، ومَالِكاً، وجَذِيمَةَ.
342,357,1,وهؤلاء بنو خثعم بن أنمار,9,فَوَلَدَ عَامِر بن رَبَيعَةَ: قُحَافَةَ، إليه لبيت والعَدَد؛ والمخَبَّل، وعَبْدَ مُنَبَّه.
342,357,1,وهؤلاء بنو خثعم بن أنمار,10,فَوَلَدَ قُحَافَةَ بن عَامِر بن رَبَيعَةَ: مَالِكاً، ونَضْلَةَ ووَحشِيّاً، وحَبِيَباً، وحَنْظَلَةَ، ومُعَاوِيَةَ، وعَبْدَ اللَهُ وصَعْباً، والحَارِثَ، دَرَجَاً.
343,358,1,وهؤلاء بنو خثعم بن أنمار,1,منِهم: عُمَيْسُ بن مَعْد بن الحَارِثَ بن تَيْم بن كَعْب بن مَالِك بن قُحَافَةَ.
343,358,1,وهؤلاء بنو خثعم بن أنمار,2,فَوَلَدَ عُمَيْسُ بن مَعْدّ: عَوْنَاَ، قُتِلَ يَوْمَ الحُرَّةِ، مَعَ أهلَ المدِينَةِ، وَهو ابن مَائة سَنَة، وأَسَمْاءَ تَزَوَّجَهَا جَعْفَرُ بن ابي طَالِب، فَوَلَدِت لَهُ: عَبْدَ اللَهُ، ومُحَمَّدُا، وعَوْنَاً.
343,358,1,وهؤلاء بنو خثعم بن أنمار,3,ثُمَّ خَلَفَ عَليها ابو بَكْر الصَّدَّيق ﵁ فَوَلَدِت لَهُ: مُحَمَّدُاً.
343,358,1,وهؤلاء بنو خثعم بن أنمار,4,ثُمَّ خَلَفَ عَليها عَليّ بن أَبي طَالِب ﵁ فَوَلَدِت لَهُ: يَحيى وعَوْنَاً.
343,358,1,وهؤلاء بنو خثعم بن أنمار,5,وكانتْ قَبْلَ جَعْفَر بن أَبي طَالِب عِنْد رَبَيعَةَ بن رِيَاح بن أَبي رَبَيعَةَ بن نَهْيك بن هِلَال بن عَامِر، فَوَلَدِت لَهُ: مَالِكاً، وعَبْدَ اللَهُ، أَبا هُريْرَة، بَني رَبَيعَةَ.
343,358,1,وهؤلاء بنو خثعم بن أنمار,6,وسَلَمْى بِنْت عُمَيْسُ، تَزَوَّجَهَا حَمْزَةُ بن عَبْدَ المُطَّلب، فَوَلَدِتْ لَهُ جَارِيةً، ثم تَزَوَّجَهَا شَدَّادُ بن الهادِ اللَّيِثيّ فَوَلَدِتْ لَهُ: عَبْدَ اللَهُ، وعَبْدَ الرَّحمَان.
343,358,1,وهؤلاء بنو خثعم بن أنمار,7,أُمَّهُما: هِنْدُ بِنْت عَوْنَ بن زُهَيْر بن الحَارِثَ بن حَمَاطَةَ من حَرش، بَطن من حِمْيَر.
344,359,1,وهؤلاء بنو خثعم بن أنمار,1,وأَخَوَاتُ وَلَدِ عُمَيْسُ لأُمَّهُم: مَيمُونَةُ بِنْت الحَارِثَ زوج النّبيّ ﷺ وُلُبَابَةُ بِنْت الحَارِثَ أُمُّ العَبَّاس بن عَبْدَ المُطَّلب إِلأَ تَمَّاماً وكَثِيراً والحَارِثَ.
344,359,1,وهؤلاء بنو خثعم بن أنمار,2,وُلُبَابَةُ ام خَالِد بن الوَلِيد بن المغَيْرة المَخْزُوميّ.
344,359,1,وهؤلاء بنو خثعم بن أنمار,3,ومنِهم: شَمْسُ بن عَبْدَ اللَهُ بن النُّعمَان بن تَيْم، كانَ شَرِيفُا، وقَد شَهِدَ مَعَ مُعَاوِيَةَ مَشَاهِدَه.
344,359,1,وهؤلاء بنو خثعم بن أنمار,4,ومَالِك بن عَبْدَ اللَهُ بن سِنَان بن سَرْح بن وَهْب بن الأُقَيْصِر بن مَالِك بن قُحَافَةَ، وَليَ الصَوَائِف ارِبْعِين سَنَة لِمُعَاوِيَةَ ولغَيْره؛ وكُسِرَ على قَبرِهِ أربعَوْنَ لِواءً؛ ووَليَ الصَوَائِفَ زَمَنَ مُعَاوِيَةَ، ويَزَيْد وعَبْدَ امَلِك.
344,359,1,وهؤلاء بنو خثعم بن أنمار,5,ومنِهم النُّعمَان ذُو الأَنْفِ بن عَبْدَ اللَهُ بن جَابِر بن ابن وَهْب بن الأُقَيْصِر، الَّذي قَادَ خَيْلَ خَثْعَم إلى النَبيَّ ﷺ .
344,359,1,وهؤلاء بنو خثعم بن أنمار,6,وَوَثَنُ وَهو أبو لَيْلى بن مَحْمَيَةَ بن وَثَنُ بن حِدَرَجَان بن الأُقَيْصِر، كان شَرِيفُا قَتَلَهُ عَليّ بن ابي طَالِب يَوْمَ الطائف كافراً.
344,359,1,وهؤلاء بنو خثعم بن أنمار,7,وعَثْعَثُ بن بِشْرُ بن زَحْر بن كَعْب بن مَالِك بن نَضْلَةَ بن قُحَافَةَ، وقد رَأسَ.
345,360,1,وهؤلاء بنو خثعم بن أنمار,1,وعُتَيْبُ بن وَحشِيّ بن نَضْلَةَ، وقد رَأسَ.
345,360,1,وهؤلاء بنو خثعم بن أنمار,2,وَوَلَدَ رَبَيعَةَ بن عِفْرِسٌ: أَكَلْب؛ ويُقالُ: أَكَلْب بن رَبَيعَةَ بن نِزار.
345,360,1,وهؤلاء بنو خثعم بن أنمار,3,فَوَلَدَ أَكَلْب: مُبَشَّراً، والحَارِثَ، وَهْوَ ابو جَلِيحَةَ، بَطن، والدِّيثَ، وعَمْراً، والَهُزر.
345,360,1,وهؤلاء بنو خثعم بن أنمار,4,فَوَلَدَ مبِشْرُ ابن أَكَلْب: تَيْم اللَهُ، بَطن، وثَعْلَبَةَ، وهو الَهُزرُ، بَطن.
345,360,1,وهؤلاء بنو خثعم بن أنمار,5,منِهم: أَنَسُ بن مُدْرِكَةَ بن عَمْرو بن سَعْد بن عَوْف بن العَتِيك بن حَارِثَةَ بن عَامِر بن تَيْم اللَهُ، وَهو ابو سُفَيان الشَّاعِر، وقد رَأسَ.
345,360,1,وهؤلاء بنو خثعم بن أنمار,6,وحُمْران بن مَالِك بن عَبْدَ الملِك بن ثَعْلَبَةَ بن مَازِنُ بن خَيْثَم بن حَارِثَةَ بن عَامِر الشَّاعِر وَمِنْ بَني جَلِيحَةَ: عَبْدَ الشَّارِق بن قُمَيْر بن عَامِر بن رَابِيَةَ بن مَالِك بن وَاهِب بن جَلِيحَةَ، وقد رَأسَ.
345,360,1,وهؤلاء بنو خثعم بن أنمار,7,وبِشْرُ بن رَبَيعَةَ بن عَمْرو بن مُثَارَةَ بن عُمِيْرٍ بن عَامِر الَّذي يقولُ يَوْمَ القَادِسيَّةَ:
345,360,1,وهؤلاء بنو خثعم بن أنمار,8,انخْتُ بِبَابِ القَادِسيَّةَ نَاقَتِي … وسَعْد بن وَقَّاصٍ عَليَّ أمِيرُ
346,361,1,وهؤلاء بنو خثعم بن أنمار,1,واليه تُنْسَبُ جَبَّانَة بِشْرُ بالكُوفَةِ.
346,361,1,وهؤلاء بنو خثعم بن أنمار,2,ونُفَيْل بن حَبِيب بن عَبْدَ اللَهُ بن جَزِيّ بن عَامِر بن مَالِك بن وَاهِب بن جَلِيحَةَ، دَلِيلُ الحَبَشَةِ على البَيتِ.
346,361,1,وهؤلاء بنو خثعم بن أنمار,3,وَوَلَدَ الفَزَعُ بن شَهْرَانُ: غَنْمُاً، وحَرْباً.
346,361,1,وهؤلاء بنو خثعم بن أنمار,4,منِهم: مَالِك الحَجَّاج بن حَارِثَةَ، كان فَارِساً زَمَن الحَجَّاج.
346,361,1,وهؤلاء بنو خثعم بن أنمار,5,ومنِهم: ابو رُوَيْحَةَ، وَهو سَكَنُ بن رَبَيعَةَ بن الحَارِثَ بن مَالِك بن صَعْب بن مَالِك بن جُشَمُ بن أَنَسُ اللَهُ بن صَعْب بن غَنْم بن الفَزَع، وَفَد على النَبيَّ ﷺ فَوَاخَى بينَه وبينَ بِلَالُ حِين عَقَد الأَلوِيَة.
346,361,1,وهؤلاء بنو خثعم بن أنمار,6,ومنِهم: ابو نِسْعَةَ، وهو عَبْدَ اللَهُ بن إِيَّاسِ بن الحَارِثَ بن مَالِك بن صَعْب، وقد رَأسَ الشَّامِ.
346,361,1,وهؤلاء بنو خثعم بن أنمار,7,ومنِهم: كَعْب بن خُرَيْم بن الأَقْنَع بن الدِيل بن رَبَيعَةَ بن وَاهِب بن مَالِك بن أَوْس بن اللاَّت بن جُشَمُ بن مَالِك بن الفزع الشَّاعِر.
346,361,1,وهؤلاء بنو خثعم بن أنمار,8,وَوَلَدَ عَمْرو بن شَهْرَانُ: حَارِثَةَ ومُحَارباً، وسَعْداً، وبَكْراً، ووَهْباً.
346,361,1,وهؤلاء بنو خثعم بن أنمار,9,منِهم: الزُّبَيْر بن خُزَيْمَةَ، بَعَثهُ الحَجَّاج على إصْبَهَانَ ومَعَهُ أَعْشَ هَمْدَانُ، فَتَرَكَ عَمَلَهُ، ومَالَ إلى الخَوارجِ، فهُزِمَ بمَوضِعِ يُقالُ لَهُ اُلَثويْر، فَقَأل
347,362,1,وهؤلاء بنو الأزد بن الغوث بن نبت بن مالك بن زيد بن,1,أَعْش هَمْدَانُ:
347,362,1,وهؤلاء بنو الأزد بن الغوث بن نبت بن مالك بن زيد بن,2,أُمرَتْ خَثْعَمُ على غَيْر شَئ … ثُمَّ أوصَاهُم الأَمِيرُ بِسَيْرِ
347,362,1,وهؤلاء بنو الأزد بن الغوث بن نبت بن مالك بن زيد بن,3,ومنِهم: كَرِيُم بن عفَيْفِ بن عَبْدَ اللَهُ بن كَعْب بن غُزَيَّة بن مَالِك بن دَعْدَعَان بن مُحَارِب، قَتَلَ مَعَ حُجْر بن عَدِيّ بمُرّج عَذراء.
347,362,1,وهؤلاء بنو الأزد بن الغوث بن نبت بن مالك بن زيد بن,4,هَؤُلاءِ بَنو خَثْعَم بن أَنْمار.
347,362,1,وهؤلاء بنو الأزد بن الغوث بن نبت بن مالك بن زيد بن,5,وهَؤُلاءِ بَنو الأزْدِ بن الغَوْث بن نَبْت بن مَالِك بن زَيْد بن كَهْلان
347,362,1,وهؤلاء بنو الأزد بن الغوث بن نبت بن مالك بن زيد بن,6,وَوَلَدَ الأزْدِ بن الغَوْث بن نَبْت بن مَالِك بن زَيْد بن كَهْلان: مَازِناً، وإليه جِماع غَسَّان، وغَسَّان ماء شربوا منِه فسموا غَسَّان.
347,362,1,وهؤلاء بنو الأزد بن الغوث بن نبت بن مالك بن زيد بن,7,قال الانصاري:
348,363,1,وهؤلاء بنو مازن بن الأزد,1,أَما سألتِ فَإِنّا مَعْشَرٌ نُجُبٌ … الأزْدِ نِسْبَتُنا والمَاءُ غَسَّانُ
348,363,1,وهؤلاء بنو مازن بن الأزد,2,ونَصْر بن الأزْدِ، وعَمْرو بن الأزْدِ، وعَبْدَ اللَهُ بن الأَزْد، والهِنْو بن الأَزْدِ، وقُدَار بن الأزْدِ، والأَهْيُوب بن الأَزْدِ.
348,363,1,وهؤلاء بنو مازن بن الأزد,3,وهَؤُلاءِ بَنو مَازِنُ بن الأزْدِ
348,363,1,وهؤلاء بنو مازن بن الأزد,4,وَوَلَدَ مَازِنُ بن الأَزْدِ: عَمْراً، وعَدِيّاً، وكَعْباً، وثَعْلَبَةَ، وهم غَسَّانيُّون.
348,363,1,وهؤلاء بنو مازن بن الأزد,5,وهَؤُلاءِ بَنو ثَعْلَبَةَ بن مَازِن
348,363,1,وهؤلاء بنو مازن بن الأزد,6,فَوَلَدَ امرؤُ القَيْس بن ثَعْلَبَةَ: حَارِثَةَ وَهْوَ الغِطْرَّيف.
348,363,1,وهؤلاء بنو مازن بن الأزد,7,فَوَلَدَ حَارِثَةَ بن آمْرِئ القَيْس: عَامِراً، وهو مَاءُ السَّماءِ والتَّوْأَمَ، وعَدِيّاً.
348,363,1,وهؤلاء بنو مازن بن الأزد,8,فَوَلَدَ عَامِر بن حَارِثَةَ: عَمْراً، وهو مُزَيْقيا، وعِمَران وكانَ كاهِنا (عاقِراً لا يُولدْ لَهُ، ويُقَال هو عَمْرو مُزَيْقِيا) .
348,363,1,وهؤلاء بنو مازن بن الأزد,9,فَوَلَدَ عَمْرو بن عَامِر: جَفْنَةَ، منِهم: المُلُوكُ الَّذين كانوا بالشَّامِ.
348,363,1,وهؤلاء بنو مازن بن الأزد,10,والحَارِثَ، وهو مُحَرَّقٌ، أَوُّلُ من عَاقَب بالنَّار، وثَعْلَبَةَ، وحَارِثَةَ، وابا
349,364,1,بنو الأوس بن حارثة,1,حَارِثَةَ، وعَمْراً، ومَالِكاً وكَعْباً، ووَادِعَةَ، دَخَلوأ في هَمْدَان.
349,364,1,بنو الأوس بن حارثة,2,وعَوْفاً، وذُهْلاً، وهْو وائِل، فَوَقَع ذُهْل إلى نَجْرَانَ، فَمنِهم أليّا أسْقُف نَجْرَان.
349,364,1,بنو الأوس بن حارثة,3,وعُبِيْداً، وحَمْلاً، وقَيْساً، دَرَجَ هَؤُلاءِ الثّلاثَة، ولَمْ يَشرَبْ عَمْرَانُ بن عَمْرو، ولا حَارِثَةَ، ولا وائِل من المَاءِ.
349,364,1,بنو الأوس بن حارثة,4,وَوَلَدَ ثَعْلَبَةَ بن عَمْرو بن عَامِر: حَارِثَةَ.
349,364,1,بنو الأوس بن حارثة,5,فَوَلَدَ حَارِثَةَ بن ثَعْلَبَةَ بن عَمْرو بن عَامِر: الأَوْس، والخَزْرَجَ، أُمَّهُما قَيْلَةُ بِنْت كاهِل بن عُذْرَة بن سَعْد بن هُذَيْم مِنْ قُضَاعَة.
349,364,1,بنو الأوس بن حارثة,6,وهَؤُلاءِ
349,364,1,بنو الأوس بن حارثة,7,بَنو الأَوْس بن حَارِثَةَ
349,364,1,بنو الأوس بن حارثة,8,فَوَلَدَ الأَوْس بن حَارِثَةَ: مَالِكاً.
349,364,1,بنو الأوس بن حارثة,9,فَوَلَد مَالِك بن الأَوْس خَمسَة نَفَر: عَمْراً، وهُو النَّبِيتُ؛ وعَوْفاً، وَهُم أَهْلُ قُبَاء؛ ومُرَّةَ وَهُم أَهْلَ الجَعادِر، لَقَب، كان يُلقَّب جَعْدَراً؛ وجُشَمُ، وَهو أَبو بَني خَطَمَةَ؛ وامُرّأَ القَيْس، وَهو أَبو بَني وَاقِف؛ والسَّلَمْ. ولَهُم يقولُ أبو
350,365,1,وهؤلاء بنو عوف بن الأوس,1,قَيْس بن الأَسْلَت:
350,365,1,وهؤلاء بنو عوف بن الأوس,2,أَسْعَى على جَدِّ بَني مَالِك … كُلّ آمْرِئ في شانهِ شَاكِي
350,365,1,وهؤلاء بنو عوف بن الأوس,3,وهَؤُلاءِ بَنو عَوْف بن الأَوْس
350,365,1,وهؤلاء بنو عوف بن الأوس,4,فَوَلَدَ عَوْف بن مَالِك بن الأَوْس: عَمْراً، والحَارِثَ.
350,365,1,وهؤلاء بنو عوف بن الأوس,5,فَوَلَدَ عَمْرو بن عَوْف بن مَالِك بن الأَوْس: عَوْفاً، وحَبيباً ولَوْذَانُ.
350,365,1,وهؤلاء بنو عوف بن الأوس,6,فَوَلَدَ عَوْف بن عَمْرو: مَالِكاً، وكُلْفَةَ، وحَنَشاً.
350,365,1,وهؤلاء بنو عوف بن الأوس,7,فَوَلَدَ مَالِك بن عَوْف عَمْرو بن عَوْف: زَيْداً، وعَزِيزاً، ومُعَاوِيَةَ، قَبِيلة على حِدَةٍ لَيِسوا بِقُباء؛ أُمَّهُم: العَوْراءُ بِنْت النَجّار.
350,365,1,وهؤلاء بنو عوف بن الأوس,8,فَوَلَدَ زَيْد بن مَالِك بن عَوْف: ضُبَيْعَة، وأُمَيَّةَ، وعُبِيْداً.
350,365,1,وهؤلاء بنو عوف بن الأوس,9,فَوَلَد ضُبَيْعَة بن زَيْد: أَمَةَ، والعَطَّاف، وزَيْداً.
350,365,1,وهؤلاء بنو عوف بن الأوس,10,فَوَلَدَ امة بن ضُبَيْعَة: مَالِكاً.
350,365,1,وهؤلاء بنو عوف بن الأوس,11,منِهم عَاصِمُ بن ثَابِت بن أَبي الأَقْلَح، واسمُهُ قَيْس بن عِصْمَة بن مَالِك بن أمة بن ضُبَيْعَة، شَهِدَ، بَدْرا وهو الَّذي حَمَتْهُ الدَّبْرُ يَوْمَ بِئْر معَوْنَة.
351,366,1,وهؤلاء بنو عوف بن الأوس,1,مِنْ وَلَدِه: الأَحْوَصُ بن عَبْدَ اللَهُ بن مُحَمَّدُ بن عَاصِمُ الشَّاعِر.
351,366,1,وهؤلاء بنو عوف بن الأوس,2,ومنِهم: حنَضْلَةُ بن أَبي عَامِر بن صَيْفِي بن النُّعمَان بن امة وهو الغَسيل يَوْمَ أُحُدٍ.
351,366,1,وهؤلاء بنو عوف بن الأوس,3,وابنُهُ عَبْدَ اللَهُ بن حنَضْلَةَ، قُتِلَ يَوْمَ الحُرَّة، وَهو على الأَنْصارِ.
351,366,1,وهؤلاء بنو عوف بن الأوس,4,"وأبو مُلَيْل بن الأَزْعَر بن العَطَّاف بن ضُبَيْعَة، شَهِدَ بَدْراً وَهو الَّذي قال "" بُيُوتنا عَوْرَةٌ "" يَوْمَ الخَنْدَقِ."
351,366,1,وهؤلاء بنو عوف بن الأوس,5,وعَامِر بن مُجَمَّع بن العَطَّاف، الَّذي قَتَلْتهُ بَنو خَطْمَةَ فَوَقَعَتْ الحَرْب بَينَهم.
351,366,1,وهؤلاء بنو عوف بن الأوس,6,وابَنَه جَارِيةً بن عَامِر، وَقَد بايَعوا النّبيّ ﷺ هم وأبُوهم.
351,366,1,وهؤلاء بنو عوف بن الأوس,7,منِهم مُعَاوِيَةَ بن إسْحَاق بن زَيْد بن جَارِية، قُتلَ مَعَ زَيْد بن عَليّ بن
352,367,1,وهؤلاء بنو عوف بن الأوس,1,الحُسَين بن عَليّ بن ابي طَالِب ﵇ وصُلِبَ مَعَهُ بالكُناسَةِ.
352,367,1,وهؤلاء بنو عوف بن الأوس,2,ودَرُهَمُ بن زَيْد بن ضُبَيْعَة، الشَّاعِر الجأهلَي. وابو سُفَيان بن قَيْس بن زَيْد بن ضُبَيْعَة، شَهِدَ بَدْراً.
352,367,1,وهؤلاء بنو عوف بن الأوس,3,وأَخُوه نَبْتَلُ بن قَيْس مُنَافِق.
352,367,1,وهؤلاء بنو عوف بن الأوس,4,هَؤُلاءِ بَنو ضُبَيْعَة بن زَيْد بن مَالِك بن عَوْف.
352,367,1,وهؤلاء بنو عوف بن الأوس,5,ومِنْ أُمَيَّةَ بن زَيْد بن مَالِك بن عَوْف بن عُمِيْر بن عَوْف بن مَالِك بن الأَوْس بن حَارِثَةَ: رِفَاعَةُ بن عَبْدَ المُنْذِر بن زَنْبَر بن زَيْد بن أُمَيَّةَ بن زَيْد، شَهِدَ بَدْراً، والعَقَبَةَ الآخِرَة، وقُتلَ يَوْمَ خَيْبَر.
352,367,1,وهؤلاء بنو عوف بن الأوس,6,ومبِشِّرُ بن عَبْدَ المُنْذِر شَهِدَ بَدْراً، وقُتلَ يَوْمَئذٍ.
353,368,1,وهؤلاء بنو عوف بن الأوس,1,"وابو لُبَابَةَ بن عَبْدَ المُنْذِر، واسْمُه بَشِير، ضَرَبَ رَسول اللَهُ ﷺ بِسَهمِهِ يَوْمَ بَدْرُ، واستَخْلَفَهُ على المَدِينَةِ حِينَ سارَ إلى بَدْرُ وهو الَّذي تَابَ اللَهُ عَليّه، كَانَ رسولُ اللَهُ ﷺ بَعَثهُ إلى بَني قُرَيْظَةَ، وقد كان النّبيّ ﷺ حاصرهُم، فَقَألوا: "" يارَسولَ اللَهِ، اْبَعْث إليْنَا رَجُلاً مِن أَصحابَكَ "" فَبَعَثَهُ اليهم فَبَهَشَ إليهِ الرّجَالُ والنَّساءُ والصَّبيانُ، فَقَألوا: "" ما رَأيكَ يا أبا لُبَابَة "" فَقَأل باعلى صوْتِهِ: "" أرى أنْ تَنْزِلوا على حُكْمِ رَسولِ اللَهُ ﷺ "" وأَشارَ اليهم أنَّهُ الذَّبْحُ إِنْ دَخلتُم حُكمَهُ؛ قال أَبو لُبَابَة: فَمَا زَالَتْ قَدَمَاي حتَّى علَمتُ أَنَّي قَد خُنْت اللَهُ، ورسولَهُ قالٍ: فَرَبَط نَفسَهُ إلى إسطوانَةِ حتَّى تابَ اللَهُ عَليّه، وحَسُنَتْ تَوْبَتُهُ."
353,368,1,وهؤلاء بنو عوف بن الأوس,2,وعُمِيْرٍ بن سَعْد بن عُبِيْد بن عَمْرو بن زَيْد بن أُمَيَّةَ بَعَثهُ عمُرّ بن الخَطَّاب على جَيْشِ إلى الشَّامِ.
353,368,1,وهؤلاء بنو عوف بن الأوس,3,وعُوَيْمُ بن سَاعِدَةَ بن عائش بن قَيْس بن زَيْد بن أُمَيَّةَ واصلَهُ مِنْ بَلي ابن قُضاعَة شَهِدَ بَدْراً، وقَتَلَ يَوْمَ أُحُد.
354,369,1,وهؤلاء بنو عوف بن الأوس,1,وثَعْلَبَةَ بن حَاطِب بن عَمْرو بن عُبِيْد بن أُمَيَّةَ، شَهِدَ بَدراً، وقُتلَ يَوْمَ أُحُدٍ.
354,369,1,وهؤلاء بنو عوف بن الأوس,2,وَمِنْ بَني عُبِيْد بن زَيْد بن مَالِك: خِدَاشُ بن قَتَادَةَ بن رَبَيعَةَ بن مَطرُوف بن الحَارِثَ بن زَيْد بن عُبِيْد، شَهِدَ بَدْراً وقُتلَ يَوْمَ أُحُدٍ.
354,369,1,وهؤلاء بنو عوف بن الأوس,3,وكُلْثَوم بن ابن الهِدْم بن آمْرِئ القَيْس بن الحَارِثَ بن زَيْد بن عُبِيْد، نَزَلَ عليهِ النّبيّ ﷺ حِينَ قَدِمَ المَدِينة.
354,369,1,وهؤلاء بنو عوف بن الأوس,4,ومن بَني عَزِيز بن مَالِك بن عَوْف، جَرْوَلٍ بن مَالِك بن عَمْرو بن عَزِيز.
354,369,1,وهؤلاء بنو عوف بن الأوس,5,وابَنَه زُرَارَةُ بن جَرْوَلٍ، هَدَمَ بِشْرُ بن أَرْطَاة، دَارَهُ بالمَدِينَةِ، كانَ فِيمَنْ وَثَبَ على عُثمانَ.
354,369,1,وهؤلاء بنو عوف بن الأوس,6,ومن بَني مُعَاوِيَةَ بن مَالِك بن عَوْف بن عَمْرو: جَبْرُ بن عَتِيك بن قَيْس بن هَيْشَةَ بن الحَارِثَ بن أُمَيَّةَ بن مُعَاوِيَةَ بن مَالِك، شَهِدَ بَدْراً.
354,369,1,وهؤلاء بنو عوف بن الأوس,7,وحَاطِبُ قَيْس بن هَيْشَةَ، وفيهِ كانَت الحَرْب التي يُقالُ لها حَرْب حَاطِب.
354,369,1,وهؤلاء بنو عوف بن الأوس,8,وعَبْدَ اللَهُ، وهو أَبو الرَّبِيع بن عَبْدَ اللَهُ بن ثَابِت بن قَيْس هَيْشَةَ، دَفَنَهُ
355,370,1,وهؤلاء بنو عوف بن الأوس,1,رَسُولُ اللَهُ ﷺ في قَمِيصِهِ.
355,370,1,وهؤلاء بنو عوف بن الأوس,2,وسُبَيْعُ بن حَاطِب بن قَيْس بن هَيْشَةَ، قُتلَ يَوْمَ أُحُدٍ.
355,370,1,وهؤلاء بنو عوف بن الأوس,3,وزَيْد بن أَكَّالِ بن لَوْذَانُ بن الحَارِثَ بن أُمَيَّةَ بن مُعَاوِيَةَ.
355,370,1,وهؤلاء بنو عوف بن الأوس,4,"وابَنَه النُّعمَان خَرَجَ حَاجًّ، فَأَسَرَهُ أَبو سُفَيان بن حَرْب بن أُمَيَّةَ بن عَبْدَ شَمْس، بَعْدَ وَقعَة بَدْرٍ، وكانَ عَمْرو بن ابي سُفَيان أُسِرَ يَوْمَ بَدْر، فِقيلَ لأَبي سُفْيان إِفْدِهِ؛ فَقَأل أبو سُفيانَ: لا أَفدِيَهُ أَبَداً. فاخذ أَبو سُفَيان النُّعمَان فَحَبَسَهُ، وقالَ: "" لا أُخَلَّيهُ حَتَّى يُخَلَّيَ مُحَمَّدُ ابْنِي "" ؛ وفيه يقولُ ابو سُفَيان:"
355,370,1,وهؤلاء بنو عوف بن الأوس,5,أَرَهْطَ ابنَ أَكَّالٍ أَجِيبوا دُعَاءَهُ … تَعَاقَدتُمُ لاتُسلِموا السَّيَّد الكَهْلا
355,370,1,وهؤلاء بنو عوف بن الأوس,6,فإِنَّ بَني عَمْرو لِئَامٌ أَذِلَّةٌ … لَئِنّ لَمْ يَفُكُوا عن أَسِيرِكُمُ الكَبْلا
355,370,1,وهؤلاء بنو عوف بن الأوس,7,فخلى رسول اللَهُ ﷺ عَمْراً وخلى ابو سُفَيان عن النُّعمَان.
356,371,1,وهؤلاء بنو عوف بن الأوس,1,والرقيم بن ثَابِت بن ثَعْلَبَةَ بن أَكَّالِ، قُتلَ يَوْمَ الطَائِفِ مَعَ النّبيّ ﷺ .
356,371,1,وهؤلاء بنو عوف بن الأوس,2,وَوَلَدَ كُلْفَةُ بن عَوْف بن عَمْرو بن عَوْف: جَحْجَبَا، بَطن.
356,371,1,وهؤلاء بنو عوف بن الأوس,3,فَوَلَدَ جُحْجَبا بن كُلْفَةَ: الحَرِيشَ، والأَصْرَمَ، ومَجْدَعَةَ، وكَعْباً، وعَامِراً، وعَمْراً.
356,371,1,وهؤلاء بنو عوف بن الأوس,4,منِهم أُحَيْحَةُ بن الجُلَاحِ بن الحَرِيشِ بن جَحْجَبَا، كانَ سَيَّدَ الأَوْس في الجَاهِليَّة، وكانت ام عَبْدَ المُطَّلب بن هَاشِم تَحْت أُحَيْحَةَ، فَوَلَدِت لَهُ، وهي سَلَمْى بِنْت عَمْرو بن زَيْد بن لَبِيد بن خِدَاش بن عَامِر بن غَانم بن عَدِيّ بن النَجّار.
356,371,1,وهؤلاء بنو عوف بن الأوس,5,مِنْ وَلَدِه: المُنْذِر بن مُحَمَّدُ بن عُقْبَةَ بن أُحَيْحَةَ، شَهِدَ بَدْراً وقُتلَ يَوْمَ بئر معَوْنَة.
356,371,1,وهؤلاء بنو عوف بن الأوس,6,وسهيل بن أحيحة، ولَهُ يقولُ أُحَيْحَةُ:
356,371,1,وهؤلاء بنو عوف بن الأوس,7,أَلَا أَبْلِغْ سُهَيْلاً … إِنَّني مَا عِشْتُ كَافِيكَا
356,371,1,وهؤلاء بنو عوف بن الأوس,8,وعَبْدَ الرَّحمَان بن ابي لَيْلى بن بُلَيْلِ بن أُحَيْجَةَ.
357,372,1,وهؤلاء بنو عوف بن الأوس,1,وابَنَه مُحَمَّدُ بن عَبْدَ الرَّحمَانبن ابي لَيْلى، وَليَ القَضَاءَ بالكُوفَةِ في زَمَنِ أَبي جَعْفَرُ.
357,372,1,وهؤلاء بنو عوف بن الأوس,2,وابو السَّائِب بن عَبَّادة بن عَبَّاد بن صُلَيْع بن ابن عَائِشَةَ بن الحُرَّيش، الشَّاعِر.
357,372,1,وهؤلاء بنو عوف بن الأوس,3,وخبيب بن عَدِيّ بن مَالِك بن عَامِر بن مَالِك بن مُخْدَعَةَ بن جُحْجَبَا، قُتلَ يَوْمَ الرَّجِيع، وَصَلَبَتْهُ قُرَيْشٍ بالتنُعَيْم بِمَكَّةَ.
357,372,1,وهؤلاء بنو عوف بن الأوس,4,وعُبِيْد بن نَافِذِ بن صُهْبَةَ بن الأَصْرَم بن جُحْجَبَا الشَّاعِر.
357,372,1,وهؤلاء بنو عوف بن الأوس,5,مِنْ وَلَدِه: مَعْنُ بن فُضَالَةَ بن عُبِيْد بن نَافِذ، وَليِ اليَمَنِ.
357,372,1,وهؤلاء بنو عوف بن الأوس,6,وعَبَّاد بن الحَارِثَ بن عَدِيّ بن الأَسْوَدُ بن الأَصْرَم، وهو فَارِس ذِي الخِرَقِ، فَرَسٌ كانت له يُقالُ عَليها قُتلَ يَوْمَ اليَمَامَة.
357,372,1,وهؤلاء بنو عوف بن الأوس,7,ومن بَني حَنَشِ بن عَوْف بن عَمْرو بن عَوْف: سَهْلَ، شَهِدَ بَدْراً؛
358,373,1,وهؤلاء بنو عوف بن الأوس,1,وعُثَمَانُ كانَ عَامِلًا لعَليّ بن ابي طَالِب ﵇ على البَصْرَةِ، وَقَد شَهِدَ صفَّين؛ وعَبَّاد بَنو حُنَيْف بن وَاهِب بن العُكَيْم بن الحَارِثَ بن مُجْدَعَةَ بن عَمْرو بن حَنَشِ.
358,373,1,وهؤلاء بنو عوف بن الأوس,2,وابَنَه أَسَعْد بن سَهْلٍ، وَهْو أَبو أُمَامَة، تَرَاضَى النَّاسُ بِهِ أَنْ يُصَلِيَ بِهم عُثَمَانُ محصورٌ وَوَلَدَ ثَعْلَبَةَ بن عَمْرو بن عَوْف: أمُرأ القَيْس، كُلْفَةَ.
358,373,1,وهؤلاء بنو عوف بن الأوس,3,منِهم: عَبْدَ اللَهُ بن جُبَيْر بن النُّعمَان بن أُمَيَّةَ بن البُرَك بن آمْرِئ القَيْس بن ثَعْلَبَةَ، شَهِدَ بَدْراً وقُتِلَ يَوْمَ أُحُدٍ.
358,373,1,وهؤلاء بنو عوف بن الأوس,4,وأَخُوهُ خَوَّاتُ بن جُبَيْر، ضَرَبَ لَهُ رَسولُ اللَهُ ﷺ بِسَهْمِهِ يَوْمَ بَدْر، وهو صَاحِبُ ذات النَّحْيَينِ، وكانَ شاعِراً.
358,373,1,وهؤلاء بنو عوف بن الأوس,5,والحَارِثَ بن النُّعمَان بن البُرَك، شَهِدَ بَدْراً.
359,374,1,وهؤلاء بنو عوف بن الأوس,1,وأَبو الضَيَّاحِ بن ثَابِت بن النُّعمَان بن أُمَيَّةَ، شَهِدَ بَدْراً.
359,374,1,وهؤلاء بنو عوف بن الأوس,2,وَوَلَدَ لَوْذَانُ بن عَمْرو بن عَوْف: مَالِكا؛ أُمَّهُ السُمَّيعة، بها يُعرَفون.
359,374,1,وهؤلاء بنو عوف بن الأوس,3,فَوَلَدَ مَالِك بن لَوْذَانُ: عُرْفُطَةَ، بَطن، بِمِصْرَ، وعَامِراً، ونَجْدَةَ وزَيْداً، وعَبْدَ ألأَشْهَلَ، بَطن وجَذِيمَةَ، لَا عَقِبَ لَهُ.
359,374,1,وهؤلاء بنو عوف بن الأوس,4,منهم: صَيْفِي: وهو أَبو الخَرِيف بن سَاعِدَةَ بن عَبْدَ الأَشْهَلِ خَرَجَ في بَعْض مَغَازِي رَسُولِ الله ﷺ قَتُوِفيَّ بالكَدِيدِ، فَكَفَّنَهُ رَسُولُ الله ﷺ في قَمِيصِهِ.
359,374,1,وهؤلاء بنو عوف بن الأوس,5,وحَارِثَةُ بن قَيْس بن عَامِر بن مَالِك بن لَوْذَانُ، شَهِدَ أُحُد.
359,374,1,وهؤلاء بنو عوف بن الأوس,6,وسَعْدُ بن مُرَّةَ بن مُعَاوِيَةَ بن زَيْد بن مَالِك بن لَوْذَانُ، وهو ابن الغُرَيْرالشَّاعِر.
359,374,1,وهؤلاء بنو عوف بن الأوس,7,وَوَلَدَ حَبِيبُ بن عَمْرو بن عَوْف: حَوْطَاً.
359,374,1,وهؤلاء بنو عوف بن الأوس,8,منهم: سُوَيْدُ بن الصَّامِت بن خَالِد بن عَطِيَّة بن حَوْط بن حَبِيبٍ الشَّاعِر، قَتَلَهُ المُجَذَّرُ بن ذِيَادٍ البَلَويّ في الجَاهِليَّة فَوثَبَ ابنُهُ الجُلَاس بن سُوَيْدٍ على المُحَذَّرِ فَقَتَلَهُ غَيْلَهَ في الإسلام، فَقَتَلَهُ رَسُولُ الله قوداَ، فكان
360,375,1,وهؤلاء بنو عمرو بن مالك بن الأوس,1,أول من أقيد في الاسلام.
360,375,1,وهؤلاء بنو عمرو بن مالك بن الأوس,2,هولاء بنو عوف بن مالك بن الأوس.
360,375,1,وهؤلاء بنو عمرو بن مالك بن الأوس,3,[وهؤلاء بنو عمرو بن مالك بن الأوس]
360,375,1,وهؤلاء بنو عمرو بن مالك بن الأوس,4,وولد عمرو بن مالك بن الأوس: الخزرج، وعامراَ.
360,375,1,وهؤلاء بنو عمرو بن مالك بن الأوس,5,فولد الخزرج بن عمرو: الحارث، وكعباَ، وهو ظفر، بطن.
360,375,1,وهؤلاء بنو عمرو بن مالك بن الأوس,6,فَوَلَدَ الحَارِثُ بن الخَزْرَجَ: جُشَمُ، وحَارِثَةَ، بَطن.
360,375,1,وهؤلاء بنو عمرو بن مالك بن الأوس,7,فَوَلَدَ جُشَمُ بن الحَارِثَ بن الخَزْرَج: عَبْدَ الأَشْهَلِ بَطن، وزَعْوراً، وَهُم أَهْل رَاتِجٍ، بَطن وعَمْراً، وحَرِيشَاً، أُمُّهُم: صَخْرَةُ بِنْت ظَفَر إِلِها يُنْسَبون.
360,375,1,وهؤلاء بنو عمرو بن مالك بن الأوس,8,فَوَلَدَ عَبْدَ الأَشْهلِ بن جُشَمُ: زَيْداً وكَعْباً، وزَغْوراً، ووَحْشِيَّاً، دَرَجَ.
360,375,1,وهؤلاء بنو عمرو بن مالك بن الأوس,9,"منهم: سَعْدُ بن مُعَاذِ بن النُّعمَان بن آمْرِئ القَيْس بن زَيْد بن عَبْدَ الأَشْهَلِ، شَهِدَ بَدْراً، وقُتلَ يَوْم الخَنْدقِ فَقَالَ النبيُّ ﷺ "" اهْتَزَّ عَرْشُ اللهِ يَوْم مَوْت سَعْد """
361,376,1,وهؤلاء بنو عمرو بن مالك بن الأوس,1,وأَخُوهٌ عَمْرو بن مُعَاذِ، شَهِدَ بَدْراً، وقُتلَ يَوْم أُحُدٍ.
361,376,1,وهؤلاء بنو عمرو بن مالك بن الأوس,2,والحَارِثَ بن أَوْس بن مُعَاذِ، شهِدَ بَدْراً، وقُتِلَ يَوْم أُحُدٍ، وكانَ فِيمَن قَتَلَكَعْب الأَشْرَفِ.
361,376,1,وهؤلاء بنو عمرو بن مالك بن الأوس,3,والحَارِثَ بن أَنَس بن رَافِع بن آمْرِئ القَيْس بن زَيْد بم عَبْدَ الأَشْهَلِ، وشَهْدَ بَدْراً، وقُتلَ يَوْم أُحُدٍ.
361,376,1,وهؤلاء بنو عمرو بن مالك بن الأوس,4,وعُمَارَةَ بن زِيَاد بب سَكَن، قُتلَ يَوْم أُحُدٍ.
361,376,1,وهؤلاء بنو عمرو بن مالك بن الأوس,5,وسِمَاُك بن عَتيِك بن آمْرِئ القَيْس بن زَيْد بن عَبْدَ الأَشْهَلِ، فَارِسُهُم في الجَاهِليَّة.
361,376,1,وهؤلاء بنو عمرو بن مالك بن الأوس,6,وانبُهُ حُضَيْرُ بن سِمَاك، الكَتَائِب، كان على الأَوْس يَوْم
362,377,1,وهؤلاء بنو عمرو بن مالك بن الأوس,1,"بُعَاث، رَكَزَ الرُّمْخَ في قَدَمِهِ، ثُمَّ قَالَ: "" أَنَا زُوَيْزُكم اليَومَ، تَوُةْني أَفِرّ الآن "" ، فَقُيِلَ يَومَئذٍ."
362,377,1,وهؤلاء بنو عمرو بن مالك بن الأوس,2,وابنُهُ أَسَيْد بن حُضَيْر، شَهِدَ العَقَبَةَ، وَهو مِنْ النُقَباءِ.
362,377,1,وهؤلاء بنو عمرو بن مالك بن الأوس,3,وسَعْدُ بن زَيْد بن مَالِك بن عُبِيْد بن كَعْب بن عَبْدَ الأَشْهَلِ، شَهِدَ العَقَبَةَ، بَدْراً.
362,377,1,وهؤلاء بنو عمرو بن مالك بن الأوس,4,وأَسْلَمُ وَهو أَبو جَبِيرَةَ بن حُصَيْن بن النُّعمَان بن سِنَانِ بن عَبْدِ بن كَعْب بن الأَشْهَلِ.
362,377,1,وهؤلاء بنو عمرو بن مالك بن الأوس,5,والضَحَّاكُ بن خَلِيفَةَ بن ثَعْلَبَةَ بن عَدِيّ بن كَعْب بن عَبْدَ الأَشْهَلِ اتُّهِمَ بالنِفَاقِ
363,378,1,وهؤلاء بنو عمرو بن مالك بن الأوس,1,ومَحْمُودٌ ويَزَيْد ابنا خَلِيفَة، قُتِلا يَوْم بُعَاثٍ.
363,378,1,وهؤلاء بنو عمرو بن مالك بن الأوس,2,وأَبو جَبِيرَةَ بن الضَحَّاكِ بن خَلِيفَةَ، دَارُهُ في ظَهْرِ المُخَيَّسِ.
363,378,1,وهؤلاء بنو عمرو بن مالك بن الأوس,3,ورِفَاعَةُ بن وَقْش بن زُغْيَةَ بن زَغُورا بن عَبْدَ الأَشْهَلِ، قُتلَ يِوْم أُحُدٍ.
363,378,1,وهؤلاء بنو عمرو بن مالك بن الأوس,4,وسَلَمَةُ بن سَلامَة بم وَقْشٍ بن زُغْبَةَ بن زَعُوراً بن عَبْدَ الأَشْهَلِ، شَهِدَ بَدْراً، والعَقَبَةَ.
363,378,1,وهؤلاء بنو عمرو بن مالك بن الأوس,5,وسِلْكَانُ بن سَلَامَة، أَخُوه.
363,378,1,وهؤلاء بنو عمرو بن مالك بن الأوس,6,وسَلَمَةُ بن ثَابِت بن قَيْس بن زَغْبَةَ، قُتلَ يَوْم أُحُدٍ.
363,378,1,وهؤلاء بنو عمرو بن مالك بن الأوس,7,وأَخُوهُ عَمْرو بن ثَابِت، قُتلَ يَوْم أُحُدٍ، وَهو الَّذي دَخَلَ الجَنَّةَ ولَمْ يُصَلّ قَطّ ركعَة.
363,378,1,وهؤلاء بنو عمرو بن مالك بن الأوس,8,وعَبَّاد بن بِشْر بن وَقْش شِهِدَ بَدْراً، وكانَ مِمَّن قَتَلَ كَعْب ابن الأَشْرَفِ وهو الَّذي يَقول:
363,378,1,وهؤلاء بنو عمرو بن مالك بن الأوس,9,صَرخَتْ فَلَمْ يَعْرِضْ لِصَوْتي … وأَوْفى طَالِعاً مِنْ فَوْقِ قَصْرِ
363,378,1,وهؤلاء بنو عمرو بن مالك بن الأوس,10,فَعدْتُ فَقَالَ مَنْ هَذا المُنَادِي … فَقُلتُ أَخَاكَ عَبَّاد بن بِشْرِ
363,378,1,وهؤلاء بنو عمرو بن مالك بن الأوس,11,وكانَ كَعْب بن الأَشْرَفِ مِن بَني نَبهَان بَطن، مِنْ طَيَّي، حَلِيف لِبَني
364,379,1,وهؤلاء بنو عمرو بن مالك بن الأوس,1,قُرَيظَةَ، وكانَ عَبَّادُ بن بِشْر أَخا كَعْب بن الأَشْرَفِ مِنْ الرِضَاعَةِ.
364,379,1,وهؤلاء بنو عمرو بن مالك بن الأوس,2,ورَافِعُ بن يَزَيْد بن سَكَنِ بن كُرْز بن زَعُورا، شَهِدَ بَدْراً.
364,379,1,وهؤلاء بنو عمرو بن مالك بن الأوس,3,ومَالِك بن أَوْس بن عَتِيك بن عَمْرو بن عَبْدَ الأَعْلَمِ بن عَامِر بن زَغْورا بن جُشَمُ، قُتِلَ يَوْم اليمَامَةِ.
364,379,1,وهؤلاء بنو عمرو بن مالك بن الأوس,4,وأَخُوهُ عُمَيْرُ بن أَوْس، قَتُلَ يَوْم اليَمَامَةِ أَيضاً.
364,379,1,وهؤلاء بنو عمرو بن مالك بن الأوس,5,وأخُوهُ الحَارِثَ بن أَوْس، قُتِلَ يَوْم أُحُدِ.
364,379,1,وهؤلاء بنو عمرو بن مالك بن الأوس,6,وأُخُوهُ إِياس بن أَوْس، قُتِلَ يَوْم الخَنْدَقِ.
364,379,1,وهؤلاء بنو عمرو بن مالك بن الأوس,7,وأبو الهَيْثَمِ مَالِك بن التَّيَّهان بن مَالِك بن عَتِيك بن عَمْرو بن عَبْدَ الأَعْلَم بن عَامِر بن زَغُورا، شَهِدَ العَقَبَةَ وبَدْراً، وكانَ نَقِيباً.
364,379,1,وهؤلاء بنو عمرو بن مالك بن الأوس,8,وأُخُوهُ عَتِيك بن التَّيَّهان، شَهِدَ بَدْراً، وقُتلَ يَوْم أُحُدٍ.
365,380,1,وهؤلاء بنو عمرو بن مالك بن الأوس,1,وَوَلَدَ حَارِثَةَ بن الحَارِث بن الخَزْرَج بن عَمْرو: جُشَمُ، ومَجْدَعَةَ، وحَوْثَرَةَ.
365,380,1,وهؤلاء بنو عمرو بن مالك بن الأوس,2,منهم: نَهِيكُ بن إِسَافَ بن عَدِيّ بن زَيْد بن عَمْرو بن زَيْد بم جُشَمُ الشَّاعِر.
365,380,1,وهؤلاء بنو عمرو بن مالك بن الأوس,3,مِنْ وَلَدِهِ: مسْكِينُ بن عَبْدَ الله بن أَبي مَعْقِلِ بن نَهِيكٍ.
365,380,1,وهؤلاء بنو عمرو بن مالك بن الأوس,4,ورَافعُ بن خَدِيج بن رَافِع بن عَدِيّ بن زَيْد بن عَمْرو بن زَيْد بن جُشَمُ بن حَارِثَةَ، صَحِبَ النَبيَّ عَرَابَةُ بن أَوْس بن قَيْظيّ بن عَمْرو، الَّذي مَدَحَهُ الشَّمَاخُ.
365,380,1,وهؤلاء بنو عمرو بن مالك بن الأوس,5,وأَبو عَبْسِ بن جَبْر بن عَمْرو بن زَيْد بن جُشَمُ بن حَارِثَةَ، شَهِدَ بَدْراً،
366,381,1,وهؤلاء بنو عمرو بن مالك بن الأوس,1,وسهَّاه النَبيُّصلى الله عليه وسلمعَبْدَ الرَّحمَان.
366,381,1,وهؤلاء بنو عمرو بن مالك بن الأوس,2,وأَبو نَمْلَةَ بن جَبْرٍ، قُتِلَ في الجَاهِليَّة.
366,381,1,وهؤلاء بنو عمرو بن مالك بن الأوس,3,وعُلْبَةُ بن زَيْد بن صَيْفي، أَحَد البَكَّائِين الَّذي لا يَجَدونَ ما ينُفقونَ.
366,381,1,وهؤلاء بنو عمرو بن مالك بن الأوس,4,ومُحَمَّدُ بن سَلَمَةُ بن خَالِد بن مَجْدَعَةَ بن حَارِثَةَن شَهِدَ بَدْراً، وَوَلاَّهُ عُمَرُ بن الخَطَّاب صَدَقاتِ جُهَيْنَةَ.
366,381,1,وهؤلاء بنو عمرو بن مالك بن الأوس,5,"وأَخوُهُ مَحْمْودُ بن مَسْلَمَةَ، قُتِلَ يَوْم خَيْبَرٍ، رُمِيَّ بِحَجَرٍ مِنْ الحُصْنِ فَنَدَرَتْ عَيْنُهُ، وكانَ الَّذي رَمَاهُ مَرْحَبُ، فَالتَفَتَ رسولُ اللهِ إلى مُحَمَّدُ بن مَسْلَمَةُ فقال: "" غَداً يُقَتَلُ قَاتِلُ أَخِيكَ "" فَلَمَّا كانَ الغَد قَتَلَهُ مُحَمَّدُ بن مَسْلَمَةُ والبَرَاءُ بن عَازِب بن الحَارِثَ بن عَدِيّ بن جُشَمُ بن حَارِثَةَ."
366,381,1,وهؤلاء بنو عمرو بن مالك بن الأوس,6,وَوَلَدَ ظَفَرُ، وهو كَعْب بن الخَزْرَج: مُرَّاً.
366,381,1,وهؤلاء بنو عمرو بن مالك بن الأوس,7,ومنهم: قَيْس بن الخَطِيم، بن عَدِيّ بن عَمْرو بن سَوَادِ بن ظَفَرٍ، الشَّاعِر.
367,382,1,وهؤلاء بنو عمرو بن مالك بن الأوس,1,وبَرْذَعُ بن النُّعمَان بن زَيْد بن عَامِر بن سَوَادٍ الشَّاعِر الَّذي يَقول
367,382,1,وهؤلاء بنو عمرو بن مالك بن الأوس,2,لَعَمِر أَبيِهِ لَايَقولُ مُجَاوري … أَلا أَنَّه قَدْ حالَ بِي اليومَ بَرْذَعُ
367,382,1,وهؤلاء بنو عمرو بن مالك بن الأوس,3,فَإِنَّي بِحَمْدِ اللةِ لا ثَوْبَ غَادِرٍ … لَبِسْتُ وَلَا مِنْ غَدْرِةٍ أَتَقَنَّعُ
367,382,1,وهؤلاء بنو عمرو بن مالك بن الأوس,4,ورِفَاعَةُ بن زَيْد بن عَامِر بن سَوَادٍ، الَّذي سَرَقَ دِرْعَهُ أُبَيْرِق الظَّفَريّ.
367,382,1,وهؤلاء بنو عمرو بن مالك بن الأوس,5,وقَتَادَةُ بن النُّعمَان بن زَيْد، شَهِدَ بَدْراً، والعَقَبَةَ.
367,382,1,وهؤلاء بنو عمرو بن مالك بن الأوس,6,وعَاصِمُ بن عُمَرَ بن قَتَادَةَ، الَّذي يُحَدَّث عَنه.
367,382,1,وهؤلاء بنو عمرو بن مالك بن الأوس,7,وعُبِيْد بن أَوْس بن مَالِك بن سَوَادٍ الَّذي يُدْعى مُقَرَّناً، لأَنَّه كانَ يُقَرَّنُ الأَسْرى يَوْم بَدْرٍ، وهو أِسَرَ العَبَّاس بن عَبْدَ المُطَّلب، وعَقِيلَ بن أبي طَالِب.
367,382,1,وهؤلاء بنو عمرو بن مالك بن الأوس,8,ويَزَيْد بن قَيْس بن الخَطِيم، قُتلَ يضوْم الجِسْرِ، قَتَلَتَهُ الأَعَاجِمُ.
367,382,1,وهؤلاء بنو عمرو بن مالك بن الأوس,9,وخَالِد بن ثَابِت بن النُّعمَان بن الحَارِثَ بن عَبْدَ رِزَاح بنظَفَرٍ قُتلَ
368,383,1,وهؤلاء بنو جشم بن مالك بن الأوس,1,يَوْم مُؤْتَهَ مَعض جعفر بن أبي طَالب ونَصْرُ بن الحَارِثَ بنعَبْدَ رِزَاح، شَهِدَ بَدْراً.
368,383,1,وهؤلاء بنو جشم بن مالك بن الأوس,2,ولَبِيدُ بن سَهْل بن الحَارِثَ بن عِرْوَةَ بن عَبْدَ رِزَاح، وَهو الَّذي لتُّهِمَ بالدِرْعِ فَوَدوا أَصحَابَهُ بني أُبَيْرق، وهو الحَارِثَ بن عَمْرو بن حَارِثَةَ بن هُتَيْمِ بن ظَفَر. وابنُهُ بِشْرُ بن أُبَيْرق الشَّاعِر.
368,383,1,وهؤلاء بنو جشم بن مالك بن الأوس,3,ومُعَتَّبُ بن عُبِيْد بن سَوَادِ بن هُتَيْم، شَهِدَ بَدْراً.
368,383,1,وهؤلاء بنو جشم بن مالك بن الأوس,4,وعَدِيّ بن ثَابِت بت قَيْس بن الخَطِيم، الَّذي يُحَدَّثُ عَنه.
368,383,1,وهؤلاء بنو جشم بن مالك بن الأوس,5,وهَؤُلاءِ بَنو عَمْرو بن مَالِك بن الأَوْس.
368,383,1,وهؤلاء بنو جشم بن مالك بن الأوس,6,وهَؤُلاءِ بَنو جُشَمُ بن مَالِك بن الأَوْس
368,383,1,وهؤلاء بنو جشم بن مالك بن الأوس,7,وَوَلَدَ جُشَمُ بن مَالِك بن الأَوْس: عَبْدَ الله، وهو خَطْمَةُ، بَطن.
368,383,1,وهؤلاء بنو جشم بن مالك بن الأوس,8,فَوَلَدَ خَطْمَةُ بن جُشَمُ: عَامِراً، ولَوْذَانُ، والحَارِثَ.
369,384,1,وهؤلاء بنو جشم بن مالك بن الأوس,1,منهم: عَدِيّ بن خَرَشَةَ بن أُمَيَّةَ بن عَامِر بن خَطْمَةَ الشَّاعِر.
369,384,1,وهؤلاء بنو جشم بن مالك بن الأوس,2,وابنُهُ الحَارِثَ، قُتل يَوْم أُحُدٍ.
369,384,1,وهؤلاء بنو جشم بن مالك بن الأوس,3,وعُمَيْرُ بن خَرَشَةَ القَارِئ، نَاصر رَسولِ اللهِ صلى الله عليه وسلمبالغَيْبِ كانتْ امَرَأَةٌ هَجَتْ النَبيَّ صلى الله عليه وسلمفأَتاهَا فَقَتَلها في مَنْزِلِها.
369,384,1,وهؤلاء بنو جشم بن مالك بن الأوس,4,وأَوْس بن خَالِد بن عُبِيْد بن أُمَيَّةَ، الَّذي يَقَولُ لهٌ حَسَّانُ بن ثَابِت يَوْم الدَّرَكِ.
369,384,1,وهؤلاء بنو جشم بن مالك بن الأوس,5,وأَفلَتَ يَوْمَ الرّضوعِ أَوْس بن خَالِد … يَمُجُّ دَمَاً كالرَّعثِ مُخْتَضِب النّحْر
369,384,1,وهؤلاء بنو جشم بن مالك بن الأوس,6,وخُزَيْمَةُ بن ثَابِت بن الفَاكِه بن ثَعْلَبَةَ بن سَاعِدَةَ بن عَامِر بن عِنَانِ بن عَامِر بن خَطْمَةَ، وهو ذُو الشَّادَتَينِ، شَهِد صِفِّين مع عَليّ بن أَبي طَالِب ﵇ .
370,385,1,وهؤلاء بنو امرئ القيس بن مالك بن الأوس,1,وحَبِيب بن حِبَاشَة بن حُوَيْرِثَةَ بن عُبَيْد بن عِنَانِ بن عَامِر، صلَّى عَليّه النّبيّ ﷺ . في قَبرِهِ بَعْد مَا دُفِنَ.
370,385,1,وهؤلاء بنو امرئ القيس بن مالك بن الأوس,2,ويَزِيد بن طُعْمَة بن الطُفَيْلُ بن حَارِثَةَ بن لَوْذَان، الشَّاعِر.
370,385,1,وهؤلاء بنو امرئ القيس بن مالك بن الأوس,3,ومَسْعُود بن عَبَّادبن حَارِثَةَ بن لَوْذَان الَّذي قَتَلَ عَامِر بن مُجَمَّع، في حَرِبِهم.
370,385,1,وهؤلاء بنو امرئ القيس بن مالك بن الأوس,4,وعَبْد اللهُ بن يَزِيد بن زَيْد بن حُصَيْن بن عَمْرو بن الحَارِثَ بن خَطْمَةَ، وَليَ الكُوفَةِ لمصَعْب بن الزُّبَيْرِ مِنْ وَلَدِه: إسحَاقُ بن مُوسى بن عَبْد اللهُ بن يَزِيد وَليَ دِيوان الصَدَقاتِ للمَأموُنِ.
370,385,1,وهؤلاء بنو امرئ القيس بن مالك بن الأوس,5,هوُّلاءِ بَنو خَطْمَة بن مَالِك بن الأوْسُ.
370,385,1,وهؤلاء بنو امرئ القيس بن مالك بن الأوس,6,وهؤُلاء بَنو امْرِئ القَيْس بن مَالِك بن الأوْس
370,385,1,وهؤلاء بنو امرئ القيس بن مالك بن الأوس,7,وَوَلَدِ آمْرِئ القَيْس بن مَالِك بن الأوْس: مَالِكاً، وهو وَاقِف، بَطن، والسَّلْم، بَطن، حُلفَاء في بَني عَمْرو بن عَوْف.
371,386,1,وهؤلاء بنو امرئ القيس بن مالك بن الأوس,1,فَوَلَدِ واقِف: كَعْباً، ونُمَيْراً، ومَالِكاً، وعَامِراً وثَعُلْبَةَ فَمِنْ بَني واقِف: هِلَالُ بن أُمَيَّةُ بن عَامِر بن قَيْس بن عَبْد الأعلم بن عَامِر بن كَعْب بن واقِف، وهو أُحُدِ البَكَّائِين.
371,386,1,وهؤلاء بنو امرئ القيس بن مالك بن الأوس,2,وعَبْد مَنَاةُ بن ثَعُلْبَةَ بن عَبْد سُوَاعِ بن مَجْدَعَةَ بن عَامِر، الَّذي يقولُ لهُ سُوَيْد بن الصَامِتْ:
371,386,1,وهؤلاء بنو امرئ القيس بن مالك بن الأوس,3,خَالِي سِمَاك رَدَّهَا بِسَلَامَة … وعَبْد مَنَاةُ والكَمِيُّ بن أَصْرَمَا
371,386,1,وهؤلاء بنو امرئ القيس بن مالك بن الأوس,4,وعَائِشَةَ بن نُمَيْر بن واقِف، الَّذي يُنَسَبُ إِليه بِئر عَائِشَةَ، قَرِيب من المدِينَةِ.
371,386,1,وهؤلاء بنو امرئ القيس بن مالك بن الأوس,5,وهَرَمِيُّ بن عَبْد اللهُ بن رِفَاعَةَ بن نَجْدَةَ بن مَخْدَعَة بن عَدِيّ بن نُمَيْر بن وَاقِف، وَهو أُحُدِ البَكَّائي.
371,386,1,وهؤلاء بنو امرئ القيس بن مالك بن الأوس,6,وقَيْس بن رِفَاعَةَ بن المُنَيَّر بن عَامِر بن عَائِشَةَ الشَّاعِر الَّذي يقولُ:
371,386,1,وهؤلاء بنو امرئ القيس بن مالك بن الأوس,7,تَذَكُّرُ قَدْ عَفَا منِهَا فَمَطلُوبُ … والسَّفْحُ مِنْ حَرَّتَي مَبْطان فَاللُّوبُ
371,386,1,وهؤلاء بنو امرئ القيس بن مالك بن الأوس,8,وأُمُ حَكِيم بِنْت عَمْرو بن قَيْس بن عَامِر بن جُعْذَبَة بن ثَعُلْبَةَ بن سَالِم بن مَالِك بن واقَف، الَّذي يقولُ فيها الشَّاعِر:
371,386,1,وهؤلاء بنو امرئ القيس بن مالك بن الأوس,9,لعَمْرُكَ إِنَّي في الحَيَاةِ لَزَاهِدُ … وَفي العَيْشِ مَالم أَلْقَ أُمَّ حَكِيم
371,386,1,وهؤلاء بنو امرئ القيس بن مالك بن الأوس,10,وأبو قُدَامَةَ بن سَهْل بن الحَارِثَ بن جَعْدَبَةَ بن ثَعُلْبَةَ بن سَالِم بن مَالِك
372,387,1,وهؤلاء بنو السلم بن آمرئ القيس,1,بن واقِف قُتِلَ بصفَّين مَعَ أَميِر المؤمِنين عَليَّ بن أبي طَالِب.
372,387,1,وهؤلاء بنو السلم بن آمرئ القيس,2,وهؤُلاء بَنو آمْرِئ القَيْس بن مَالِك بن الأوْس.
372,387,1,وهؤلاء بنو السلم بن آمرئ القيس,3,وهؤُلاء بَنو السَّلْم بن آمْرِئ القَيْس
372,387,1,وهؤلاء بنو السلم بن آمرئ القيس,4,وَوَلَدِ السَّلْم بن آمْرِئ القَيْس: غَنْماً.
372,387,1,وهؤلاء بنو السلم بن آمرئ القيس,5,وَوَلَدِ غَنْمُ بن السَّلْم: حَارِثَةَ.
372,387,1,وهؤلاء بنو السلم بن آمرئ القيس,6,منِهم: سَعْدُ بن خَيْثَمَة بن الحَارِثَ بن مَالِك بن كَعْب بن النَحَّاطِ بن كَعْب بن حَارِثَةَ، شَهِدَ بَدْراً والعُقْبَةُ، وكانَ نَقِيباً، وقُتلَ يُوْم بَدْرٍ، وقُتلَ أبوه يُوْم أُحُدِ.
372,387,1,وهؤلاء بنو السلم بن آمرئ القيس,7,والمنذرُ بن قُدامَةَ بن عَرْفَجَة بن كَعْب بن النَحَّاطِ بن كَعْب بن حَارِثَةَ، شَهِدَ بَدْراً.
372,387,1,وهؤلاء بنو السلم بن آمرئ القيس,8,هؤُلاء بَنو السَّلْم بن آمْرِئ القَيْس.
372,387,1,وهؤلاء بنو السلم بن آمرئ القيس,9,وهؤُلاء بَنو مُرَّةَ بن مَالِك بن الأوْسُ
372,387,1,وهؤلاء بنو السلم بن آمرئ القيس,10,وَوَلَدِ مُرَّةَ بن مَالِك بن الأوْس: عَامِراً، وسَعْيداً، وَهُم أَهْلَ رَاتجٍ.
372,387,1,وهؤلاء بنو السلم بن آمرئ القيس,11,فَوَلَدِ عَامِر بن مُرَّةَ: قَيْساً.
372,387,1,وهؤلاء بنو السلم بن آمرئ القيس,12,فَوَلَدِ قَيْس بن عَامِر: زَيْداً، بَطن.
373,388,1,وهؤلاء بنو مرة بن مالك بن الأوس,1,فَوَلَدِ زَيْد بن قَيْس: وائِلاً، بَطن، وأُمَيَّةُ، بَطْن، وعُطَيَّةَ، بَطن، وَهُم الجَعَادِرَة.
373,388,1,وهؤلاء بنو مرة بن مالك بن الأوس,2,فَمِنْ بَني وائِل: صَيفيُّ بن الأَسْلَتِ، وهو عَامِر بن جُشَمَ بن وائِل الشَّاعِر، وَهْوَ أبو قَيْس بن الأَسْلَتِ.
373,388,1,وهؤلاء بنو مرة بن مالك بن الأوس,3,وعُقْبَةُ بن أبي قَيْس، قُتِلَ يُوْم القَادِسيَّةَ.
373,388,1,وهؤلاء بنو مرة بن مالك بن الأوس,4,وحُصَيْن بن وَحْوَح الأَسْلَتِ، قُتْل بالعُذَيْبِ.
373,388,1,وهؤلاء بنو مرة بن مالك بن الأوس,5,وجَرْوَلُ بن جَرْوَلُ بن النُعمَانَ بن الأَسْلَتِ، الَّذي قُتلَ يَزِيد بن مِرْدَاس السُّلَميّ بابنِ عَمَّه قَيْس بن أبي قَيْس بن الأَسْلَتِ.
373,388,1,وهؤلاء بنو مرة بن مالك بن الأوس,6,وحُبَابُ بن ثَابِت بن حُبَابُ بن الأَسْلَتِ، الَّذي يقولُ لهُ كَعْب بن مَالِك:
373,388,1,وهؤلاء بنو مرة بن مالك بن الأوس,7,أَلا أَبْلِغا عَنَّي حُبَاباً رسَالَةً … ومَوْلى حُبَابُ قَدْ بَدَأتُ بِوائِل
373,388,1,وهؤلاء بنو مرة بن مالك بن الأوس,8,ولِوَحْوَحٍ يقولُ حَسَّانُ بن ثَابِت:
373,388,1,وهؤلاء بنو مرة بن مالك بن الأوس,9,سَأَلْتَ قُرَيْشاً فَلم يَعْلموا … فَسَلْ وَحْوَحاً وأَبَا عَامِر
374,389,1,وهؤلاء بنو مرة بن مالك بن الأوس,1,ِ
374,389,1,وهؤلاء بنو مرة بن مالك بن الأوس,2,ولقَيْس بن أبي قَيْس بن الأَسْلَتِ، يقولُ أبو قَيْس:
374,389,1,وهؤلاء بنو مرة بن مالك بن الأوس,3,أَقَيْس إِنْ هَلكْتَ وانتَ حَيُّ … فَلَا يُحْرَمْ فَوَاضِلَكَ العَدِيمُ
374,389,1,وهؤلاء بنو مرة بن مالك بن الأوس,4,ومن بَني أُمَيَّةُ بن زَيْد طُليب بن رِبْعِيّ بن عَبْد الأَشْهَلِ بن أُمَيَّةَ، الَّذي عَدَل إليهِ حُضَيْرُالكَتَائِبِ يُوْم بُعَاثٍ فَمَاتَ عِنْدَهُ، وبَني على قَبْرِهِ بِنَاءاً، ولهُ يقولُ خُفَافُ بن نَدْبَةَ السُّلَمِيّ:
374,389,1,وهؤلاء بنو مرة بن مالك بن الأوس,5,زَار طُلَيْباً بأكفَأنَّه … حُضَيْرُ الكَتائِبِ والمجْلسِ
374,389,1,وهؤلاء بنو مرة بن مالك بن الأوس,6,وَمِنْ بَني عَطِيّةَ بن زَيْد: شَأسُ بن قَيْس بن عُبَادَةَ بن زُهْر بن عَطِيّةَ، كانَ مِنْ أَشرَفِ الأوْسِ في الجأهلَية.
374,389,1,وهؤلاء بنو مرة بن مالك بن الأوس,7,ومن بَني سَعْيد بن مُرَّةَ بن مَالِك: حُبَابُ بن زَيْد بن تَيْم بن أُمَيَّةُ بن بَيَاضَة بن خُفَافِ بن سَعْيد بن مُرَّةَ بن مَالِك، قَتَلَ يُوْم اليَمَامَةِ.
374,389,1,وهؤلاء بنو مرة بن مالك بن الأوس,8,وأَخُوهُ حَبِيب بن زَيْد، قُتِلَ يُوْم أُحُدِ.
374,389,1,وهؤلاء بنو مرة بن مالك بن الأوس,9,وأم عَليّ بِنْت خَالِد بن تَيْم بن أُمَيَّةُ، التي نَزَلَ الأَذَانُ في بَيتها.
374,389,1,وهؤلاء بنو مرة بن مالك بن الأوس,10,هؤُلاء بَنو مُرَّةَ بن مَالِك بن الأوْسُ.
375,390,1,وهولأء,1,وهم آخر الأوْسُ بن حَارِثَةَ.
375,390,1,وهولأء,2,وَهْوَلأء بَنو الخَزْرَجُ بن حَارِثَةَ
375,390,1,وهولأء,3,وَوَلَدِ الخَزْرَجُ بن حَارِثَةَ: عَمْراً، والحَارِثَ، بَطن، ويُقالُ لِعَمرو والحَارِثَ: دُحَيً، وهما الخُرطُومَان، أُمَّهُما: بِنْت عَامِرالغِطْرِيف الأَزرِيّ، أَخُوهُما لأُمَّهُما: الحَارِثَ بن مُعَاوِية الكِنْديّ، وفيهِ يقولُ حَسَّان بن ثَابِت:
375,390,1,وهولأء,4,وإِذا دَعَوْتُ الحَارِثَينِ أَجَابَني … كِنْدِيُّهم والحَارِثَ بن الخَزْرَجِ
375,390,1,وهولأء,5,وعَوْفاً، وجُشَمَ، وكَعْباً، أُمَّهُم: بِنْت عَليّ بن قَيْس الغَسَّانيّ.
375,390,1,وهولأء,6,فَوَلَدِ عَمْرو بن الخَزْرَجُ: ثَعُلْبَةَ، أُمَّهُ: هِنْدُ بِنْت آمْرِئ القَيْس بن كَعْب بن عَمْرو مُزَيْقِيا.
375,390,1,وهولأء,7,فَوَلَدِ ثَعُلْبَةَ بن عَمْرو: تَيْم اللهُ، وهَو النَجَّار، لأنَّه ضَرَبَ رَجُلا فَنَجَرَهُ،
375,390,1,وهولأء,8,وَهْوَلاء بَنو النَجَّار بن ثَعُلْبَة
375,390,1,وهولأء,9,فَوَلَدِ النَجَّار بن ثَعُلْبَةَ بن عَمْرو: مَالِكاً، بَطن، وعَدِيّاً، بَطن، ومَازِناً، بَطن، ودِينَاراً، بَطن، أُمَّهُم: نَعَامَةُ بِنْت الحَارِثَ بن الخَزْرَجُ.
375,390,1,وهولأء,10,فضوَلَدَ مَالِك بن النَجَّار: عَمْراً، وغَنْماً، ومُعَاوِيَةَ، وعَامِراً، وهو مَبْذولٌ بطن، أُمُّهم: كَبْشَةُ بِنت الخَزْرَج بن الحَارِث بن الخَزْرَج
376,391,1,وهولاء بنو النجار بن ثعلبة,1,فَوَلَدِ عَمْرو بن مَالِك بن النَجَّار بن ثَعُلْبَةَ بن عَمْرو بن الخَزْرَجُ: مُعَاوِية، أُمَّهُ. جُذيلةُ بِنْت مَالِك بن زَيْد مَنَاةُ بن حَبِيب بن عَبْد حَارِثَةَ بن مَالِك بن غَضْب بن الخَزْرَجُ، وبها يعرفون.
376,391,1,وهولاء بنو النجار بن ثعلبة,2,وعَدِيّاً، أُمَّهُ: مَغَالَةَ بِنْت فُهَيْرَة بن عَامِر بن بَيَاضَة بن عَبْد حَارِثَةَ بن مَالِك بن غَضْب بن جُشَمَ ين الخَزْرَجُ، وبها يعرفون.
376,391,1,وهولاء بنو النجار بن ثعلبة,3,فَمِنْ بَني مَغَالَةَ المنذر بن حَرَام بن عَمْرو بن زَيْد مَنَاةُ بن عَدِيّ بن عَمْرو بن مَالِك بن النَجَّار، الَّذي تَحَاكَمَتْ إِليهِ الأوْس والخَزْرَجُ في حَرْبِهم.
376,391,1,وهولاء بنو النجار بن ثعلبة,4,مِن وَلَدِه: حَسَّان بن ثَابِت بن المنذر بن حَرَام، الشَّاعِر، أُمَّهُ: فُرَيْعَةُ بِنْت حُبَيْش بن لَوْذَان بن عَبْد وَدّ بن زَيْد بن ثَعُلْبَةَ بن الخَزْرَج بن سَاعِدَة بن كَعْب، بها يعرفون.
376,391,1,وهولاء بنو النجار بن ثعلبة,5,مِن وَلَدِه: عَبْد الرَّحمان بن حَسَّان الشَّاعِر.
376,391,1,وهولاء بنو النجار بن ثعلبة,6,ورُوَيفِعُ بن سَكَنَ بن عَدِيّ بن حَارِثَةَ بن عَمْرو بن زَيْد مَنَاةُ بن عَدِيّ بن
377,392,1,وهولاء بنو النجار بن ثعلبة,1,عَمْرو بن مَالِك بن النَجَّار، حَضَرَ فَتْحَ مِصْرَ، واخْتَطَّ بِها، وَوَليَ بَرَقَةَ، وقَبْرُهُ بِها.
377,392,1,وهولاء بنو النجار بن ثعلبة,2,وأبو طَلْحَةَ، وَهْوَ زَيْد بن سَهْل بن الأَسْوَدَ بن حَرَام بن عَمْرو بن زَيْد مَنَاةُ بن عَدِيّ، شَهِدَ بَدْراً والعُقْبَةُ.
377,392,1,وهولاء بنو النجار بن ثعلبة,3,ومِن بَني حُدَيْلَةَ: أُبي بن كَعْب بن قَيْس بن زَيْد بن مُعَاوِية بن عَمْرو بن مَالِك بن النَجَّار، الَّذي تُنَسَبُ اليه القراءة شَهِدَ بَدْراً.
377,392,1,وهولاء بنو النجار بن ثعلبة,4,وأبو حَبِيب بن زَيْد بن الحُبَابُ بن اني بن زَيْد بن عُبَيْد بن مُعَاوِية بن عَمْرو شَهيدَ بَدْراً.
377,392,1,وهولاء بنو النجار بن ثعلبة,5,ومن بَني غَنْمُ بن مَالِك بن النَجَّار: أبو أيُوب، خَالِد بن زَيْد بن كُليب بن ثَعُلْبَةَ بن عَبْد بن عَوْف بن غَنْمُ بن مَالِك شَهِدَ بَدْراً، والعُقْبَةُ، ونزل عَليّه النّبيّ ﷺ في منزلهُ حين هاجر، وتوفي بأرض الرُّومِ.
378,393,1,وهولاء بنو النجار بن ثعلبة,1,وثَابِت بن خَالِد بن النُعمَانَ بن خَنساء بن عُشَيْرَةَ بن عَبْد عَوْف بن غَنْمُ، شَهِدَ بَدْراً.
378,393,1,وهولاء بنو النجار بن ثعلبة,2,وسُرَاقَةَ بن كَعْب بن عَبْد العزَّى بن غَزِيَّةَ بن عَمْرو بن عَبْد بن عَوْف بن غَنْمُ، شَهِدَ بَدْراً، وقَتَلَ يُوْم اليَمَامَةِ.
378,393,1,وهولاء بنو النجار بن ثعلبة,3,وعُمَارَةُ بن حَزْم بن زَيْد بن لَوْذَان بن عَمْرو بن عَبْد بن عَوْف بن غَنْمُ، شَهِدَ بَدْراً، وقَتَلَ يُوْم اليَمَامَةِ.
378,393,1,وهولاء بنو النجار بن ثعلبة,4,وأَخُوهُ عَمْرو بن حَزْم، وَلاَّهُ النّبيّ ﷺ اليَمَنِ.
378,393,1,وهولاء بنو النجار بن ثعلبة,5,من وَلَدِه: أبو بَكْر بن مُحَمَّد بن عَمْرو بن حَزْم، ولي المدِينَةِ للوليد وسُلَيْمان ابَني عَبْد العَزِيز بن مُرّوَان.
378,393,1,وهولاء بنو النجار بن ثعلبة,6,وزَيْد بن ثَابِت بن الضَّحَّاكِ بن زَيْد بن لَوْذَان بن عَمْرو بن عَبْد
379,394,1,وهولاء بنو النجار بن ثعلبة,1,بن عَوْف بن غَنْمُ، الَّذي تُنَسَبُ إِليه الفَرَائِض.
379,394,1,وهولاء بنو النجار بن ثعلبة,2,"ومُعَاذُ، ومُعَوَّذُ، وعَوْف، بَنو الحَارِثَ بن رِفَاعَةَ بن الحَارِثَ بن سَوَادِ بن غَنْمُ بن مَالِك بن النَجَّار، شَهِدَ بَدْراً جماعتهم، قَتَلَ مُعَاذُ ومعُوذ يُوْمئذٍ، فجاءت أُمَّهُم إلى النّبيّ ﷺ فَقَألت: "" أعَوْف يا رسولِ اللهُ هَذا أَشَرُّ بَني "" فَقَألَ: لَا."
379,394,1,وهولاء بنو النجار بن ثعلبة,3,"والبقية مِن عَفراء في بَني عَوْف بن عَفراء، وهم يُعرفون ببَني عفراء، وهي أُمَّهُم، بِنْت عُبَيْد بن ثَعُلْبَةَ بن عُبَيْد بن ثَعُلْبَةَ، من بين غَنْمُ بن مَالِك بن النَجَّار ونُعَيْمان بن عَمْرو بن رِفَاعَةَ بن الحَارِثَ بن سَوَادِ بن غَنْمُ، كان النّبيّ ﷺ إِذا نَظَرَ إلى نُعمَانَ لم يتمَالِك نَفْسَهُ ان يَضحَكَ، واشترى نُعمَانَ يُوْماً بعيراً فَنَحَرَهُ ولم يعط ثمنِه، فجاء صَاحِبُهُ يشكوه إلى النّبيّ ﷺ فَقَأل النّبيّ ﷺ : "" اذهَبوا بِنا نَطلبهُ "" ، فَوجَده، فَقَأل ﵇ : "" هذا نُعمَانَ "" لِصَاحِب،"
380,395,1,وهولاء بنو النجار بن ثعلبة,1,"البَعير فَقَأل نُعمَانَ: "" لاجَرْم لايُغَرّم البَعِير غَيْرك "" فَغَرمَهُ عنه النّبيّ ﷺ ، أُمَّهُ فُطَيمَةُ الكَاهِنة."
380,395,1,وهولاء بنو النجار بن ثعلبة,2,وعَبْد اللهُ بن قَيْس بن خَالِد بن الحَارِثَ بن سَوَادِ، شَهِدَ بَدْراً، وقَتَلَ يُوْم أُحُدِ.
380,395,1,وهولاء بنو النجار بن ثعلبة,3,وعَمْرو بن قَيْس بن زَيْد بن سَوَادِ، شَهِدَ بَدْراً.
380,395,1,وهولاء بنو النجار بن ثعلبة,4,وابَنَه قَيْس بن عَمْرو بن قَيْس بن زَيْد بن سَوَادِ، شَهِدَ بَدْراً.
380,395,1,وهولاء بنو النجار بن ثعلبة,5,وسَهْل، وسُهَيْلُ أبنا رَافِع بن أَبي عَمْرو بن عائذ بن ثَعُلْبَةَ بن غَنْمُ، وهما اللَّذان كان لهُما مسجد النّبيّ ﷺ .
380,395,1,وهولاء بنو النجار بن ثعلبة,6,واسِعدُ الخَيْرِ بن زُرَارَةَ بن عُدَس بن عُبَيْد بن ثَعُلْبَةَ بن غَنْمُ، وَهْوَ أبو أمامة، شَهِدَ بَدْراً، وكان نَقِيباً.
380,395,1,وهولاء بنو النجار بن ثعلبة,7,وحَارِثَةَ بن النُعمَانَ بن رُفَيْع بن زَيْد بن عُبَيْد بن ثَعُلْبَةَ بن غَنْمُ، شَهِدَ
381,396,1,وهولاء بنو النجار بن ثعلبة,1,بَدْراً، وكانَ يَضَعُ تَحْتَ رَأسَه نَفَقَتَهُ كُلَّ شهْرٍ.
381,396,1,وهولاء بنو النجار بن ثعلبة,2,وقَيْس بن قهد بن قَيْس بن ثَعُلْبَةَ بن عُبَيْد بن ثَعُلْبَةَ بن غَنْمُ.
381,396,1,وهولاء بنو النجار بن ثعلبة,3,وابَنَه سُلَيْم بن قَيْس، شَهِدَ بَدْراً.
381,396,1,وهولاء بنو النجار بن ثعلبة,4,ومَسْعُود بن أوْسُ بن زَيْد بن ثَعُلْبَةَ بن عُبَيْد بن ثَعُلْبَةَ بن غَنْمُ، وَهْوَ أَبو مُحَمَّد، شَهِدَ بَدْراً.
381,396,1,وهولاء بنو النجار بن ثعلبة,5,ورَافِع بن الحَارِثَ بن سَوَادِ بن زَيْد بن ثَعُلْبَةَ بن غَنْمُ بن مَالِك، شَهِدَ بَدْراً.
381,396,1,وهولاء بنو النجار بن ثعلبة,6,وأبو مُرّيَم، عَبْد الغَفَّار بن القَاسِم بن عَمْرو بن قَيْس بن قَيْس بن فَهْدٍ المحَدَّثُ، وكان لايَصْبِر عِنْدَ النّبيّذ.
381,396,1,وهولاء بنو النجار بن ثعلبة,7,وأَخُوهُ عَبْد المؤمون بن القَاسِم.
381,396,1,وهولاء بنو النجار بن ثعلبة,8,ويَحيى بن سَعْيد بن قَيْس بن عَمْرو بن سَهْل بن ثَعُلْبَةَ بن الحَارِثَ بن
382,397,1,وهولاء بنو النجار بن ثعلبة,1,زَيْد بن ثَعُلْبَةَ، ولي القَضَاء لأبي جَعْفَرُ المنْصور.
382,397,1,وهولاء بنو النجار بن ثعلبة,2,وكان جَدُّهُ سَهْل بن ثَعُلْبَةَ من المَنَافقين.
382,397,1,وهولاء بنو النجار بن ثعلبة,3,ومن بَني مَبْذُول بن مَالِك: ثَعُلْبَةَ بن عَمْرو بن مِحِصْن بن عَمْرو بن عَتِيك بن عَمْرو بن مبذُول، شَهِدَ بَدْراً.
382,397,1,وهولاء بنو النجار بن ثعلبة,4,وأَخُوهُ حَبِيب بن عَمْرو، قَتَلَ يُوْم اليمأُمَّهُ.
382,397,1,وهولاء بنو النجار بن ثعلبة,5,وأَخُوهُ ابو عمُرَّةَ، وَهْوَ بَشِير بن عَمْرو بن مِحِصْن، قَتَلَ يُوْم صَيْفيُّن مع عَليّ بن ابي طَالب، أُمَّهُ: هِنْدُ بِنْت المقومبن عَبْد المطلب بن هَاشِم.
382,397,1,وهولاء بنو النجار بن ثعلبة,6,مِنْ ولهُ: أبو المقوم: يَحيى بن ثَعُلْبَةَ بن عَبْد اللهُ بن ابي عمُرَّةَ، وأُمَّهُ: عَائِشَةَ بِنْت عَبْد الرَّحمان بن السَّائِب الحَجَبيّ.
382,397,1,وهولاء بنو النجار بن ثعلبة,7,والحَارِثَ بن الصَّمَّةِ بن عَمْرو بن مبذُول، شَهِدَ بَدْراً وقَتَلَ يُوْم بئر مَعَوْنَةَ.
382,397,1,وهولاء بنو النجار بن ثعلبة,8,وابَنَه سَعْيد بن الحَارِثَ، قَتَلَ يُوْم صَيْفيُّن مع عَليّ بن ابي طَالب ﵇ .
383,398,1,وهولاء بنو النجار بن ثعلبة,1,وسَهْل بن عَتِيك بن النُعمَانَ بن عَمْرو بن عَتِيك بن عَمْرو بن مبذُول، شَهِدَ بَدْراً.
383,398,1,وهولاء بنو النجار بن ثعلبة,2,والطُفَيْلُ بن سَعْدُ بن عَمْرو بن كَعْب بن مَالِك بن مبذُول، قَتَلَ يُوْم بئر معَوْنَة.
383,398,1,وهولاء بنو النجار بن ثعلبة,3,وسَهْل بن عَامِر بن سَعْدُ بن عَمْرو بن عَتِيك بن عَمْرو، قَتَلَ يُوْم بئر معَوْنَة.
383,398,1,وهولاء بنو النجار بن ثعلبة,4,ومن بَني عَدِيّ بن النَجَّار: أبو أنس بن صِرْ مَةَ بن مَالِك بن عَدِيّ بن عَامِر بن غَنْمُ بن عَدِيّ بن النَجَّار.
383,398,1,وهولاء بنو النجار بن ثعلبة,5,وصِرْمَةَ بن أبي أنس، وَهْوَ أبو قَيْس، قال حين قدمَ رسولِ اللهُ ﷺ المدِينَةِ وآمن بها هو وأصحابه:
383,398,1,وهولاء بنو النجار بن ثعلبة,6,ثوى في قُريش بضعَ عَشرةَ حِجَّة … يُذكَّر لو يَلقى صَدِيقاً مُواتِيا
383,398,1,وهولاء بنو النجار بن ثعلبة,7,ومُحرزُ بن عَامِر بن مَالِك بن عَدِيّ بن عَامِر بن غَنْمُ بن عَدِيّ بن النَجَّار،
384,399,1,وهولاء بنو النجار بن ثعلبة,1,شَهِدَ بَدْراً، وتوفي في صبيحة غدا النّبيّ ﷺ إلى أُحُدِ.
384,399,1,وهولاء بنو النجار بن ثعلبة,2,وعَامِر بن أُمَيَّةُ بن زَيْد بن الحَسْحَاسِ بن مَالِك بن عَدِيّ، شَهِدَ بَدْراً، وقَتَلَ يُوْم أُحُدِ.
384,399,1,وهولاء بنو النجار بن ثعلبة,3,وبَنو الحَسْحَاسِ الَّذي ذكرُهْم حَسَّان بن ثَابِت في شِعْرِهِ حيث يقولُ:
384,399,1,وهولاء بنو النجار بن ثعلبة,4,دِيارُ بَني الحَسْحَاسِ قَفْرً … تُعَفَّيَها الرَّوامِسُ والسَّماءُ
384,399,1,وهولاء بنو النجار بن ثعلبة,5,وأبو حَكِيم بن ثَعُلْبَةَ بن وَهْب بن عَدِيّ بن مَالِك، شَهِدَ بَدْراً.
384,399,1,وهولاء بنو النجار بن ثعلبة,6,وأبو خَارِجَةُ، عَمْروبن قَيْس بن مَالِك بن عَدِيّ بن عَدِيّ بن عَامِر بن غَنْمُ بن عَدِيّ، شَهِدَ بَدْراً.
384,399,1,وهولاء بنو النجار بن ثعلبة,7,وابَنَه أسيرة بن عَمْرو، وَهوَ أبو سُلَيْط، شَهِدَ بَدْراً.
384,399,1,وهولاء بنو النجار بن ثعلبة,8,وسُلَيْط بن قَيْس بن عَمْرو بن غَنْمُ بن مَالِك بن عَدِيّ بن عَامِر، شَهِدَ بَدْراً، وقَتَلَ يُوْم قُسَّ النَّاطِف وثَابِت بن خَنساء بن عَمْرو بن مَالِك بن عَدِيّ بن عَامِر، شَهِدَ بَدْراً،
385,400,1,وهولاء بنو النجار بن ثعلبة,1,وقَتَلَ يُوْم أُحُدِ.
385,400,1,وهولاء بنو النجار بن ثعلبة,2,وأبو الأعْوَرِ، كَعْب بن الحَارِثَ بن ظَالم بن عَبْس بن حَرَام بن جُنْدَب بن عَامِر بن غَنْمُ بن عَدِيّ، شَهِدَ بَدْراً.
385,400,1,وهولاء بنو النجار بن ثعلبة,3,وقَيْس بن سَكَنَ بن قَيْس بن زَيْد بن حَرَام، يَكُنى أبا زَيْد، وقَتَلَ يُوْم قُسَّ النَّاطِف، وَهْوَ أُحُدِ القراء الَّذين جَمَعوا القُرآن إلى عَهْدِ رسولِ اللهُ ﷺ .
385,400,1,وهولاء بنو النجار بن ثعلبة,4,وسُلَيْم بن مِلْحَان بن خَالِد بن زَيْد بن حَرَام بن جُنْدَب، شَهِدَ بَدْراً، وقَتَلَ يُوْم بئر معَوْنَة.
385,400,1,وهولاء بنو النجار بن ثعلبة,5,وأنس بن النَّضْر بن ضَمْضَم بن زَيْد بن حَرَام، قَتَلَ يُوْم أُحُدِ.
385,400,1,وهولاء بنو النجار بن ثعلبة,6,وأنس بن مَالِك بن النَّضْر بن ضَمْضَم، صَاحب النّبيّ ﷺ وَهْوَ خادم النّبيّ ﷺ .
385,400,1,وهولاء بنو النجار بن ثعلبة,7,وَوَلَدِ مَازِن بن النَجَّار: غَنْمُاً، وثَعُلْبَةَ، وعَامِراً.
385,400,1,وهولاء بنو النجار بن ثعلبة,8,منِهم: حَبِيب بن زَيْد بن عَاصِم بن عَمْرو بن عَوْف بن مبذُول بن عَمْرو بن غَنْمُ بن مَازِن، قَتَلَهُ مُسَيْلمةُ الكذاب، وَهْوَ رسولِ رسولِ
386,401,1,وهولاء بنو النجار بن ثعلبة,1,اللهُ ﷺ إليهِ.
386,401,1,وهولاء بنو النجار بن ثعلبة,2,وأَخُوهُ عَبْد اللهُ بن زَيْد، أُمَّهُما أُم عُمَارة، وبها يعرفون؛ واسْمُها: نُسيبة بِنْت كَعْب بن عَمْرو بن عَوْف، ولهُا ولبَنيها صُحْبَةّ.
386,401,1,وهولاء بنو النجار بن ثعلبة,3,وشَهِدَ عَبْد اللهُ أُحُدِاً، ولم يشَهِدَ بَدْراً، وَهْوَ صَاحِبُ حديث الوضوءِ، وقَتَلَ يُوْم الحُرَّة.
386,401,1,وهولاء بنو النجار بن ثعلبة,4,وعَبْد الرَّحمان بن كَعْب بن عَمْرو بن عَوْف بن مبذُول بن عَمْرو بن غَنْمُ بن مَازِن، وهم الَّذين تولوا وأعْيَنُهْم تَفيِضُ مِنْ الدَّمْع حَزْناً إلاَّيَجدوا ما يُنْفِقُون.
387,402,1,وهولاء بنو النجار بن ثعلبة,1,وأَخُوهُ عَبْد اللهُ بن كَعْب، شَهِدَ بَدْراً.
387,402,1,وهولاء بنو النجار بن ثعلبة,2,وقَيْس بن أبي صَعْصَعَةَ بن زَيْد بن عَوْف بن مبذُول.
387,402,1,وهولاء بنو النجار بن ثعلبة,3,والحَارِثَ بن كَعْب بن عَمْرو بن مبذُول، قَتَلَ يُوْم اليَمَامَةِ.
387,402,1,وهولاء بنو النجار بن ثعلبة,4,وأَخُوهُ خَالِد بن كَعْب بن عَمْرو بن مبذُول، قَتَلَ يُوْم بئر معَوْنَة.
387,402,1,وهولاء بنو النجار بن ثعلبة,5,وعرفة بن غَزِيَّةَ بن عَمْرو بن عَطِيّةَ بن خَنساء بن مبذُول، قنل يُوْم اليَمَامَةِ.
387,402,1,وهولاء بنو النجار بن ثعلبة,6,وأَخُوهُ ضمُرَّةَ بن غَزِيَّةَ، قَتَلَ يُوْم الجِسْر.
387,402,1,وهولاء بنو النجار بن ثعلبة,7,ويَحيى وواسِع ابنا حَبَّان بن مُنْقِذ بن عَمْرو بن عَطِيّةَ بن خَنساء؛ أُمَّهُما: أروى بِنْت رَبِيعُةَ بن الحَارِثَ بن عَبْد المطلب.
387,402,1,وهولاء بنو النجار بن ثعلبة,8,ومُحَمَّد بن يَحيى بن حَبَّان الفقيه.
387,402,1,وهولاء بنو النجار بن ثعلبة,9,ومن وَلَدِ دينار بن النَجَّار: عَبْد اللهُ بن عَمْرو بن وَاهِب بن عَبْد
388,403,1,وهولاء بنو النجار بن ثعلبة,1,الأهلَ بن حَارِثَةَ بن دينار الشَّاعِر.
388,403,1,وهولاء بنو النجار بن ثعلبة,2,والنُعمَانَ بن عَبْد بن عَمْرو بن مَسْعُود بن كَعْب بن عَبْد الأششهل بن حَارِثَةَ، شَهِدَ بَدْراً، وقَتَلَ يُوْم أُحُدِ.
388,403,1,وهولاء بنو النجار بن ثعلبة,3,وأَخُوهُ الضَّحَّاكِ بن عَبْد، هد بَدْراً.
388,403,1,وهولاء بنو النجار بن ثعلبة,4,وأَخُوهُ قُطْبَةُ بن عَبْد، قَتَلَ يُوْم بئر معَوْنَة.
388,403,1,وهولاء بنو النجار بن ثعلبة,5,وكَعْب بن زَيْد بن قَيْس بن مَالِك بن كَعْب بن عَبْد الأَشْهَلِ بن حَارِثَةَ، شَهِدَ بَدْراً، وقَتَلَ يُوْم الخندق.
388,403,1,وهولاء بنو النجار بن ثعلبة,6,وأبو حَرَام، عَمْرو بن قَيْس بن مَالِك بن كَعْب بن عَبْد الأَشْهَلِ بن حَارِثَةَ، شَهِدَ بَدْراً.
388,403,1,وهولاء بنو النجار بن ثعلبة,7,وابَنَه عَبْد اللهُ بن أبي حَرَام.
388,403,1,وهولاء بنو النجار بن ثعلبة,8,وعَبْد اللهُ بن أبي خَالِد بن قَيْس بن مَالِك بن كَعْب بن عَبْد الأَشْهَلِ، قَتَلَ يُوْم الخندق.
388,403,1,وهولاء بنو النجار بن ثعلبة,9,وسَعْيد بن سَهْل بن كَعْب، شَهِدَ بَدْراً.
389,404,1,وهولاء بنو الحارث بن الخزرج,1,وسُلَيْم بن الحَارِثَ بن ثَعُلْبَةَ بن كَعْب، شَهِدَ بَدْراً، وقَتَلَ يُوْم أُحُدِ.
389,404,1,وهولاء بنو الحارث بن الخزرج,2,هؤُلاء بَنو النَجَّار بن ثَعُلْبَةَ.
389,404,1,وهولاء بنو الحارث بن الخزرج,3,وَهْوَلاء بَنو الحَارِثَ بن الخَزْرَجُ
389,404,1,وهولاء بنو الحارث بن الخزرج,4,وَوَلَدِ الحَارِثَ بن الخَزْرَجُ: الخَزْرَجُ، وجُشَمَ، وزَيْداً، وهما: التوءَمان؛ وعَوْفاً، وفخراً، لم ينَصْرُ منِهم أُحُدِ، ساروا إلى الشَّامِ؛ وجردشاً، دخل في غَسَّان.
389,404,1,وهولاء بنو الحارث بن الخزرج,5,وَوَلَدِ الخَزْرَجُ بن الحَارِثَ: كَعْباً؛ أُمَّهُ: مارية بِنْت عَوْف بن الحَارِثَ.
389,404,1,وهولاء بنو الحارث بن الخزرج,6,فَوَلَدِ كَعْب بن الخَزْرَجُ بن الحَارِثَ: ثَعُلْبَةَ؛ أُمَّهُ: حُرةُ بِنْت جم بن الحَارِثَ بن الخَزْرَجُ.
389,404,1,وهولاء بنو الحارث بن الخزرج,7,وعَدِيّاً؛ أُمَّهُ: كَبْشَةُ بِنْت سَالِم بن عَوْف بن الخَزْرَجُ.
389,404,1,وهولاء بنو الحارث بن الخزرج,8,فَوَلَدِ ثَعُلْبَةَ بن كَعْب: مَالِكاً، وَهْوَ الأغَرّ؛ وحَارِثَةَ وعَامِراً، ساروا إلى الشَّامِ مع غَسَّان في الجأهلَية منِهم: عَمْرو بن آمْرِئ القَيْس بن مَالِك بن ثَعُلْبَةَ، الَّذي تحاكمت إليه الأوْسُ والخَزْرَجُ في حرب سُمَّير.
389,404,1,وهولاء بنو الحارث بن الخزرج,9,من وَلَدِه: عَبْد اللهُ بن رَوَاحَةَ بن عَمْرو بن آمْرِئ القَيْس، ششَهِدَ بَدْراً،
390,405,1,وهولاء بنو الحارث بن الخزرج,1,والعُقْبَةُ، وكان نَقِيباً شَاعِراً، وقَتَلَ يُوْم مؤتة، وَهْوَ أُحُدِ الثَلاثِة الأمُرّاء.
390,405,1,وهولاء بنو الحارث بن الخزرج,2,ومنِهم: خَلاَّدُ بن سُوَيْد بن ثَعُلْبَةَ بن عَمْرو بن حَارِثَةَ بن آمْرِئ القَيْس أبن مَالِك الأغَرّ، شَهِدَ بَدْراً، وقَتَلَ يُوْم بَني قريظة.
390,405,1,وهولاء بنو الحارث بن الخزرج,3,والسَّائِب بن خَلاَّدُ، ولي اليَمَنِ لمعَاوِية.
390,405,1,وهولاء بنو الحارث بن الخزرج,4,وسَعْدُ بن الرَبِيعُ بن أبي زُهَيْر بن مَالِك بن آمْرِئ القَيْس بن مَالِك بن الأغَرّ، شَهِدَ بَدْراً والعُقْبَةُ، وكان نَقِيباً، وقيل يُوْم أُحُدِ.
390,405,1,وهولاء بنو الحارث بن الخزرج,5,وخَارِجَةُ بن زَيْد بن أبي زُهَيْر بن مَالِك بن آمْرِئ القَيْس، شَهِدَ بَدْراً، والعُقْبَةُ، وقَتَلَ يُوْم أُحُدِ وابَنَه زَيْد بن خَارِجَةُ، الَّذي تكلم بعد موته في زمن عُثَمَانُ بالمدِينَةِ.
390,405,1,وهولاء بنو الحارث بن الخزرج,6,وثَابِت بن قَيْس بن الشَمَّاسِ بن ابي زُهَيْر، وَهْوَ خطيبُ النّبيّ ﷺ
391,406,1,وهولاء بنو الحارث بن الخزرج,1,قَتَلَ يُوْم اليَمَامَةِ، وكان على الأنصَارِ.
391,406,1,وهولاء بنو الحارث بن الخزرج,2,وبَشِير بن سَعْدُ بن ثَعُلْبَةَ بن جلاس بن زَيْد بن مَالِك الأغَرّ، شَهِدَ بَدْراً، والعُقْبَةُ، وَهْوَ اول النَّاسِ بَايعَ ابا بَكْر الصديق خُلَيْفُةَ رسولِ اللهِ ﷺ وَرَضِيَ عن ابي بَكْر، يُوْم السّقِيفَةِ من الأنصَارِ.
391,406,1,وهولاء بنو الحارث بن الخزرج,3,وأَخُوهُ سِمَاك بن سَعْدُ، شَهِدَ بَدْراً.
391,406,1,وهولاء بنو الحارث بن الخزرج,4,وابَنَه النُعمَانَ بن بَشِير، ولي اليَمَنِ لمعَاوِية، وولي الكُوفَةِ ليَزِيد بن مُعَاوِية، وقَتَلَهُ أهلَ حِمْص في طاعة ابن الزُّبَيْرِ.
391,406,1,وهولاء بنو الحارث بن الخزرج,5,وابِنْته عمُرَّةَ بِنْت النُعمَانَ، التي قَتَلَهُا مصَعْب بن الزُّبَيْرِ، كانت تحت المختار بن ابي عُبَيْد.
391,406,1,وهولاء بنو الحارث بن الخزرج,6,وزَيْد بن أرْقَم بن قَيْس بن النُعمَانَ بن مَالِك الأغَرّ، صَحِبَ النّبيّ ﷺ وَهْوَ غُلَام، ودَاره في الكُوفَةِ، في كِنْدَةَ في بَني البَّداء.
392,407,1,وهولاء بنو الحارث بن الخزرج,1,وعَمْرو بن عَامِر بن زَيْد مَنَاةُ بن مَالِك الأغَرّ الشَّاعِر، وَهْوَ ابن الإطَنَاَبةِ، نَسَبُ إلى أُمَّهُ، وهي بِنْت زِيَاد بن زَيَّان، من بَلْقين.
392,407,1,وهولاء بنو الحارث بن الخزرج,2,من وَلَدِه: قُرطة بن كَعْب بن عَمْرو بن عَامِر، ولاه عَليّ بن ابي طَالب الكُوفَةِ لما سار إلى الجَمَلَ.
392,407,1,وهولاء بنو الحارث بن الخزرج,3,وابَنَه عَمْرو، قَتَلَ مع الحُسَين بن عَليّ بن ابي طَالب ﵉ .
392,407,1,وهولاء بنو الحارث بن الخزرج,4,وواقد بن الإطَنَاَبةِ، الَّذي يقولُ فيه حَسَّان بن ثَابِت:
392,407,1,وهولاء بنو الحارث بن الخزرج,5,وأُبَيُّ وَوَاقِدٌ أُطَلْقَا لِي … ثُمَّ رَاحواوقُفْلهُم مَحْطُومُ
392,407,1,وهولاء بنو الحارث بن الخزرج,6,وانا الصَّقْرُ عِنْدَ بَاب أبن سَلمى … يُوْم نُعمَانَ في الكُبولِ مُقِيمُ
392,407,1,وهولاء بنو الحارث بن الخزرج,7,وزَيْد بن النُعمَانَ بن مَالِك بن قَوْقَل، كان أُحُدِهم النُعمَانَ، وَهْوَ ابن سَلمى، النُعمَانَ بن الحَارِثَ بن ابي شمُرّ الغَسَّاني؛ وقد قالوا: بل هو النُعمَانَ بن المنذر اللَّخْمِيّ.
393,408,1,وهولاء بنو الحارث بن الخزرج,1,ويَزِيد بن الحَارِثَ بن قَيْس بن مَالِك بن أحمُرّ بن حَارِثَةَ بن كَعْب بن الخَزْرَجُ، يُقالُ لهُ، ابن فسحم، شَهِدَ بَدْراً.
393,408,1,وهولاء بنو الحارث بن الخزرج,2,وأَخُوهُ عَبْد اللهُ بن الحَارِثَ؛ وأُمَّهُما: فسحم من بَلْقين.
393,408,1,وهولاء بنو الحارث بن الخزرج,3,وَوَلَدِ عَدِيّ بن كَعْب بن الخَزْرَجُ بن الحَارِثَ بن الخَزْرَجُ: عَامِرة، وعَامِرا.
393,408,1,وهولاء بنو الحارث بن الخزرج,4,فَوَلَدِ عَامِر بن عَدِيّ: مَالِكا، وعُبَيْده، وعَبْدة، هؤُلاء الأصحاء.
393,408,1,وهولاء بنو الحارث بن الخزرج,5,وعَدِيّا، وثَعُلْبَةَ، وغَنْمُا، ولَوْذَان، يُقالُ فيهم وهم الأحلاف.
393,408,1,وهولاء بنو الحارث بن الخزرج,6,منِهم: سُبَيْعُ بن قَيْس بن عيشة بن أُمَيَّةُ بن مَالِك بن عَامِرة، شَهِدَ بَدْراً.
393,408,1,وهولاء بنو الحارث بن الخزرج,7,وأبو الدَّرْدَاءِ، وَهْوَ عَامِر بن زَيْد بن قَيْس بن عيشة بن أُمَيَّةُ، صحب النّبيّ ﷺ وَوَلَدِه بدمشق.
393,408,1,وهولاء بنو الحارث بن الخزرج,8,وَوَلَدِ جُشَمُ بن الحَارِثَ بن الخَزْرَجُ: عَامِرا.
393,408,1,وهولاء بنو الحارث بن الخزرج,9,منِهم خُبَيْبُ بن إسَاف بن عُتْبَةَ بن عَمْرو بن خَدِيجُ بن عَامِر، شَهِدَ
394,409,1,وهولاء بنو الحارث بن الخزرج,1,"بَدْراً، وَهْوَ الَّذي لقي أُمَيَّةُ بن خَلَف يُوْم بدر، فاختلفا ضربتين فَضَرَبَهُ أُمَيَّةُ على عَاتِقِهِ حَتَّى هَدَرتْ رَيِتَه، وضرب هو أُمَيَّةُ فقَتَلَهُ، وفيه يقولُ كَعْب بن مَالِك: "" وذُو العاتق المضَروب. يُوْم رَحَا بَدْرٍ "" وذَلِكَ أنَّه ضَرَبَهُ على عَاتِقِهِ."
394,409,1,وهولاء بنو الحارث بن الخزرج,2,"وابو زَعْنَةَ، عَامِر بن كَعْب بن عُمَيْر بن خَدِيجُ الشَّاعِر، القائل يُوْم أُحُدِ: "" انا ابو زَعْنَةَ يعدوبي الهُزم "" وهي فَرَسُه."
394,409,1,وهولاء بنو الحارث بن الخزرج,3,وَوَلَدِ زَيْد مَنَاةُ بن الحُرَّث بن الخَزْرَجُ: عَبْد ربه، وكَعْباً.
394,409,1,وهولاء بنو الحارث بن الخزرج,4,منِهم عَبْد اللهُ بن زَيْد بن ثَعُلْبَةَ بن عَبْد ربه بت زَيْد بن الحَارِثَ بن الخَزْرَجُ أُري الأذَانَ في مَنَامهُ.
394,409,1,وهولاء بنو الحارث بن الخزرج,5,وأَخُوهُ الحُرَّيْثُ بن زَيْد، شَهِدَ بَدْراً.
395,410,1,وهولاء بنو الحارث بن الخزرج,1,وسُفْيَان بن بِشْر بن عَمْرو بن الحَارِثَ بن كَعْب بن زَيْد، شَهِدَ بَدْراً.
395,410,1,وهولاء بنو الحارث بن الخزرج,2,وأَخُوهُ تَمِيمُ بن بِشْر، كان فَارِسا.
395,410,1,وهولاء بنو الحارث بن الخزرج,3,وَوَلَدِ عَوْف بن الحَارِثَ بن الخَزْرَجُ: خِدرة، وَهْوَ الأبْجَرُ؛ وخُدَارَةَ، بَطنان.
395,410,1,وهولاء بنو الحارث بن الخزرج,4,منِهم: ابو مَسْعُود عُقْبَةُ بن عَمْرو بن ثَعُلْبَةَ بن أشيم بن عيرة بن عَطِيّةَ بن خُدَارَةَ، هد العُقْبَةُ؛ وولاه عَليّ بن ابي طَالب ﵇ الكُوفَةِ حين سار إلى صَيْفيُّن.
395,410,1,وهولاء بنو الحارث بن الخزرج,5,وتَمِيم بن يَعَار بن قَيْس بن عَدِيّ بن أُمَيَّةُ بن خُدَارَةَ، شَهِدَ بَدْراً.
395,410,1,وهولاء بنو الحارث بن الخزرج,6,ومن بَني خدرة: عَبْد اللهُ بن الرَبِيعُ بن قَيْس بن عَامِر بن عَبَّادبن الأبْجَرُ، شَهِدَ بَدْراً.
395,410,1,وهولاء بنو الحارث بن الخزرج,7,ومَالِك بن سِنَان بن عُبَيْد بن ثَعُلْبَةَ ين عُبَيْد بن الأبْجَرُ، قَتَلَ يُوْم أُحُدِ.
396,411,1,وهؤلاء بنو كعب بن الخزرج,1,وابَنَه سَعْدُ، ابو سَعْيد الخُدْرِي، صاحب النّبيّصلى الله عليه وسلم.
396,411,1,وهؤلاء بنو كعب بن الخزرج,2,وسَعْدُ بن سُوَيْد بن عُبَيْد بن ثَعُلْبَةَ بن عُبَيْد بن الأبْجَرُ، قَتَلَ يُوْم أُحُدِ.
396,411,1,وهؤلاء بنو كعب بن الخزرج,3,وثَابِت بن مُرّيِّ بن ثَابِت بن سِنَان بن عُبَيْد بن الأبْجَرُ؛ وَهْوَ اخو سمُرَّةَ ابن جُنْدَب الفَزَارِيّ لأُمَّهُ؛ أُمَّهُما: الكلفاء بِنْت الحَارِثَ بن خَالِد بن خَدِيجُ من بَني فزارة.
396,411,1,وهؤلاء بنو كعب بن الخزرج,4,هؤُلاء بَنو الحَارِثَ بن الخَزْرَجُ.
396,411,1,وهؤلاء بنو كعب بن الخزرج,5,وهؤُلاء بَنو كَعْب بن الخَزْرَجُ
396,411,1,وهؤلاء بنو كعب بن الخزرج,6,وَوَلَدِ كَعْب بن الخَزْرَجُ: سَاعِدَة.
396,411,1,وهؤلاء بنو كعب بن الخزرج,7,فَوَلَدِ سَاعِدَة بن كَعْب: الخَزْرَجُ.
396,411,1,وهؤلاء بنو كعب بن الخزرج,8,فَوَلَدِ الخَزْرَجُ بن سَاعِدَة: ثَعُلْبَةَ، وَطَرِيفاً، وعَمْراً، بطون.
396,411,1,وهؤلاء بنو كعب بن الخزرج,9,"منِهم: سَعْدُ بن عُبَادَةَ بن دُلَيْم بن حَارِثَةَ بن أبي حزِيمَة بن ثَعُلْبَةَ بن طَرِيف بن الخَزْرَجُ، شَهِدَ العَقَبَةَ، وكانَ نَقِيباً، سَخِيّاً، يُطعِمُ الطَعَامُ، وسَبعَة مِن آبَائِهِ إلى طَرِيف؛ وَلَهُم حَدِيث؛ وَهو القائِلُ يُوْم السّقِيفَةِ: "" مِنَّا أَمِيرٌ"
397,412,1,وهؤلاء بنو كعب بن الخزرج,1,"وَمِنْكُم أَمِير "" ولم يُبَايِعْ أَبَا بَكْر الصِدَّيق ﵁ ؛ وَلَا عُمَرَ بن الخَطَّاب ﵁ ، وَهو قِتِيل الجِنَّ."
397,412,1,وهؤلاء بنو كعب بن الخزرج,2,وابَنَه قَيْس بن سَعْدُ، كانَ مِن أَجوَدِ العَرَبِ؛ وَلاَّهُ عَليّ بن ابي طَالب ﵇ مِصْرَ، ثُمَّ كانَ مَعَ الحَسَنِ بن عَليّ حِينَ سارَ إلى مُعَاوِية.
397,412,1,وهؤلاء بنو كعب بن الخزرج,3,وأَخُوهُ سَعْيد بن سَعْدُ بن عُبَادَةَ.
397,412,1,وهؤلاء بنو كعب بن الخزرج,4,وأسلم بن أوْسُ بن بَجْرَةَ بن الحَارِثَ بن غَيَّاث بن ثَعُلْبَةَ بن طَرِيف، الَّذي مَنَعَهم أَن يَدفُنُوا عُثَمَانُ ﵁ في بَقِيع الغَرْقَدِ، فَدَفَنُوه في حُشِّ كَوْكَبِ.
397,412,1,وهؤلاء بنو كعب بن الخزرج,5,والمنذر بن عَمْرو بن حُبَيْش بن لَوْذَان بن عَبْد وَدٍّ بن زَيْد بن ثَعْلَبَةَ بن الخَزْرَجُ بن سَاعِدَة، شَهِدَ بَدْراً، والعُقْبَةُ، وكان نَقِيبًا، وقَتَلَ يُوْم بِئْر مَعُونَةَ، وَهو أميرُهْم.
398,413,1,وهؤلاء بنو كعب بن الخزرج,1,"وابو دُجَانَةَ، سِمَاك بن أوْسُ بن خَرَشَةَ بن لَوْذَان بن عَبْد وَدِّ، الفَارِس، قَتَلَ يُوْم اليَمَامَةِ؛ وَهو الَّذي قال فيه النّبيّ ﷺ لعَليّ يُوْم أُحُدِ: "" إن كنت أحسنت … "" ."
398,413,1,وهؤلاء بنو كعب بن الخزرج,2,ومسَلمةَ بن مُخَلَّدُ بن الصَامِتْ بن نِيَار بن لَوْذَان بن عَبْد وَدِّ، وكانَ فيمن قَتَل مُحَمَّد بن أَبي بَكْر بمِصْرَ.
398,413,1,وهؤلاء بنو كعب بن الخزرج,3,قَتَلَ ابوه مُخَلَّدُ يُوْم بُعَاث.
398,413,1,وهؤلاء بنو كعب بن الخزرج,4,وأَبو أُسَيد، مَالِك بن رَبِيعُةَ بن البَديّ بن عَمْرو بن عَوْف بن الحَارِثَةَ بن عَمْرو بن الخَزْرَجُ بن سَاعِدَة، قَتَلَ يُوْم اليَمَامَةِ.
398,413,1,وهؤلاء بنو كعب بن الخزرج,5,وثَعُلْبَةَ بن سَعْدُ بن مَالِك بن خَالِد بن ثَعُلْبَةَ بن حَارِثَةَ بن عَمْرو بن الخَزْرَجُ، قتل يوم أحد.
398,413,1,وهؤلاء بنو كعب بن الخزرج,6,وعباس بن سهل بن سعد بن مالك بن خالد بن ثعلبة بن حارثة بن
399,414,1,وهؤلاء بنو عوف بن كعب,1,عمرو بن الخزرج،
399,414,1,وهؤلاء بنو عوف بن كعب,2,الَّذي قَتَلَ حُبَيْشَ بن دُلَجَةَ القَيْنِي.
399,414,1,وهؤلاء بنو عوف بن كعب,3,هؤُلاء بَنو سَاعِدَة
399,414,1,وهؤلاء بنو عوف بن كعب,4,وهؤُلاء بَنو عَوْف بن كَعْب
399,414,1,وهؤلاء بنو عوف بن كعب,5,وَوَلَدِ عَوْف بن الخَزْرَجُ: عَمْراً، وغَنْمُا، أُمَّهُما: صَيْفيُّة بِنْت ثَعُلْبَةَ بن مَالِك بن أَفْصى بن خُزَاعَةَ؛ والسَّائِب بِعُمَان والموصل.
399,414,1,وهؤلاء بنو عوف بن كعب,6,فَوَلَدِ عَمْرو بن عَوْف: عَوْفاً؛ أُمَّهُ: أَسماءُ بِنْت عَمْرو بن نَصْرُ بن عَوْف بن الخَزْرَجُ.
399,414,1,وهؤلاء بنو عوف بن كعب,7,"فَوَلَدِ عَوْف بن عَمْرو بن عَوْف بن الخَزْرَجِ: سَالِماً؛ بَطن وغَنْماً، وهَو قَوْقَل، سُمَّي قَوْقَلاً لان الرَجُل كان اذا نزل المدِينَةِ قيل لهُ: "" قَوْقَل حَيْثُ شِئْتَ مَعَناه إِنْزِل حَيْث شِئْتَ؛ أُمَّهُما: نُعْم بِنْت مَالِك بن النَجَّار فَوَلَدِ سَالِم بن عَوْف بن عَمْرو بن عَوْف: مَالِكاً، ولَوْذَان، وزَيْداً، وحِذْيَماً."
399,414,1,وهؤلاء بنو عوف بن كعب,8,فَوَلَدِ مَالِك بن سَالِم: سَالِماً.
399,414,1,وهؤلاء بنو عوف بن كعب,9,منِهم: جُمَيْعُ بن مَسْعُود بن عَمْرو بن أَصْرَمَ بن سَالِم بن مَالِك بن سَالِم، تَصَدَّقَ بِجَميعِ جِهَازِهِ في سَبِيلِ اللهُ.
399,414,1,وهؤلاء بنو عوف بن كعب,10,ومنِهم: الرُّمَقُ بن زَيْد بن غَنْمُ بن سَالِم بن مَالِك بن سَالِم، الشَّاعِر الجأهلَي.
400,415,1,وهؤلاء بنو عوف بن كعب,1,ومَالِك بن العَجْلَان بن زَيْد بن غَنْمُ بن سَالِم بن مَالِك بن سَالِم، سَيَّد الأنصَارِ في زمأنَّهم: وهو الَّذي قَتَلَ الفِطْيون.
400,415,1,وهؤلاء بنو عوف بن كعب,2,من وَلَدِه: نَوْفَلُ بن عَبْد اللهُ بن نَضْلَةَ بن مَالِك بن العَجْلَان، وشَهِدَ بَدْراً، وقَتَلَ يُوْم أُحُدِ.
400,415,1,وهؤلاء بنو عوف بن كعب,3,والعَبَّاس بن عُبَادَةَ بن نَضْلَةَ بن مَالِك، شَهِدَ العُقْبَةُ، وخَرَجَ من المدِينَةِ مهاجرا إلى النّبيّصلى الله عليه وسلم إلى مَكَّةَ.
400,415,1,وهؤلاء بنو عوف بن كعب,4,وقَتَلَ يُوْم أُحُدِ.
400,415,1,وهؤلاء بنو عوف بن كعب,5,ومُلَيْلُ بن وَبْرَةَ بن خَالِد بن العَجْلَان، شَهِدَ بَدْراً.
400,415,1,وهؤلاء بنو عوف بن كعب,6,"وأبو خَيْثَمَة بن مَالِك بن قَيْس بن ثَعُلْبَةَ بن العَجْلَان؛ لحق بالنّبيّ ﷺ في غَزْوَةِ تَبُوكِ، فَقَأل النّبيّ ﷺ "" كُنِ أَبَا خَيْثَمَة "" ."
400,415,1,وهؤلاء بنو عوف بن كعب,7,وعِصْمَةُ بن الحُصَيْن بن وَبْرَة بن خَالِد بن العَجْلَان، شَهِدَ بَدْراً.
400,415,1,وهؤلاء بنو عوف بن كعب,8,وَوَلَدِ غَنْمُ بن عَوْف بن عَمْرو بن عَوْف بن الخَزْرَجُ، وَهْوَ قَوْقَل: ثَعُلْبَةَ، ومِرْضَخَةَ وأُبيا، ومَالِكاً، وحَبِيباً.
401,416,1,وهؤلاء بنو عوف بن كعب,1,منِهم: نُعمَانَ الأَعْرَجِ بن مَالِك بن ثَعُلْبَةَ بن دَعْد بن فِهْر بن ثَعُلْبَةَ بن قَوْقَل، قَتَلَ يُوْم أُحُدِ.
401,416,1,وهؤلاء بنو عوف بن كعب,2,وعُبَادَةَ بن الصَامِتْ بن قَيْس بن أَصْرَم بن فِهْر بن قَوْقَل، شَهِدَ العُقْبَةُ، وكان نَقِيبًا، وتوفي بمِصْرَ.
401,416,1,وهؤلاء بنو عوف بن كعب,3,وأَخُوهُ أوْسُ بن الصَّامِت، شَهِدَ بَدْراً والمشاهد.
401,416,1,وهؤلاء بنو عوف بن كعب,4,ومَالِك بن الدُّخْشُمِ بن مَالِك بن الدُّخْشُمِ بن مُرّضخة بن غَنْمُ بن عَوْف، شَهِدَ بَدْراً.
401,416,1,وهؤلاء بنو عوف بن كعب,5,والحَارِثَ بن حزيمة بن عَدِيّ بن ابي بن قَوْقَل، شَهِدَ بَدْراً.
401,416,1,وهؤلاء بنو عوف بن كعب,6,وَوَلَدِ غَنْمُ بن غَنْمُ بن عَوْف بن الخَزْرَجُ: سَالِماً، وَهو الحُبْلَى.
401,416,1,وهؤلاء بنو عوف بن كعب,7,فَوَلَدِ الحُبْلَى بن غَنْمُ: مَالِكاً.
402,417,1,وهؤلاء بنو عوف بن كعب,1,فَوَلَدِ مَالِك بن الحُبْلَى: عُبَيْداً، وعَدِيّاً، وجُشَمَ، وثَعُلْبَةَ، وسَالِماً، وعَمْراً.
402,417,1,وهؤلاء بنو عوف بن كعب,2,منِهم: عَبْد اللهُ بن اُبي بن مَالِك بن الحَارِثَ بن عُبَيْد بن مَالِك بن سَالِم بن الحُبْلَى؛ رَأسَ المَنَافقين؛ أُمَّهُ سَلُول بِنْت الخُزَاعِيَّةُ؛ بها يعرفون.
402,417,1,وهؤلاء بنو عوف بن كعب,3,وابنُهُ عَبْد اللهُ بن عَبْد اللهُ بن أُبي، وهو الحُبَابُ؛ كانَ مِنْ خِيَار المسلمين، شَهِدَ بَدْراً، وقَتَلَ يُوْم اليَمَامَةِ، قال فيه بعض الشعراء من الأنصَارِ:
402,417,1,وهؤلاء بنو عوف بن كعب,4,أَمَّا الخَزْرجيّ أَبا حُبَابٍ … فَقالَ لِقَينُقَاع لَا تَسِيِروا
402,417,1,وهؤلاء بنو عوف بن كعب,5,"وأوْسُ بن خَوْلِيّ بن عَبْد اللهُ بن الحَارِثَ بن عُبَيْد بن مَالِك بن الحُبْلَى، شَهِدَ بَدْراً، وَهْوَ الَّذي قال حيث قبض رسولِ اللهُ ﷺ : "" اجْعَلوا لَنَا في مُحَمَّد نَصيباً بَعْدَ مَوْتِهِ "" فَنَزَلَ في قَبرِهِ."
402,417,1,وهؤلاء بنو عوف بن كعب,6,وزَيْد بن وَدِيعَةَ بن عَمْرو بن قَيْس بن جَزِي بن عَدِيّ بن مَالِك بن سَالِم، شَهِدَ بَدْراً، وقَتَلَ يُوْم أُحُدِ.
403,418,1,وهؤلاء بنو عوف بن كعب,1,ورِفَاعَةَ بن عَمْرو بن زَيْد بن عَمْرو بن ثَعُلْبَةَ بن جُشَمَ بن مَالِك بن سَالِم، شَهِدَ العُقْبَةُ وبَدْراً، وقَتَلَ بأُحُدِ.
403,418,1,وهؤلاء بنو عوف بن كعب,2,وعَبْد الوأُحُدِ بن سَعْدُ بن زَيْد بن وَدِيعَةَ بن عَمْرو بن قَيْس، يسَكَنَ عَقْرُقُوف، وَهْو ابن خَالِةِ زَيْد بن الحَسَن بن عَليّ بن ابي طَالب ﵇ أُمَّه: هُوَيْلَةُ بِنْت ابي مَسْعُود بن عَمْرو الأنصَارِي.
403,418,1,وهؤلاء بنو عوف بن كعب,3,وعَليّ بن ثَابِت بن زَيْد بن وَدِيعَةَ بن عَمْرو بن قَيْس، الشَّاعِر، الَّذي يقولُ:
403,418,1,وهؤلاء بنو عوف بن كعب,4,أَكْذَبَ اللهُ مَنْ نَعَى حَسَناً … لَيْسَ لِتكْذِيب مَوْتِهِ ثَمَن
403,418,1,وهؤلاء بنو عوف بن كعب,5,وأَيْمَنْ بن عُبَيْد بن عَمْرو بن بِلَال بن ابي الجَرْبَاء بن قَيْس بن مَالِك بن ثَعُلْبَةَ بن جُشَمَ، اخو أُسَامَةَبن زَيْد لأُمَّهُ؛ أُمَّهُما ام أَيْمَنْ.
403,418,1,وهؤلاء بنو عوف بن كعب,6,وأبو حُمَيضَةَ بن عُبَادَةَ بن قُشَيْر بن القِذَمّ بن سَالِم بن مَالِك، شَهِدَ بَدْراً واسْمُه معَبْد.
404,419,1,وهؤلاء بنو جشم بن الخزرج,1,هؤُلاء بَنو عَوْف بن الخَزْرَجُ.
404,419,1,وهؤلاء بنو جشم بن الخزرج,2,وهؤُلاء بَنو جُشَمَ بن الخَزْرَجُ
404,419,1,وهؤلاء بنو جشم بن الخزرج,3,وَوَلَدِ جُشَمَ بن الخَزْرَجُ: غَضْباً، وتَزَيْداً؛ أُمَّهُما، قَسَامَةُ بِنْت افصى بن غَسَّان.
404,419,1,وهؤلاء بنو جشم بن الخزرج,4,فَوَلَدِ غَضْب بن جُشَمَ: مَالِكا.
404,419,1,وهؤلاء بنو جشم بن الخزرج,5,فَوَلَدِ مَالِك بن غَضْب: عَبْد حَارِثَةَ، وعَامِرا، وَهْوَ ابو الَّذين، وَهْوَ اسم رَجُل؛ قوم يدعَوْنَ الَّذين، حلفاء من بَني بَيَاضَة.
404,419,1,وهؤلاء بنو جشم بن الخزرج,6,وكَعْباً وَهْوَ ابو بَني الأَجْدَع، قد انقرضوا.
404,419,1,وهؤلاء بنو جشم بن الخزرج,7,وغَنْمُا ابو بَني الحسُمَّي، الَّذين سَارُوا مَعَ غَسَّان إلى الشَّامِ.
404,419,1,وهؤلاء بنو جشم بن الخزرج,8,ورَبِيعُةَ قَدء انْقَرَضوا.
404,419,1,وهؤلاء بنو جشم بن الخزرج,9,فَوَلَدِ عَبْد حَارِثَةَ بن مَالِك: حَبِيباً، وزُرَيْقاً.
404,419,1,وهؤلاء بنو جشم بن الخزرج,10,فَوَلَدِ حَبِيب بن عَبْد حَارِثَةَ: زَيْد مَنَاةُ، وعَبْد اللهُ.
404,419,1,وهؤلاء بنو جشم بن الخزرج,11,فَوَلَدِ عَبْد اللهُ بن حَبِيب: ابا جُبَيْلَة، الملِك الغَسَّاني، الَّذي جاء مَالِك بن العَجْلَان، فقَتَلَ اليهود بالمدِينَةِ؛ ومَدَحَهُ الرمق فَقَأل:
405,420,1,وهؤلاء بنو جشم بن الخزرج,1,وابو جُبَيْلَة خَيْر مِن يَمشِي وأَوْفَاهُ يَمِيناً وَوَلَدِ زَيْد مَنَاةُ بن حَبِيب: مَالِكاً، حُلَفَاء في بَني زُرَيْق.
405,420,1,وهؤلاء بنو جشم بن الخزرج,2,والحَارِث، حُلَفَاء في بني بَيَاضَة.
405,420,1,وهؤلاء بنو جشم بن الخزرج,3,منِهم صَخْرُ بن سَلمَان بن الصَّمَّةِ بن حَارِثَةَ بن الحَارِثَ بن عَبْدمَنَاةُ الشَّاعِر، الَّذي ينَسَبُ إلى بَني بَيَاضَة.
405,420,1,وهؤلاء بنو جشم بن الخزرج,4,وابَنَه سَلمةَ بن صَخْرُ، أُحُدِ البكائين حَزْنا ألا يجدوا مايُنفِقونَ.
405,420,1,وهؤلاء بنو جشم بن الخزرج,5,ومن بَني مَالِك بن زَيْد مَنَاةُ: المُعَلَّى بن لَوْذَان بن حَارِثَةَ بن زَيْد بن ثَعُلْبَةَ بن عَدِيّ بن مَالِك؛ وبَنوه: ابو قَيْس بن المُعَلَّى، شَهِدَ بَدْراً.
405,420,1,وهؤلاء بنو جشم بن الخزرج,6,وعُبَيْد بن المُعَلَّى، قَتَلَ بأُحُدِ.
405,420,1,وهؤلاء بنو جشم بن الخزرج,7,ونفيع بن المُعَلَّى، أسلم قبل ان يقدم رسولِ الله المدِينَةِ؛ فَضَرَبَهُ رَجُل من مُزَيْنَةَ، حَلِيفُ الأوْسُ فقَتَلَهُ وَهو صِطْحَانُ، مِن أَجلِ ماكان بين الأوْسُ والخَزْرَجُ، فَكانَ اول قَتِيل في الأسلام من الأنصَارِ.
406,421,1,وهؤلاء بنو جشم بن الخزرج,1,وأوْسُ بن المُعَلَّى.
406,421,1,وهؤلاء بنو جشم بن الخزرج,2,وراشد بن المُعَلَّى، شَهِدَ بَدْراً.
406,421,1,وهؤلاء بنو جشم بن الخزرج,3,وَوَلَدِ زُرَيْق بن عَبْد حَارِثَةَ: عَامِراً.
406,421,1,وهؤلاء بنو جشم بن الخزرج,4,فَوَلَدِ عَامِر بن زُرَيْق: زُرَيْقا، بَطن، وبَيَاضَة، بَطن، أُمَّهُما: مَاوِيَةُ بِنْت ثَعُلْبَةَ.
406,421,1,وهؤلاء بنو جشم بن الخزرج,5,منِهم زِيَاد بن لَبِيد بن سِنَان بن عَامِر بن عَدِيّ بن أُمَيَّةُ بن بَيَاضَة، شَهِدَ بَدْراً، والعُقْبَةُ،، واستعملهُ النّبي على حَضْرَمَوْت.
406,421,1,وهؤلاء بنو جشم بن الخزرج,6,وفَرْةَ بن عَمْرو بن وَدَفَةَ بن عُبَيْد بن عَامِر بن بَيَاضَة، شَهِدَ بَدْراً، والعُقْبَةُ.
406,421,1,وهؤلاء بنو جشم بن الخزرج,7,وزَيْد بن الدَّثنة بن مُعَاوِية بن عُبَيْد بن عَامِر بن بَيَاضَة، شَهِدَ بَدْراً، قَتَلَته قُرَيْشٌ مع خُبَيْبُ بن عَدِيّ وصضلَبتُهما بالتنعيم.
406,421,1,وهؤلاء بنو جشم بن الخزرج,8,وخَالِد بن قَيْس بم مَالِك بن العَجْلَان بن عَامِر بن بَيَاضَة، شَهِدَ بَدْراً.
407,422,1,وهؤلاء بنو جشم بن الخزرج,1,وعَمْرو بن النُعمَانَ بن خَلْدَةَ بن عَمْرو بن أُمَيَّةُ بن عَامِر بن بَيَاضَة، رَأسَ الخَزْرَجُ يُوْم بُعَاث.
407,422,1,وهؤلاء بنو جشم بن الخزرج,2,وابَنَه النُعمَانَ بن عَمْرو، وكانت مَعَهُ رَايَةُ المسلمين يُوْم أُحُدِ.
407,422,1,وهؤلاء بنو جشم بن الخزرج,3,وغَنَّامُ بن أوْسُ بن غَنَّامُ بن أوْسُ بن عَمْرو بن مَالِك بن عَامِر بن بَيَاضَة، شَهِدَ بَدْراً.
407,422,1,وهؤلاء بنو جشم بن الخزرج,4,وعَطِيّةَ بن نُوَيْرَةَ بن عَامِر بن عَطِيّةَ بن عَامِر بن بَيَاضَة، شَهِدَ بَدْراً.
407,422,1,وهؤلاء بنو جشم بن الخزرج,5,وَوَلَدِ زُرَيْق بن عَامِر بن زُرَيْق: عَامِر، وعَوْفا، أُمَّهُما: مُرَّةَ بِنْت مَالِك بن الأوْسُ.
407,422,1,وهؤلاء بنو جشم بن الخزرج,6,منِهم: ذَكْوَانُ بن عَبْد بن قَيْس بن خَلْدَةَ بن مُخَلَّدُ بن عَامِر بن زُرَيْق، شَهِدَ العُقْبَةُ وقَتَلَ يُوْم أُحُدِ.
407,422,1,وهؤلاء بنو جشم بن الخزرج,7,وابو عُبَادَةَ، سَعْدُ بن عُثَمَانُ بن خَلْدَةَ بن مُخَلَّدُ بن عَامِر بن زُرَيْق، شَهِدَ العُقْبَةُ، وقَتَلَ يُوْم أُحُدِ.
407,422,1,وهؤلاء بنو جشم بن الخزرج,8,وأَبو عُبَادَةَ، سَعْد بن عُثْمَانَ بم خَلْدَةَ بن مُخَلَّد بن عَامِر بن زُرَيْق، شَهِدَ العَقَبَةَ، قتل يَوْم أُخُدٍ.
408,423,1,وهؤلاء بنو جشم بن الخزرج,1,وأَخُوهُ عُقْبَةُ بن عُثَمَانُ.
408,423,1,وهؤلاء بنو جشم بن الخزرج,2,والحَارِثَ بن قَيْس بن خَلْدَةَ بن مُخَلَّدُ، شَهِدَ بَدْراً.
408,423,1,وهؤلاء بنو جشم بن الخزرج,3,وقَيْس بن مِحِصْن بن خَلْدَةَ بن مُخَلَّد، شَهِدَ بَدْراً.
408,423,1,وهؤلاء بنو جشم بن الخزرج,4,والفَاكِهُ بن بِشْرُ بن الفَاكِهِ بن زَيْد بن خَلْدَةَ بن عَامِر بن زُرَيْق، شَهِدَ بَدْراً.
408,423,1,وهؤلاء بنو جشم بن الخزرج,5,وسَعْدُ بن يَزِيد بن الفَاكِه بن زَيْد بن خَلْدَةَ بن عَامِر بن زُرَيْق، شَهِدَ بَدْراً.
408,423,1,وهؤلاء بنو جشم بن الخزرج,6,وابو عَيَّاش بن مُعَاوِية بن الصَامِتْ بن زَيْد بن خَلْدَةَ بن مُخَلَّدُ، فَارِس جَلْوَة، اسم فَرَسِهِ وعَائِذُ بن مَاعِصِ بن قَيْس بن خَلْدَةَ بن عَامِر بن زُرَيْق، شَهِدَ بَدْراً.
408,423,1,وهؤلاء بنو جشم بن الخزرج,7,وأَخُوهُ مُعَاذُ بن مَاعِص، شَهِدَ بَدْراً.
408,423,1,وهؤلاء بنو جشم بن الخزرج,8,ومَسْعُود بن سَعْدُ بن قَيْس بن خَلْدَةَ بن عَامِر بن زُرَيْق، شَهِدَ بَدْراً.
408,423,1,وهؤلاء بنو جشم بن الخزرج,9,وعَبَّاد بن قَيْس بن عَامِر بن خَالِد بن عَامِر بن زُرَيْق، شَهِدَ العُقْبَةُ؛
409,424,1,وهؤلاء بنو جشم بن الخزرج,1,وقَتَلَ سَعْدُ لأَخُوهُ يُوْم بُعَاث.
409,424,1,وهؤلاء بنو جشم بن الخزرج,2,ورِفَاعَةَ بن رَافِع بن مَالِك بن العَجْلَان بن عَمْرو بن عَامِر بن زُرَيْق، شَهِدَ بَدْراً وكان أَشَدَّ النَّاس على عُثَمان.
409,424,1,وهؤلاء بنو جشم بن الخزرج,3,وأَبوُهُ رَافِع، أَوَّلُ مِنْ أَسلم من الأنصَارِ، وكان نَقِيباً، ولهُ عَقِب كثير.
409,424,1,وهؤلاء بنو جشم بن الخزرج,4,وخَلاَّدُ بن رَافِع بن مَالِك، قُتلَ يُوْم بَدْر.
409,424,1,وهؤلاء بنو جشم بن الخزرج,5,وعُبَيْد بن زَيْد بن عَامِر بن العَجْلَان، شَهِدَ بَدْراً.
409,424,1,وهؤلاء بنو جشم بن الخزرج,6,والنُعمَانَ بن العَجْلَان بن النُعمَانَ بن عَامِر، ولاه عَليّ بن ابي طَالب البَحْرَين، فجعل يعطي من جاءه، فَقَأل الشَّاعِر:
409,424,1,وهؤلاء بنو جشم بن الخزرج,7,أَرى فِتْنَةً قَدْ أَلهُتْ النَّاسَ عَنْكُمُ … فَنَدْلا زُرَيْق المالَ مِنْ كُلِّ جَانبِ
410,425,1,وهؤلاء بنو تزيد بن جشم,1,فَان ابنَ عَجْلان الَّذي قَدْ عَلمتُمُ … يُبَدِّدُ مَالَ اللهُ فِعْل المنَاهِبِ
410,425,1,وهؤلاء بنو تزيد بن جشم,2,هؤُلاء بَنو غَضْب بن جُشَمَ.
410,425,1,وهؤلاء بنو تزيد بن جشم,3,وهؤُلاء بَنو تزَيْد بن جُشَمَ
410,425,1,وهؤلاء بنو تزيد بن جشم,4,وَوَلَدِ تزَيْد بن جُشَمَ: سَارِدَةَ.
410,425,1,وهؤلاء بنو تزيد بن جشم,5,فَوَلَدِ سَارِدَةَ بن تزَيْد: أَسَدِاً.
410,425,1,وهؤلاء بنو تزيد بن جشم,6,فَوَلَدِ أَسَدِ بن سَارِدَةَ: عَليّاً.
410,425,1,وهؤلاء بنو تزيد بن جشم,7,فَوَلَدِ عَليّاً بن أَسَدِ: سَعْداً.
410,425,1,وهؤلاء بنو تزيد بن جشم,8,فَوَلَدِ سَعْدُ بن عَليّ: سامة، بَطن، وأُدَيَّاً، ورَبِيعُةَ.
410,425,1,وهؤلاء بنو تزيد بن جشم,9,فَمِنْ بَني أُدَيَّ: مُعَاذُ بن جَبَل بن عَمْرو بن أوْسُ بن عَائِذ بن عَدِيّ بن كَعْب بن عَمْرو بن أُديَّ، شَهِدَ بَدْراً، وتُوِفي بالشَّامِ.
410,425,1,وهؤلاء بنو تزيد بن جشم,10,وَوَلَدِ سَلمةَ بن سَعْد: كَعْباً، وغَنْماً.
410,425,1,وهؤلاء بنو تزيد بن جشم,11,فَوَلَدِ كَعْب بن سَلمةَ: غَنْماً.
410,425,1,وهؤلاء بنو تزيد بن جشم,12,فَوَلَدِ غَنْمُ بن كَعْب: كَعْباً، وسَوَادِاً، وعَدِيّاً.
410,425,1,وهؤلاء بنو تزيد بن جشم,13,منِهم مُرّوَان بن الجذع بن زَيْد بن الحَارِثَ بن حَرَام بن كَعْب بن
411,426,1,وهؤلاء بنو تزيد بن جشم,1,غَنْمُ اسلم وَهْوَ شيخ كَبِيِر.
411,426,1,وهؤلاء بنو تزيد بن جشم,2,وأَخُوهُ ثَابِت بن الجَذَع، شَهِدَ بَدْراً، والعُقْبَةُ، وقَتَلَ يُوْم الطَائِفِ.
411,426,1,وهؤلاء بنو تزيد بن جشم,3,وابَنَه مُرّداس بن مُرّوَان، شَهِدَ الحُدَيْبِيَةَ، وبَايعَ تَحْتَ الشَّجَرةِ؛ وكان أَمِينَ النّبيّ ﷺ على سُهمَانِ خَيْبَر.
411,426,1,وهؤلاء بنو تزيد بن جشم,4,وعُمَيْر بن الحَارِثَ بن ثَعُلْبَةَ بن الحَارِثَ بن حَرَام بن كَعْب بن غَنْمُ، شَهِدَ بَدْراً، وَهْوَ مُقَرِّن، كان يقرن الرَّجَار يُوْم بُعَاث.
411,426,1,وهؤلاء بنو تزيد بن جشم,5,وعَبْد اللهُ بن عَمْرو بن حَرَام، شَهِدَ العُقْبَةُ وبَدْراً، وكان نَقِيبًا، وقَتَلَ يُوْم أُحُدِ.
411,426,1,وهؤلاء بنو تزيد بن جشم,6,وأنَّه جَابِر بن عَبْد اللهُ، شَهِدَ العُقْبَة، وكانَ يحدث عنه، وعَاشَ إلى اخر دَوِلةَ بَني أُمَيَّةُ وعُمَيْر بن الحُمَام بن الجَمُوح، شَهِدَ بَدْراً.
412,427,1,وهؤلاء بنو تزيد بن جشم,1,ومُعَاذُ بن الصَّمَّةِ بن عَمْرو بن الجَمُوح، شَهِدَ بَدْراً والحُدَيبِيَة.
412,427,1,وهؤلاء بنو تزيد بن جشم,2,وخِرَاش بن الصَّمَّةِ بن عَمْرو بن الجَمُوح، قائد الفَرَسَيْنِ يُوْم بَدْر كانا مَعَهُ.
412,427,1,وهؤلاء بنو تزيد بن جشم,3,وعَامِر بن نَابِي بن زَيْد بن حَرَام، شَهِدَ العُقْبَةَ.
412,427,1,وهؤلاء بنو تزيد بن جشم,4,وابَنَه عُقْبَةَ بن عَامِر، شَهِدَ بَدْراً والعُقْبَةُ الاولى، وقَتَلَ يُوْم اليَمَامَةِ.
412,427,1,وهؤلاء بنو تزيد بن جشم,5,وأَخُوهُ عُمَيْر بن عَامِر، شَهِدَ المشاهد كلهُا.
412,427,1,وهؤلاء بنو تزيد بن جشم,6,ومُعَاذُ بن عَمْرو بن الجَمُوح، شَهِدَ بَدْراً، وَهْوَ الَّذي قطع رَجُل ابي جَهْل بن هِشَامِ.
412,427,1,وهؤلاء بنو تزيد بن جشم,7,وأَخُوهُ مُعَوَّذُ بن عَمْرو، قَتَلَ يُوْم بدر.
412,427,1,وهؤلاء بنو تزيد بن جشم,8,وأَخُوهُ خَلاَّدُ، شَهِدَ بَدْراً وقَتَلَ يُوْم أُحُدِ.
412,427,1,وهؤلاء بنو تزيد بن جشم,9,وعَمْرو بن الجَمُوح الأَعْرَجِ، كان اخر الأنصَارِ اسلاما، قَتَلَ يُوْم أُحُدِ.
412,427,1,وهؤلاء بنو تزيد بن جشم,10,والحُبَابُ بن المُنْذِر بن الجَمُوح، شَهِدَ بَدْراً وَهْوَ ذُو الرَّأي، وذَلِكَ أنَّه اشار على النّبيّ ﷺ بِمَشُورَةٍ فَنَزَلَ عَليّه جَبْريل ﵇ .
413,428,1,وهؤلاء بنو تزيد بن جشم,1,"فَقَال: "" إِنَّ الرَّأُيَ ما أَشارَ بِهِ عَليكَ الحُبَاب "" فسُمَّي "" ذَا الرَّأُيَ "" ."
413,428,1,وهؤلاء بنو تزيد بن جشم,2,وَوَلَدِ عَدِيّ بن غَنْمُ بن كَعْب بن سَلمةَ: عُبَيْدا، بَطن، ورَبِيعُةَ، دخلوا فب بَني عُبَيْد.
413,428,1,وهؤلاء بنو تزيد بن جشم,3,منِهم الفَاكِهُ بن سَكَنَ بن زَيْد بن أُمَيَّةُ بن خَنساء بن كَعْب، شَهِدَ المشاهد كلهُا بعد بَدْر، وكان حارسا للنبي ﷺ ﵇ .
413,428,1,وهؤلاء بنو تزيد بن جشم,4,ومعَبْد بن قَيْس بن صَيفِيّ بن صَخْر بن حَرَام بن رَبِيعُةَ بن عَدِيّ، شَهِدَ بَدْراً.
413,428,1,وهؤلاء بنو تزيد بن جشم,5,وأَخُوهُ عَبْد اللهُ بن قَيْس شَهِدَ بَدْراً.
413,428,1,وهؤلاء بنو تزيد بن جشم,6,وجَبَّارُ بن صَخْر بن أُمَيَّةُ بن الخَنساء بن سِنَان بن عُبَيْد، وقد شَهِدَ العُقْبَةُ، وكان نَقِيبًا؛ وَهْوَ اول مَنْ أَوصى بثُلْثِ مَالِهِ، وأَوَّلُ من استَقَبلَ القِبْلَةَ،
414,429,1,وهؤلاء بنو تزيد بن جشم,1,وأَوَّلُ مَنْ دُفِنَ على القِبْلَةَ.
414,429,1,وهؤلاء بنو تزيد بن جشم,2,"وابَنَه بِشْرُ بن البَرَاء، شَهِدَ بَدْراً؛ وَهْوَ الأبيَضُ الجَعْد؛ قال رسولِ اللهُ ﷺ "" مَنْ سَيَّدكم يا مَعْشَر الأَنْصارِ "" قالوا: "" الجَدُّ بن قَيْس على بُخْل فيه "" واي دَاءٍ أدْوَأُ مِنْ البُخْلَ، بَلْ سَيَّدكم الجَعْد الأَبيَض بِشْر بن البَرَاء "". وَهْوَ الَّذي اكل مع النّبيّ ﷺ مِنْ الشَّاةِ المَسمُومَةِ فَمَاتَ."
414,429,1,وهؤلاء بنو تزيد بن جشم,3,وأَخُوهُ مبِشْرُ بن البَرَاء، شَهِدَ الحُدَيْبِيَةَ.
414,429,1,وهؤلاء بنو تزيد بن جشم,4,وسِنَان بن صَيْفِيّ بن خَنْساء، شَهِدَ بَدْراً والعُقْبَةُ.
414,429,1,وهؤلاء بنو تزيد بن جشم,5,وعُتْبَةَ بن عَبْد اللهُ بن صَخْر، شَهِدَ بَدْراً.
414,429,1,وهؤلاء بنو تزيد بن جشم,6,والجَدُّ بن قَيْس بن صَخْر.
414,429,1,وهؤلاء بنو تزيد بن جشم,7,وطُفَيْلُ بن مَالِك بن خَنساء، شَهِدَ بَدْراً، والعُقْبَةُ وقَتَلَ يُوْم الخندق.
415,430,1,وهؤلاء بنو تزيد بن جشم,1,وعَبْد اللهُ بن عَبْد مَنَاف بن النُعمَانَ بن سِنَان بن عُبَيْد، وَهْوَ ابو يَحيى، شَهِدَ بَدْراً.
415,430,1,وهؤلاء بنو تزيد بن جشم,2,وخُلَيْدُ بن قَيْس بن النُعمَانَ، شَهِدَ بَدْراً.
415,430,1,وهؤلاء بنو تزيد بن جشم,3,وزَيْد بن المُنْذِر بن سَرْح بن خُنَاس بن سِنَان بن عُبَيْد، شَهِدَ بَدْراً.
415,430,1,وهؤلاء بنو تزيد بن جشم,4,وعَبْد اللهُ بن النُعمَانَ بن بَلْدَمَةَ بن خُنَاس، شَهِدَ بَدْراً.
415,430,1,وهؤلاء بنو تزيد بن جشم,5,وابو قَتَادَةَ بن رِبْعِي بن بَلْدَمَةَ، فَارِس رسولِ اللهُ ﷺ وَهْوَ الَّذي قَتَلَ مسَعْدُة بن حَكَمَة الفَزَارِيّ يُوْم أَغَارَ على سرح المدِينَةِ فشك اثنين في رُمْحٍ.
415,430,1,وهؤلاء بنو تزيد بن جشم,6,والضَّحَّاكِ بن حَارِثَةَ بن زَيْد ب ثَعُلْبَةَ بن عُبَيْد بن عَدِيّ، شَهِدَ بَدْراً.
415,430,1,وهؤلاء بنو تزيد بن جشم,7,وخَالِد بن عَمْرو بن عَدِيّ بن سَوَادِ بن عَدِيّ بن غَنْمُ بن كَعْب بن سَلمةَ، شَهِدَ بَدْراً.
415,430,1,وهؤلاء بنو تزيد بن جشم,8,وعَبْس بن عَامِر بن عَدِيّ بن نابي بن عَمْرو بن سَوَادِ بن غَنْمُ، شَهِدَ بَدْراً.
415,430,1,وهؤلاء بنو تزيد بن جشم,9,وعَمْرو بن غَنْمُ بن عَدِيّ بن نابئ، شَهِدَ بَدْراً.
415,430,1,وهؤلاء بنو تزيد بن جشم,10,وابو اليسر كَعْب بن عَمْرو بن عَبَّادبن عَمْرو بن سَوَادِ بن غَنْمُ، شَهِدَ
416,431,1,وهؤلاء بنو تزيد بن جشم,1,بَدْراً، وشَهِدَ مع عَليّ بن ابي طَالب مشاهده.
416,431,1,وهؤلاء بنو تزيد بن جشم,2,وسُلَيْم بن عَمْرو بن حديدة بن عَمْرو بن سَوَادِ بن غَنْمُ، شَهِدَ بَدْراً والعُقْبَةُ، واستشَهِدَ بأُحُدِ.
416,431,1,وهؤلاء بنو تزيد بن جشم,3,وأَخُوهُ ابو قُطْبَةَ بن عَمْرو وابِنْته جَمِيلَة بِنْت ابي قُطْبَةَ، تَزَوَّجَهَا أنس بن مَالِك بن النَصْرُ وهي مَولَاة الحَسَن بن ابي الحَسَن البصري.
416,431,1,وهؤلاء بنو تزيد بن جشم,4,وكَعْب بن ابي كَعْب، عَمْرو بن القَيْنِ بن كَعْب بن سَوَادِ، شَهِدَ العُقْبَةُ، وَهْوَ الَّذي يقولُ:
416,431,1,وهؤلاء بنو تزيد بن جشم,5,لَعَمُرّ أَبِيها لَا تَقولُ خَلِيلَتي … أَلَا فَرَّ عَنِّي مَالِك بن أَبي كَعْب
416,431,1,وهؤلاء بنو تزيد بن جشم,6,وسُهَيْلُ بن قَيْس بن ابي كَعْب، شَهِدَ بَدْراً.
416,431,1,وهؤلاء بنو تزيد بن جشم,7,وبَشِير بن عَبْد الرَّحمان بن كَعْب بن مَالِك، الشَّاعِر.
417,432,1,وهؤلاء بنو تزيد بن جشم,1,والزُّبَيْرِ بن خَارِجَةُ بن عَبْد اللهُ بن كَعْب بن مَالِك.
417,432,1,وهؤلاء بنو تزيد بن جشم,2,وعَبْد الرَّحمان بن عَبْد اللهُ بن كَعْب بن مَالِك، وَهْوَ ابو الخَطَّاب.
417,432,1,وهؤلاء بنو تزيد بن جشم,3,ومَعْنٍ بن وَهْب بن كَعْب بن مَالِك.
417,432,1,وهؤلاء بنو تزيد بن جشم,4,ومن بَني غَنْمُ بن سَلمةَ: عَبْد اللهُ بن عَتِيك بن قَيْس بن الأَسْوَدَ بن مُرّي بن كَعْب بن غَنْمُ، قَاتِلُ كِنَانةَ بن الرَبِيعُ بن ابي الحُقَيقِ القَرَظيّ اليَهودِي.
417,432,1,وهؤلاء بنو تزيد بن جشم,5,هؤُلاء بَنو جُشَمَ بن الخَزْرَجُ.
417,432,1,وهؤلاء بنو تزيد بن جشم,6,وهم اخر بَني الخَزْرَجُ بن حَارِثَةَ.
418,433,1,وهؤلاء بنو جفنة بن عمرو مزيقياء,1,وهؤُلاء بَنو جَفْنَةَ بن عَمْرو مُزَيْقِياء
418,433,1,وهؤلاء بنو جفنة بن عمرو مزيقياء,2,وَوَلَدِ جَفْنَةَ بن عَمْرو بن عَامِر بن حَارِثَةَ بن آمْرِئ القَيْس بن ثَعُلْبَةَ بن مَازِن بن الأزد: ثَعُلْبَةَ، وعَمْراً، والحَارِثَ.
418,433,1,وهؤلاء بنو جفنة بن عمرو مزيقياء,3,فَوَلَدِ ثَعُلْبَةَ بن جَفْنَة: الأَخْثَمَ، أُمَّهُ: الشَّطبَةُ؛ بها يُعَرفُون، عِدَادُهم في الأَنْصَار بالمدِينَةِ وَوَلَدِ عَمْرو بن جَفْنَةَ: ثَعُلْبَةَ.
418,433,1,وهؤلاء بنو جفنة بن عمرو مزيقياء,4,فَوَلَدِ ثَعُلْبَةَ بن عَمْرو بن جَفْنَةَ: الحَارِثَ، والأرْقَم.
418,433,1,وهؤلاء بنو جفنة بن عمرو مزيقياء,5,فَوَلَدِ الحَارِثَ بن ثَعُلْبَةَ: جَبَلَةَ، ويَزِيد.
418,433,1,وهؤلاء بنو جفنة بن عمرو مزيقياء,6,فَوَلَدِ جَبَلَةُ بن الحَارِث: الحَارِث، وقد مَلِك، وأُمَّهُ: مَارِية ذَاتِ القُرْطَيْن بِنْت أرْقَم بن ثَعُلْبَةَ بن عَمْرو بن جَفْنَةَ.
419,434,1,وهؤلاء بنو جفنة بن عمرو مزيقياء,1,فَوَلَدِ الحَارِث بن جَبَلَةَ بن الحَارِث: النُعمَانَ، والمُنَذِرَ، والمُنَيْذِرَ، وجَبَلَةَ، وأبا شِمُر، كانوا ملوكا كلهُم.
419,434,1,وهؤلاء بنو جفنة بن عمرو مزيقياء,2,منِهم: جَبَلَةُ بن الأَيْهضم بن جَبَلَةَ بن الحَارِثَ بن ثَعُلْبَةَ بن عَمْرو بن جَفْنَةَ، الملِك الَّذي تنَصْرُ بعد الإسلام، وفيه يقولُ حَسَّان بن ثَابِت:
419,434,1,وهؤلاء بنو جفنة بن عمرو مزيقياء,3,تَنَصَّرَتِ الأَشْرَافُ مِنْ عَارِ لَطْمَةٍ … وما كانَ فِيهَا لَوْ صَبَرتُ لهُا ضَرَرْ
419,434,1,وهؤلاء بنو جفنة بن عمرو مزيقياء,4,ودَخَل إلى أَرْضِ الرُّومِ وأوطن خَرْشَنَةَ، فَوَلَدِه بها إلى اليُوْم.
419,434,1,وهؤلاء بنو جفنة بن عمرو مزيقياء,5,والحَارِثَ بن ابي شمُرّ بن الحَارِثَ بن جَبَلَةَ بن الحَارِث، الملِك، فكانوا بالشَّامِ.
419,434,1,وهؤلاء بنو جفنة بن عمرو مزيقياء,6,والحَارِثَ بن جَبَلَة بن المنذر بن الحَارِثَ بن جَبَلَة بن الحَارِثَ بن ثَعُلْبَةَ ابن عَمْرو بن جَفْنَةَ بالشَّامِ.
420,435,1,وهؤلاء بنو كعب بن عمرو مزيقياء,1,هؤُلاء بَنو جَفْنَةَ بن عَمْرو مُزَيْقِياء، وهم ملوك بالشَّامِ.
420,435,1,وهؤلاء بنو كعب بن عمرو مزيقياء,2,وهؤُلاء بَنو كَعْب بن عَمْرو مُزَيْقِياء
420,435,1,وهؤلاء بنو كعب بن عمرو مزيقياء,3,وَوَلَدِ كَعْب بن عَمْرو بن مُزَيْقِياء بن عَامِر: ثَعُلْبَةَ، ومَالِكاً، وأمُرّأ القَيْس، وهو قَاتِل الجوع، سُمَّي بذلك لقولهُ:
420,435,1,وهؤلاء بنو كعب بن عمرو مزيقياء,4,قَتَلَتُ الجُوعَ في الشَّتَواتِ حَتَّى … تَرَكْتُ الجُوعَ لَيْسَ لهُ نَكِير
420,435,1,وهؤلاء بنو كعب بن عمرو مزيقياء,5,وجَبَلَةَ.
420,435,1,وهؤلاء بنو كعب بن عمرو مزيقياء,6,منِهم: النَّمْس: يَزِيد بن الأَسْوَدَ بن المَعَدّ بن شَرَاحَيْل بن الأرْقَم بن الأَسْوَدَ بن ثَعُلْبَةَ بن كَعْب، وَهْوَ الَّذي دَخَلَ بَلَدَ الرُّومِ مع جَبَلَةَ بن الأَيْهَم أَيامَ اليَرْمُوكِ ثُمَّ رَجع مُسْلِماً، وأسلم مَعَهُ جماعة من غَسَّان، ولهُم شرف بالشَّامِ.
420,435,1,وهؤلاء بنو كعب بن عمرو مزيقياء,7,ومنِهم السَّمَوءل بن عَادِيَا بن حَيَا بن رِفَاعَةَ بن الحَارِثَ بن ثَعُلْبَةَ بن كَعْب، وكان اوفى العَرَبِ، وَهْوَ صاحب تَيْماء وَوَلَدِ بها إلى اليُوْم.
420,435,1,وهؤلاء بنو كعب بن عمرو مزيقياء,8,ومن وَلَدِه بمِصْرَ: آل الغُمْر بن الحُصَيْن بن المُسَاوِر بن مُدْرِكَةَ بن قَيْس بن عَبْد الملِك بن ابي الحِصْن بن حَيَّ بن السَّمَوْءَل بن عَادِيَاً.
420,435,1,وهؤلاء بنو كعب بن عمرو مزيقياء,9,هؤُلاء بَنو كَعْب بن عَمْرو مُزَيْقِياء.
421,436,1,وهؤلاء بنو الحارث بن عمرو مزيقياء,1,وهؤُلاء بَنو الحَارِثَ بن عَمْرو مُزَيْقِياء
421,436,1,وهؤلاء بنو الحارث بن عمرو مزيقياء,2,وَوَلَدِ الحَارِثَ بن عَمْرو مُزَيْقِياء بن عَامِر: عَدِيّاً، وعَمْراً، وسَوَادِة، ورِفَاعَةَ.
421,436,1,وهؤلاء بنو الحارث بن عمرو مزيقياء,3,فَوَلَدِ عَمْرو بن الحَارِثَ: أمُرّأ القَيْس، وحَارِثَةَ.
421,436,1,وهؤلاء بنو الحارث بن عمرو مزيقياء,4,فَوَلَدِ حَارِثَةَ بن عَمْرو: ثَعُلْبَةَ.
421,436,1,وهؤلاء بنو الحارث بن عمرو مزيقياء,5,فَوَلَدِ ثَعُلْبَةَ بن حَارِثَةَ: عَامِراً.
421,436,1,وهؤلاء بنو الحارث بن عمرو مزيقياء,6,فَوَلَدِ عَامِر بن ثَعُلْبَةَ بن حَارِثَةَ بن عَمْرو بن الحَارِث: الفِطْيَوْنَ، وهو عَامِر، وكَعْباً.
421,436,1,وهؤلاء بنو الحارث بن عمرو مزيقياء,7,فَوَلَدِ الفِطْيَوْنُ بن عَامِر بن ثَعُلْبَةَ: الأَحْمَر وثَعُلْبَةَ، والحَارِثَ.
421,436,1,وهؤلاء بنو الحارث بن عمرو مزيقياء,8,فَوَلَدِ الأَحْمَرُ بن الفِطْيَوْن: الضَّيْفَ، ولَوْذَان.
421,436,1,وهؤلاء بنو الحارث بن عمرو مزيقياء,9,فَوَلَدِ الضَيْفُ بن الأَحْمَر: عَبْد اللهُ، وغالباً، ومَالِكاً.
421,436,1,وهؤلاء بنو الحارث بن عمرو مزيقياء,10,منِهم أبو زَيْد عَمْرو بن عذرة بن عَمْرو بن أَخْطَب بن مَحمُود بن رِفَاعَةَ ابن بِشْرُ بن عَبْد اللهُ بن الضَّيْفِ، كان يَهودِيّاَ وكانت لهُ صحبة؛ وَوَلَدِه اليُوْم بابَصْرَةِ.
422,437,1,وهؤلاء بنو الحارث بن عمرو مزيقياء,1,وعَبْد اللهُ بن ثَابِت بن عَتِيك بن حَرَام بن مَحْمُود بن رِفَاعَةَ بن بِشْرُ بن عَبْد اللهُ بن الضيف، قَتَلَ يُوْم اليَمَامَةِ.
422,437,1,وهؤلاء بنو الحارث بن عمرو مزيقياء,2,"وَوَلَدِ غَالب بن الضَّيْف بن الأَحْمَر: عَدِيّاً، الَّذي ذَكَره قَيْس بن الخَطِيم الأوْسيّ حَيْثُ يقولُ: "" وثَعُلْبَةَ ألأقوين رَهْط ابن غالب "" ومزَيْد بن زَيْد بن الحَارِثَ بن الفِطْيَوْن."
422,437,1,وهؤلاء بنو الحارث بن عمرو مزيقياء,3,وابو الحَكَم، وَهو رَافِع بن سِنَان بن خُزَيمَةَ النَّخَّام بن الخَزْرَجُ بن ثَعُلْبَةَ بن الفِطْيَوْن، صحب النّبيّ ولهُ عَقبٌ بالمدِينَةِ.
422,437,1,وهؤلاء بنو الحارث بن عمرو مزيقياء,4,وابو المُقْشَعِرّ وَهْوَ أسيد بن عَبْد الملِك بن إياس بن هانئ بن الحُصَيْن بن ثَعُلْبَةَ بن زَيْد بن عَوْف بن الفِطْيَون.
423,438,1,وهؤلاء بنو عوف بن عمرو مزيقياء,1,هؤُلاء بنو الحَارِث، وهو مُحَرَّق بن عَمْرو مُزَيْقِياء.
423,438,1,وهؤلاء بنو عوف بن عمرو مزيقياء,2,وهم أهلَ بيت مع الأنصَارِ بالمدِينَةِ.
423,438,1,وهؤلاء بنو عوف بن عمرو مزيقياء,3,وهؤُلاء بَنو عَوْف بن عَمْرو مُزَيْقِياء
423,438,1,وهؤلاء بنو عوف بن عمرو مزيقياء,4,وَوَلَدِ عَوْف بن عَمْرو مُزَيْقِياء بن عامربالشَّامِ وَهُمْ قَليلٌ.
424,439,2,نسب خزاعة,1,نَسَبُ خُزاعَةَ
424,439,2,نسب خزاعة,2,وولد حارثةُ بن عمرو بن عامر بن حارثة بن امرئ القيس بن ثعلبةَ بن مازن بن الأزدِ: ربيعةَ، وهو لُحيُّ، وأفصى، وهما خُزاعةَ؛ وعديَّاً، وكعباً؛ أُمهم بنت أُدّ بن طابخة بن إِلياس بن مضر.
424,439,2,نسب خزاعة,3,فولد ربيعةُ بن حارثة: عمراً، وهو الذي بحر البحيرةَ، وسيَّبَ السَّائبةَ، ووصل الوصيلةَ، وحمى الحامي، وغيَّر دين إسماعيل ﵇ ، ودعا العرب إلى عبادة الأصنامِ؛ أُمُّهُ: فهيرةُ بنت عامر بن الحارث بن مُضاضٍ
425,440,2,نسب خزاعة,1,الجُرهُميّ؛ ومنهُ تفرَّقت خُزاعةُ، وكان صاحبَ الكعبةِ.
425,440,2,نسب خزاعة,2,فولد عمرو بن ربيعةَ بن حارثةَ: كعباً، بطن، وهو صاحبُ الكعبةِ؛ وعوفاً، ومثليحاً، بطن، أُمُّهم: تُماضر بنت الحارث بن ثعلبةَ بن دُودان بن أَسدٍ.
425,440,2,نسب خزاعة,3,وعَديَّاً، بطن، أُمُّهُ: رُحم بنت كاهل بن أَسد. وسعداً، أُمُّهُ أُمّ خارجة بنت سعد بن عبد الله بن قُداد البجليّ.
425,440,2,نسب خزاعة,4,فولد كعبُ بن عمرو: سلولَ، وهو حاجبُ الكعبة، وسعداً، بطن، ومازناً؛ أُمُّهم: تُماضر بنت لُؤيّ بن غالب بن فهر.
425,440,2,نسب خزاعة,5,وحُبشيَّةَ؛ أُمُّهُ: القدُودُ بنت غُزيَّةَ بن جُشم بن بكر بن هوازن.
425,440,2,نسب خزاعة,6,فولد سلُولُ بن كعب بن عمرو بن ربيعة: حُبشيَّةَ، حاجب الكعبةِ، والحزمر، وعديَّاً، أُمُّهم: تعمر بنت مازن بن عديّ بن عمرو بن ربيعةَ بن حارثةَ.
426,441,2,بنو قمير بن حبشية,1,فولد حُبشيَّةُ بن سلُولٍ: قُميراً، بطن، وحُليلاً، بطن، وهو حاجبُ الكعبةِ، بطن، وضاطراً، بطن، وكُليباً؛ أُمُّهم: المحضُ بنت عمرو بن سعد بن كعب بن عمرو بن ربيعة بن حارثةَ.
426,441,2,بنو قمير بن حبشية,2,وهؤلاء بنو قُمير بن حُبشيَّة
426,441,2,بنو قمير بن حبشية,3,فولد قُميرُ بن حُبشيَّةَ: عبد الله، وعبد مناف، وعبد العُزَّى، أُمُّهم: وحشيَّةُ بنت جبر بن عَديّ بن سَلُولٍ.
426,441,2,بنو قمير بن حبشية,4,فمن بني قُمير: بشر بن سفيان بن عمرو بن عُويمر بن صرمةَ بن عبد الله بن قُميرٍ، وكَتَبَ إِليهِ رسولُ اللَّهِ ﷺ ، يدعوهُ إِلى الاسلامِ.
426,441,2,بنو قمير بن حبشية,5,وعمرو بن خالد بن عمرو بن عُويمر، الذي حَلَفَ أَلاَّ يترك ثأراً لكعبيٍّ إِلاَّ طلبَ بهِ في الجاهليَّةِ.
426,441,2,بنو قمير بن حبشية,6,والحجَّاجُ بن عامر بن أَرقم بن يعمرُ بن صرمةَ بن عبد الله بن قُمير، كان شريفاً.
426,441,2,بنو قمير بن حبشية,7,وحلحلةُ بن عمرو بن كُليب بن أَصرم بن عبد الله بن قُمير، الذي ذَكرهُ أَبو الكَنودِ في شعرهِ.
426,441,2,بنو قمير بن حبشية,8,من ولدهِ: قَبيصةُ بن ذُؤيب بن حلحلةَ، كان على خاتم عبد الملك بن مروان بن الحكمِ.
427,442,2,بنو ضاطر بن حبشية,1,ومالكُ بن الهيثم بن عوف بن وهب بن عَميرةَ، وهو ذُو السَّيفينِ، كان من نُقباءِ الدَّعوةِ.
427,442,2,بنو ضاطر بن حبشية,2,وولدُه: نصرٌ، وحمزةُ، وعبد الله، وجعفرُ، وداودُ، بنو مالك بن الهيثم، ولو الشُّرطَ للخلفاءْ وأَخوهُ عوفُ بن الهيثم بن عوف، من قُوَّادِ الدَّعوةِ، إِليهِ يُنسب مسجد عوف بمصر.
427,442,2,بنو ضاطر بن حبشية,3,هؤلاءِ بنو قُمير بن حُبشيَّة
427,442,2,بنو ضاطر بن حبشية,4,وهؤلاءِ بنو ضاطر بن حُبشيَّةَ
427,442,2,بنو ضاطر بن حبشية,5,وولد ضاطر بن حُبشيَّة: عبد مناف، وعُبيداً، وحبيباً، وثُريَّاً؛ أُمُّهم: تعمرُ بنت جُبير بن سلولِ.
427,442,2,بنو ضاطر بن حبشية,6,منهم: حفصُ بن هاجر بن عبد مناف بن ضاطر الشَّاعر.
427,442,2,بنو ضاطر بن حبشية,7,وقَرَّةُ بن إِياس بن ربيعة بن مُنقذ بن هاجر، وكان شريفاً.
427,442,2,بنو ضاطر بن حبشية,8,وابنهُ يحيى بن قَرَّةَ، سيِّد قومهِ.
428,443,2,بنو حليل بن حبشية,1,وطلحةُ بن عبيد الله بن كُريز بن هاجر بن ربيعة بن هلال بن عبدِ مناف بن ضاطر، كان فاضلاً.
428,443,2,بنو حليل بن حبشية,2,وقيسُ بن عمرو بن سعد بن عمرو بن ضاطر الشَّاعر، الذي يُقالُ لهُ ابن الحُداديَّةِ.
428,443,2,بنو حليل بن حبشية,3,هؤلاءِ بنو ضاطر بن حُبشيَّة.
428,443,2,بنو حليل بن حبشية,4,وهؤلاءِ بنو حُليل بن حُبشيَّة
428,443,2,بنو حليل بن حبشية,5,وولد حُليل بن حُبشيَّةَ: المُحتَرشَ، وهو أَبو غُبشان، وهو آخر من حَجبَ البيت من خُزاعةَ، وهو الذي باع البيت من قُصيّ بن كلاب.
428,443,2,بنو حليل بن حبشية,6,وهلالاً، وعامراً، وعبدَنُهم.
428,443,2,بنو حليل بن حبشية,7,منهم: الحائِلُ بن سُفيان بن ضابئ بن المُحترشِ، لهم شرفٌ وعددٌ.
428,443,2,بنو حليل بن حبشية,8,وبنو السَّفَّاحِ بن سلمةَ بن خالد بن عبيد الله بن يَعمر بن المُحتَرشِ.
429,444,2,بنو كليب بن حبشية,1,"وكُرزُ بن علقمة بن هلالِ بن جُريبةَ بن عبد نُهم بن حُليلٍ، وهو الذي قفا أَثرَ، النَّبيِّ، ﷺ ، حتَّى انتهى إلى الغار الذي كان فيهِ، فرأى عليهِ نَسجَ العنكبوتِ، فقال: "" ها هُنا انقطع الأَثر "" ، فانصرفوا، وهو الذي وضع معالمَ البيتِ أَيامَ مُعاوية؛ وولده اليوم قافه في مكَّة."
429,444,2,بنو كليب بن حبشية,2,هؤلاءِ بنو حُليل بن حُبشيَّة.
429,444,2,بنو كليب بن حبشية,3,وهؤلاء بنو كُليب بن حُبشيَّة
429,444,2,بنو كليب بن حبشية,4,وولد كُليب بن حُبشيَّة: عفيفاً، وعَمراً، أُمُّهم: دعدُ بنت حبتر بن عديّ.
429,444,2,بنو كليب بن حبشية,5,فولد عفيفُ بن كُليب: الفَضلَ؛ أُمُّهُ: نُعم بنت عبد الله بن قُمير.
429,444,2,بنو كليب بن حبشية,6,ونَهيكاً، أُمُّه بنت حارثةَ بن تيم بن مُرَّةَ بن كعب بن لُؤيّ بن غالب بن فهر بن مالك بن النَّصر.
429,444,2,بنو كليب بن حبشية,7,وعامراً، أُمُّه: الفُرقةُ بنت سعيد بن سهمٍ.
429,444,2,بنو كليب بن حبشية,8,فولد عامرُ بن عفيف: عوفاً، وعُثمان، وعفيفاً، وعفَّان، أُمهم: هُجيرةُ بنت أَداة بن رياح بن عديّ بن كعب بن لُؤيّ بن غالب.
429,444,2,بنو كليب بن حبشية,9,منهم: السَّفَّاحُ بن عبد مناف بن عوف بن عامر الشَّاعر. وولد مُنقذ بن عفيف: الفطمةَ.
430,445,2,وهؤلاء بنو الحزمر بن سلول,1,منهم: خِراشُ بن أُميَّة بن ربيعة بن الفضل، كان حليفاً لبني مخزوم، وولده بالمدينةِ.
430,445,2,وهؤلاء بنو الحزمر بن سلول,2,وولد عمرو بن كُليب: خَشرماً.
430,445,2,وهؤلاء بنو الحزمر بن سلول,3,فولد خَشرمُ بن عمرو بن كُليب: وديعةَ، وشهاباً، والسَّفَّاح. فولد وديعةُ بن خشرم: عمراً، وهو أَبو دراعٍ، ومالكاً، ومسعوداً، وأَبا صبرة، وأَبا غنيٍّ، وهو خالد، أُمهم: أُميَّةُ بنت نُعمان بن وهب بن أَصرم بن عبد الله بن قُمير.
430,445,2,وهؤلاء بنو الحزمر بن سلول,4,هؤلاءِ بنو حُبشيَّة بن سلول.
430,445,2,وهؤلاء بنو الحزمر بن سلول,5,وهؤلاءِ بنو الحِزمر بن سلول
430,445,2,وهؤلاء بنو الحزمر بن سلول,6,وولد الحِزمر بن سلول: ذراعاً، وعبداً، وعمراً أُمُّهم: ليلى بنت سعد بن كعب بن عمرو.
430,445,2,وهؤلاء بنو الحزمر بن سلول,7,ووروة، أُمُّه من القارةِ.
430,445,2,وهؤلاء بنو الحزمر بن سلول,8,منهم: عبد الله بن عمرو بن سعد بن ذراع، كان شريفاً.
430,445,2,وهؤلاء بنو الحزمر بن سلول,9,وبنو الضَّريبة بن عمرو بن الحزمر، لهم شرفٌ.
430,445,2,وهؤلاء بنو الحزمر بن سلول,10,منهم: مسروحُ بن قيس بن الضَّريبة الشَّاعر.
430,445,2,وهؤلاء بنو الحزمر بن سلول,11,ومُحمَّد بن فضيلة بن عبد الله بن عمرو بن عبد الله بن الحِزمر كان شريفاً بالعراقِ، ووليَ ولاياتٍ.
431,446,2,وهؤلاء بنو عدي بن سلول,1,هؤلاءِ بنو الحزمر بن سلول.
431,446,2,وهؤلاء بنو عدي بن سلول,2,وهؤلاءِ بنو عديّ بن سلولٍ
431,446,2,وهؤلاء بنو عدي بن سلول,3,وولد عديُّ بن سلول: حَبتراً، بطن، أُمُّهُ: الرَّبعةُ بنت حُبشيَّة بن كعب.
431,446,2,وهؤلاء بنو عدي بن سلول,4,وهنيَّةَ. أُمُّه بنت سلول بن صعصعةَ بن مُعاوية بن بكر بن هَوازن.
431,446,2,وهؤلاء بنو عدي بن سلول,5,فولد حَبترُ بن عديّ: عبداً، وحبيباً، وخشرماً، ومقياساً، وكعباً.
431,446,2,وهؤلاء بنو عدي بن سلول,6,منهم: مالكُ بن مُؤمَّل بن سويد بن أَسعد بن خشرم، وكان شريفاً.
431,446,2,وهؤلاء بنو عدي بن سلول,7,وتَميمُ بن أَسد بن سويد بن أَسعد الشَّاعر.
431,446,2,وهؤلاء بنو عدي بن سلول,8,ويزيدُ بن سلمةَ بن خلف بن عمرو بن الأحبِّ بن مقياس، وهو يزيدُ بن أمِّ أُصرم.
431,446,2,وهؤلاء بنو عدي بن سلول,9,وأَبو رُمحٍ، وهو عُمير بن مالك بن حنظبِ بن عبد شمس بن سعد بن أَبي غنم بن حبيب بن حَبتر، الشَّاعر، رثى الحُسين بن عليّ.
431,446,2,وهؤلاء بنو عدي بن سلول,10,هؤلاءِ بنو حبتر بن عديّ.
431,446,2,وهؤلاء بنو عدي بن سلول,11,وهؤلاءِ بنو هَنيَّة بن عديّ
431,446,2,وهؤلاء بنو عدي بن سلول,12,وولد هَنيَّةُ بن عديّ: صبرةَ، ومقياساً، ومازناً، وزيداً.
432,447,2,وهؤلاء بنو غاضرة بن حبشية,1,منهم: أَبو قِصاف، وهو حَرَّاب بن عامر بن عامرةَ بن صبرةَ بن هَنيَّة، الذي أَصابَ سهمهُ الوليد بن المُغيرة فقتله.
432,447,2,وهؤلاء بنو غاضرة بن حبشية,2,هؤلاءِ بنو سلول بن كعب.
432,447,2,وهؤلاء بنو غاضرة بن حبشية,3,وهؤلاءِ بنو غاضرة بن حُبشيَّة
432,447,2,وهؤلاء بنو غاضرة بن حبشية,4,وولد حُبشيَّةُ بن كعب بن عمرو: حراماً، بطن، وغاضرةَ، بطن، أُمُّهما: عاتِكَةُ، من جهمةَ، بنت مُرَّةَ بن عبد مناة بن كنانةَ.
432,447,2,وهؤلاء بنو غاضرة بن حبشية,5,فولد غاضرةُ بن حُبشيَّةَ: سالماً، وبدّا، وجهمة والمُحصر، ومُنقذاً؛ أُمُّهم: أُمُّ مُنقذ بنت نصر بن عمرو بن عوف بن ربيعة بن حارثةَ.
432,447,2,وهؤلاء بنو غاضرة بن حبشية,6,منهم: زُنيم بن صيفيّ بن فروة بن خُويلد بن خالد بن عبد نُهم بن جُريبة من جَهمة، كان شريفاً.
432,447,2,وهؤلاء بنو غاضرة بن حبشية,7,وعِمرانُ بن الحُصين بن عُبيد بن خلف بن عبد نُهمٍ صحبَ النبي ﷺ وهو أَبو نُجيد.
432,447,2,وهؤلاء بنو غاضرة بن حبشية,8,من ولده: خالدُ بن طليق بن مُحمَّد بن عمران بن حُصين، وليَ القضاءَ بالبصرةِ.
433,448,2,وهؤلاء بنو حرام بن حبشية,1,وسعيدُ بن سارية بن مُرَّةَ بن عمران بن رياح بن سالم بن غاضرة، وليَ شُرطَ عَليّ بن أَبي طالبٍ، ثمَّ ولاَّهُ أَذربيجان.
433,448,2,وهؤلاء بنو حرام بن حبشية,2,وجعفرُ بن خراش بن عُبيد بن خُويلفةَ بن مُبشِّر ابن رياح، كان شريفاً مُمدَّحاً.
433,448,2,وهؤلاء بنو حرام بن حبشية,3,والأَشيمُ، وهو أَبو جَهمة بن خالد بن عُبيد بن مُبشِّر بن رياح، وهو جدُّ كُثيِّر بن عبد الرَّحمان، صاحب عَزَّة، أَبو أُمِّهِ، إِليه ينتسبُ.
433,448,2,وهؤلاء بنو حرام بن حبشية,4,وجعدةُ، وأَبو الكنُود، الشَّاعران ابني عبد العُزَّى بن عمرو بن زيد بن جهمةَ بن غاضرةَ.
433,448,2,وهؤلاء بنو حرام بن حبشية,5,هؤلاءِ بنو غاضرة بن حُبشيَّة.
433,448,2,وهؤلاء بنو حرام بن حبشية,6,وهؤلاء بنو حرام بن حُبشيَّة
433,448,2,وهؤلاء بنو حرام بن حبشية,7,وولد حرامُ بن حُبشيَّة: ضبياً، ورياحاً؛ أُمُّهما: واقدةُ بنت ذراع بن الحِزمر.
433,448,2,وهؤلاء بنو حرام بن حبشية,8,فولد ضبيُّ بن حرام: أَصرمَ، وعديَّاً؛ أُمُّهما بنت مُنقذ بن غاضرةَ.
433,448,2,وهؤلاء بنو حرام بن حبشية,9,"منهم: أَكثمُ بن أَبي الجون، وهو عبدُ العُزَّى بن مُنقذ بن ربيعةَ بن أَصرم، الذي قال لهُ النبي ﷺ : "" وأَشبه بني عَمرٍو بهِ أَكثَم "" ."
434,449,2,وهؤلاء بنو حرام بن حبشية,1,"ومنهم: سُليمانُ بن صُرد بن الجون بن أَبي الجون، صحبَ النبي ﷺ وقُتل يوم "" عينِ الوردة "" وكان رأس التَّوَّابين الأَربعةَ آلاف."
434,449,2,وهؤلاء بنو حرام بن حبشية,2,ومنهم: حُبيشُ، وهو الأشعرُ بن خالد بن خُليف بن مُنقذ بن ربيعةَ بن أَصرم، قُتلَ يوم فتح مكَّة.
434,449,2,وهؤلاء بنو حرام بن حبشية,3,ومُتعِّبُ بن أَكوع بن عبد الله بن مُنقذ بن خُليف الشَّاعر.
434,449,2,وهؤلاء بنو حرام بن حبشية,4,وجُندبُ بن وهب بن ضَبيسِ بن رياح بن حزام، حاملُ لواء خُزاعةَ.
434,449,2,وهؤلاء بنو حرام بن حبشية,5,وعاتكةُ بنت خُليف بن مُنقذ بن ربيعةَ بن أَصرم بن ضَبيس، لها يقولُ الشَّاعر:
435,450,2,بنو سعد بن كعب,1,جَزى اللَّهُ رَبّ النَّاسِ خيرَ جَزائهِ … رفيقين حَلاَّ خيمتي أُمِّ معبدِ
435,450,2,بنو سعد بن كعب,2,ليهنِ بني كعب بأنَّ فتاتهم … ومقعدها للمُسلمينَ بمرصَدِ
435,450,2,بنو سعد بن كعب,3,وكان النبي ﷺ حيث هاجر نزل بها، وأَبو بكرٍ الصدِّيق معه.
435,450,2,بنو سعد بن كعب,4,هؤلاءِ بنو حُبشيَّة بن كعب.
435,450,2,بنو سعد بن كعب,5,وهؤلاء
435,450,2,بنو سعد بن كعب,6,[بنو سعد بن كعب]
435,450,2,بنو سعد بن كعب,7,وولد سعدُ بن كعب بن عمرو بن ربيعةَ: عمراً، وتيماً؛ أُمُّهما: ليلى بنت عائش بن ظَرب بن الحارث بن فهر.
435,450,2,بنو سعد بن كعب,8,منهم: جَبلةُ بن جُنادة بن سويد بن عمرو بن عُرقُطةَ بن الناقد بن مُرَّة بن تيم، بايعَ النبي ﷺ .
435,450,2,بنو سعد بن كعب,9,ومَطرودُ بن كعب بن عًرقُطة الشَّاعر، رثى هاشماً، ونوفلاً، وعبد شمس، والمُطَّلب بني عبد مناف بن قُصيّ.
436,451,2,بنو سعد بن كعب,1,وعمرو بن الحَمقِ بن الكاهن بن حبيب بن عمرو بن القين بن رزاح بن عمرو بن سعد، صَحبَ النبي ﷺ وشهدَ مع عليّ مشاهدة، قتلهُ معاويةُ بن أَبي سُفيان بالجزيرةِ، وكان رأسهُ أَوَّلَ رأسِ نُصبَ في الإسلام.
436,451,2,بنو سعد بن كعب,2,والحارثُ بن أَسد بن عبد العُزى بن جعونةَ بن عمرو بن القين، صحبَ النبي ﷺ .
436,451,2,بنو سعد بن كعب,3,وأَبو مالك، أَسيد بن عبد الله بن الأجحم بن دندنةَ ابن عمرو بن القين بن رزاح بن عمرو، وليَ خُراسان.
436,451,2,بنو سعد بن كعب,4,وشِمرُ بن عُبيد بن الأَجحم بن دندنةَ، لهُ سابقةٌ في الدَّعوةِ، وكانت حيَّة بنت هاشم عند الأجحمِ بن دندنةَ، فولدت لهُ أَسيداً، وزُرعةَ، ومُرَّةَ، ووَرَقةَ، سلمى، والمحض.
437,452,2,وهؤلاء بنو مليح بن عمرو بن ربيعة,1,والحُصينُ بن نضلةَ بن زَيد بن أَبي حرَّاد بن الكاهن، كان سيِّدَ أَهلِ تهامةَ، هلكَ قبل الإِسلامِ.
437,452,2,وهؤلاء بنو مليح بن عمرو بن ربيعة,2,هؤلاءِ بنو كعب بن عمرو بن ربيعةَ
437,452,2,وهؤلاء بنو مليح بن عمرو بن ربيعة,3,وهؤلاءِ بنو مُليح بن عمرو بن ربيعةَ
437,452,2,وهؤلاء بنو مليح بن عمرو بن ربيعة,4,وولد مُليحُ بن عمرو بن ربيعةَ بن حارثةَ: سعداً، وغنماً؛ أُمُّهم: حيَّةُ بنت تيم بن مُرَّة بن كعب بن لُؤيّ بن غالب بن فهرٍ.
437,452,2,وهؤلاء بنو مليح بن عمرو بن ربيعة,5,منهم: عبد الله بن خلف بن أَسعد بن عامر بن بياضة بن سُبيع بن جعثمةَ بن سعد بن مُليح، قُتل يوم الجمل مع عائشة أُمِّ المؤمنينَ، ﵂ ، أُمُّهُ: حبيبةُ بنت أَبي طلحةَ بن عبد العزى بن عثمان بن عبد الدَّار.
437,452,2,وهؤلاء بنو مليح بن عمرو بن ربيعة,6,وابنهُ طلحةُ بن عبد الله، اللَّذي يقال لهُ طلحة الطلحات، وكان أَجود العرب؛ أُمُّه: صفيَّة بنت الحارث بن طلحة بن أَبي طلحة العبدريّ.
437,452,2,وهؤلاء بنو مليح بن عمرو بن ربيعة,7,والأسود بن خلف بن أَسعد، كان شريفاً.
437,452,2,وهؤلاء بنو مليح بن عمرو بن ربيعة,8,وعُثمان بن خلف، كان شريفاً.
437,452,2,وهؤلاء بنو مليح بن عمرو بن ربيعة,9,وعمرو بن سالم بن حصيرة بن سالم الشَّاعر، يقولُ يوم فتح مكةَ:
437,452,2,وهؤلاء بنو مليح بن عمرو بن ربيعة,10,اللَّهمَ إِنِّي ناشدٌ مُحمداً … حلف أَبينا وأَبيه الأَتلدا
438,453,2,وهؤلاء بنو عدي بن عمرو بن ربيعة,1,وكُثيِّرُ بن عبد الرَّحمان بن الأسود بن عُويمر بن مخلد بن سعيد بن سُبيع ابن جعثمةَ بن سعد بن مُليح الشَّاعر، صاحبُ عزَّةَ.
438,453,2,وهؤلاء بنو عدي بن عمرو بن ربيعة,2,وولد غنمُ بن مُليح: حان، وأُسامةَ.
438,453,2,وهؤلاء بنو عدي بن عمرو بن ربيعة,3,منهم: كَلدةُ بن بِشر بن حابل بن خالد بن ضَبيس بن ثعلبةَ بن حان، كان شريفاً.
438,453,2,وهؤلاء بنو عدي بن عمرو بن ربيعة,4,هؤلاءِ بنو مُليح بن عمرو بن ربيعة
438,453,2,وهؤلاء بنو عدي بن عمرو بن ربيعة,5,وهؤلاءِ بنو عَديّ بن عمرو بن ربيعة
438,453,2,وهؤلاء بنو عدي بن عمرو بن ربيعة,6,وولد عديُّ بن عمرو بن ربيعة بن حارثةَ: مازناً، وزِمَّاناً، وكاهلاً.
438,453,2,وهؤلاء بنو عدي بن عمرو بن ربيعة,7,منهم: بُديل بن ورقاءَ بن عبد العُزَّى بن ربيعةَ بن جُزيّ بن عامر بن مازن، الذي كتبَ إِليهِ رسولُ اللَّهِ ﷺ يدعوه إلى الإِسلام.
439,454,2,وهؤلاء بنو عدي بن عمرو بن ربيعة,1,وابنهُ عبد الله بن بُديلِ، قُتل يوم صفِّين مع عليّ بن أَبي طالب.
439,454,2,وهؤلاء بنو عدي بن عمرو بن ربيعة,2,"وأَبو عمرو بن بُديل، كان من رُؤوسِ المصرييِّن الذين ساروا إلى عُثمان بن عفان "" ﵁ "" ."
439,454,2,وهؤلاء بنو عدي بن عمرو بن ربيعة,3,ونافعُ بن بُديل، قُتل يوم بئر معونةَ.
439,454,2,وهؤلاء بنو عدي بن عمرو بن ربيعة,4,ومُحمَّدٌ بن ضمرةَ بن عمرو بن نضلةَ بن مُعِّود بن الأَخنس بن كلاب بن حرام بن عامر بن عبد بن مازن بن، كان شريفاً بالعراق.
439,454,2,وهؤلاء بنو عدي بن عمرو بن ربيعة,5,والحيسُمانُ بن عبد عمرو بن ضُبيعةَ بن عمرو بن مازن بن عديّ، الذي جاءَ بقتلِ أَهلِ بدرٍ إلى مكَّة، وكان كافراً فأسلمَ يومئذٍ.
439,454,2,وهؤلاء بنو عدي بن عمرو بن ربيعة,6,هؤلاءِ بنو عديّ بن عمرو
440,455,2,وهؤلاء بنو سعد بن عمرو,1,وهؤلاءِ بنو سعد بن عمرو
440,455,2,وهؤلاء بنو سعد بن عمرو,2,وولد سعدُ بن عمرو بن ربيعةَ بن حارثةَ: جذيمةَ، وهو المُصطلق، بطن، وعامراً، وهو الحيا، بطن.
440,455,2,وهؤلاء بنو سعد بن عمرو,3,فولد الحيا بن سعد: حراماً، ومُرَّةَ، درج.
440,455,2,وهؤلاء بنو سعد بن عمرو,4,منهم: عبدُ بن خلف بن كلاب بن غاضرةَ بن حرام، كان شريفاً.
440,455,2,وهؤلاء بنو سعد بن عمرو,5,وعلياءُ بن عُمير بن الأعظم بن جذيمةَ بن حرام بن الحيا، حليف لِقريشٍ.
440,455,2,وهؤلاء بنو سعد بن عمرو,6,وولد المُصطلقُ بن سعد: مالكاً، وقيساً، ومازناً.
440,455,2,وهؤلاء بنو سعد بن عمرو,7,فولد قيسُ بن المُصطلق: عَويَّةَ، ومعويَّاً.
440,455,2,وهؤلاء بنو سعد بن عمرو,8,منهم: جُليحةُ بن قُديد بن عُبيد بن حلف بن إِياس بن حيَّة بن عَويَّةَ بن مالك بن جذيمةَ، وهو المُصطلق.
440,455,2,وهؤلاء بنو سعد بن عمرو,9,وجُويريَّةُ بنت الحارث بن أَبي ضرارٍ، زوج النبي ﷺ .
440,455,2,وهؤلاء بنو سعد بن عمرو,10,هؤلاءِ بنو سعد بن عمرو
440,455,2,وهؤلاء بنو سعد بن عمرو,11,وهؤلاءِ بنو عوف بن عمرو بن ربيعةَ
440,455,2,وهؤلاء بنو سعد بن عمرو,12,وولد عوفُ بن عمرو بن ربيعةَ بن حارثةَ: نصراً، بطن، وجفنةَ، وهم عبادٌ بالحيرةِ.
441,456,2,بنو أفصى بن حارثة,1,فمن بني نصر: عَلقمةُ بن الفغواءِ، صحبَ النبي ﷺ .
441,456,2,بنو أفصى بن حارثة,2,هؤلاءِ بنو عمرو بن ربيعة بن حارثةَ، وهم آخر بني ربيعة بن حارثةَ.
441,456,2,بنو أفصى بن حارثة,3,وهؤلاءِ
441,456,2,بنو أفصى بن حارثة,4,بنو أَفصى بن حارثة
441,456,2,بنو أفصى بن حارثة,5,وولد أفصى بن حارثةَ: أَسلمَ، بطن، وقد انجزعَ؛ ومالكاً، بطن، وقد انجزعَ، وملكان، وقد انجزعَ؛ وامرأَ القيس، وجهادةَ، وعديَّاً، وعمراً، وحُريشاً، وخطَّاباً، وزيداً، وجُشمَ، وسوادةَ، كُلُّهم من غسَّان؛ إِلاَّ أسلمَ، ومالكاً، وملكان، فإِنَّهم من خُزاعة.
441,456,2,بنو أفصى بن حارثة,6,وهؤلاءِ
441,456,2,بنو أفصى بن حارثة,7,بنو أَسلم بن أَفصى
441,456,2,بنو أفصى بن حارثة,8,فولد أَسلمُ بن أَفصى بن حارثةَ: سلامان، وهوازن، بطن.
441,456,2,بنو أفصى بن حارثة,9,فولد سلامانُ بن أَسلمَ: الحارثَ.
441,456,2,بنو أفصى بن حارثة,10,فولد الحارثُ بن سلامان: مازناً، ودُهمان، وهو المُجَّر، بطن.
441,456,2,بنو أفصى بن حارثة,11,فولد مازنُ بن الحارث: سهماً، بطن، وحديدة.
442,457,2,بنو أسلم بن أفصى,1,منهم: مالكُ ونُعمانُ ابنا خلف بن عوف بن دارم بن عنز بن وائلةَ ابن سهمٍ كَانَا طَلِيعَتي النبي ﷺ يوم أُحدٍ، فقُتلا ودُفنا في قبرٍ واحدٍ.
442,457,2,بنو أسلم بن أفصى,2,ومنهم: جرهدُ بن رزاح بن عديّ بن سهم، كان شريفاً.
442,457,2,بنو أسلم بن أفصى,3,وبُريدةُ بن الحُصيب بن عبد الله بن الحارث بن الأَعرج بن سعد شهدَ النبي ﷺ وتوفيَّ بمرو خُراسان.
442,457,2,بنو أسلم بن أفصى,4,وابنهُ عبد الله بن بُريدةَ الفقيه.
442,457,2,بنو أسلم بن أفصى,5,وولد حديدةُ بن مازن: عامراً، وخُزيمةَ.
442,457,2,بنو أسلم بن أفصى,6,وولد الهُّر بن الحارث بن سلامان: سعداً.
442,457,2,بنو أسلم بن أفصى,7,وولد خُزيمةُ بن حديدةَ: أَنساً، ويقظةَ، وقيساً.
442,457,2,بنو أسلم بن أفصى,8,فولد أَنسُ بن خُزيمةَ: دعبلاً، إِليهِ البيت، وثعلبةَ.
442,457,2,بنو أسلم بن أفصى,9,منهم: مُخلعُ بن مُخلع بن قيس بن عبد بن دعبل بن أَنسٍ، كانَ شريفاً.
442,457,2,بنو أسلم بن أفصى,10,من ولدهِ: مجزأةُ بن زاهر بن الأسود بن مُخلع، كان شريفاً بالكوفةِ، وكان من أصحابِ عمرو بن الحِمق.
443,458,2,بنو أسلم بن أفصى,1,والحارثُ بن حبال بن ربيع بن دِعبل، شهدَ الحُديبيَةَ.
443,458,2,بنو أسلم بن أفصى,2,ومالكُ بن جُبير بن حبال، شهدَ الحُديبيةَ.
443,458,2,بنو أسلم بن أفصى,3,ونضلةُ بن عبد الله بن الحارث بن حبالِ، الذي قتل هلالَ بن خطل يوم فتح مكَّة.
443,458,2,بنو أسلم بن أفصى,4,ومنهم: الأَكوعُ بن عبد الله بن قُشير بن خُزيمةَ بن مالك بن سلامان بن أَسلم.
443,458,2,بنو أسلم بن أفصى,5,وبنوه: أُهبانُ، وسلمةَ، صحبَ النبي ﷺ .
443,458,2,بنو أسلم بن أفصى,6,وعامرُ الشَّاعر، استشهدَ يوم خيبر.
444,459,2,بنو أسلم بن أفصى,1,وولد يقظةُ بن خُزيمةَ بن حديدة: أَميَّةَ.
444,459,2,بنو أسلم بن أفصى,2,منهم: مُحمَّد بن الأشعث بن عُقبةَ بن أُهبان، مُكلِّم الذِّئب بن عبَّاد بن ربيعةَ بن كعب بن أُميَّة بن يقضة، كان من قُوَّاد الدَّعوةِ.
444,459,2,بنو أسلم بن أفصى,3,من ولدهِ: عبد الله وجعفر ابنا مُحمَّد بن الأشعث.
444,459,2,بنو أسلم بن أفصى,4,وولد هوازن بن أَسلم بن أَفصى: ثعلبةَ، والحارث، وعيشاً، ومازناً.
444,459,2,بنو أسلم بن أفصى,5,منهم: عبد الله بن أَبي أَوفى، وهو عَلقمةُ بن خالد بن الحارث بن أَسيد ابن رفاعةَ بن ثعلبةَ بن هوازن، صحبَ النبي ﷺ .
444,459,2,بنو أسلم بن أفصى,6,وعُبيد اللَّه بن مالك بن يعمر بن أَبي أَسيد بن رفاعةَ بن رفاعةَ بن ثعلبةَ بن هوازن، صحبَ النبي ﷺ .
444,459,2,بنو أسلم بن أفصى,7,وزُرعةُ بن عامر بن مازن بن ثعلبةَ بن هوازن، أَوَّل من قُتلَ من المُسلمين يوم أُحُدٍ.
444,459,2,بنو أسلم بن أفصى,8,وولد عبسُ بن هوازن: الحارثَ، وعامراً.
445,460,2,بنو ملكان بن أفصى,1,منهم: سلامةُ، وهو أَبو حدرد بن عُمير بن أَبي سلامة بن سعد بن مُساب بن الحارث بن عبس.
445,460,2,بنو ملكان بن أفصى,2,وابنهُ عُبيد اللَّه بن سلامةَ، صاحب خالد بن الوليد في غزوة بني جذيمةَ.
445,460,2,بنو ملكان بن أفصى,3,هؤلاءِ بنو أَسلم بن أَفصى
445,460,2,بنو ملكان بن أفصى,4,وهؤلاءِ
445,460,2,بنو ملكان بن أفصى,5,بنو مِلكان بن أَفصى
445,460,2,بنو ملكان بن أفصى,6,وولد ملكان بن أَفصى: بُوياً.
445,460,2,بنو ملكان بن أفصى,7,فولد بُويُّ بن ملكان: عمراً، وسُليماً، ومالكاً، ومازناً.
445,460,2,بنو ملكان بن أفصى,8,منهم: الحارثُ؛ وهو غُبشانُ بن عبد عمرو بن سُليم، كان قد حجبَ البيت.
445,460,2,بنو ملكان بن أفصى,9,من ولدهِ: ذُو الشَّمالين، وهو عَميرةُ بن عبد عمرو بن نضلة بن عمرو بن غُبشان، شهدَ بدراً مع النبي ﷺ وهو حليف لبني زُهرة بن كلاب.
445,460,2,بنو ملكان بن أفصى,10,وسِباعُ بن عبد العُزَّى بن نضلة بن عمرو بن غُبشان، قتلهُ
446,461,2,بنو مالك بن أفصى,1,حمزَةُ بن عبد المُطَّلب يوم أُحدٍ، ثمَّ أَكبَّ ليأخذ درعهُ فزرقهُ وحشيٌّ بالحربةِ فقتلهُ.
446,461,2,بنو مالك بن أفصى,2,ومالك بن الطُّلاطلة بن عمرو بن غُبشان، كان من المُستهزئين بالنبي ﷺ .
446,461,2,بنو مالك بن أفصى,3,ونافعُ بن الحارث بن حبالة بن عُمير بن غُبشان، وليَ مكَّة لعُمر بن الخطَّاب.
446,461,2,بنو مالك بن أفصى,4,وأَبو قيلةَ، وجز بن غالب بن غُبشان، وفد إلى النَبيِّ، ﷺ .
446,461,2,بنو مالك بن أفصى,5,هؤلاءِ بنو ملكان بن أَفصى
446,461,2,بنو مالك بن أفصى,6,وهؤلاءِ
446,461,2,بنو مالك بن أفصى,7,بنو مالك بن أَفصى
446,461,2,بنو مالك بن أفصى,8,وولد مالك بن أَفصى: ثعلبةَ ودُهمان، والأوسَ، وغنماً.
446,461,2,بنو مالك بن أفصى,9,فولد ثعلبةُ بن مالك: عامراً.
446,461,2,بنو مالك بن أفصى,10,"منهم: أَسماء بن حارثةَ بن سعيد بن عبد الله بن عتَّاب بن سعد بن عمرو بن عامر بن ثعلبةَ بن مالك بن أَفصى، الذي قال لهُ النبي ﷺ : "" مُرّ قومك فليصوموا يوم عاشوراء "" قال: "" ومن أَكل يا رسولَ اللَّه؟ "" قال: "" ومن أَكل "" ."
447,462,2,وولد مالك بن أفصى ثعلبة ودهمان والأوس وغنما,1,ومن ولدهِ: غيلانُ بن عبد الله بن أَسماء بن قُوَّادالدَّعوةِ.
447,462,2,وولد مالك بن أفصى ثعلبة ودهمان والأوس وغنما,2,وهندُ وحمرانُ ابنا حارثة بن سعد، إليهم البيت.
447,462,2,وولد مالك بن أفصى ثعلبة ودهمان والأوس وغنما,3,ومنهم: عُويمر بن حارثةَ بن مالك بن بُهثةَ بن قُصيَّةَ بن عوف بن عامر ابن ثعلبةَ بن مالك بن أَفصى، الذي يقولُ لهُ حسَّان بن ثابت:
447,462,2,وولد مالك بن أفصى ثعلبة ودهمان والأوس وغنما,4,أَسلم أَفصى غير آل عُويمرٍ … بقيَّةُ عدوانٍ دقاقٍ أُيورُها
447,462,2,وولد مالك بن أفصى ثعلبة ودهمان والأوس وغنما,5,ومنهم: ذُؤيبُ بن هلال بن عُويمر.
447,462,2,وولد مالك بن أفصى ثعلبة ودهمان والأوس وغنما,6,وهلالُ، وهو الكاهنُ.
447,462,2,وولد مالك بن أفصى ثعلبة ودهمان والأوس وغنما,7,وشعثاءُ بنت هلالٍ، لها يقولُ حسَّانُ بن ثابتٍ الأنصاريّ:
447,462,2,وولد مالك بن أفصى ثعلبة ودهمان والأوس وغنما,8,لعمرُ أَبيكِ الخيرِ يا شعثَ ما نبا … عليَّ لساني في الخُطُبِ ولا يدي
448,463,2,وهؤلاء بنو أفصى بن حارثة,1,وسُليمانُ بن كثير بن أُميَّة بن سعد بن عبد الله بن المُؤتنف بن عمرو بن ثعلبةَ بن مالك بن أَفصى، كان من نُقباء الدَّعوةِ، قتلهُ أَبو مُسلم.
448,463,2,وهؤلاء بنو أفصى بن حارثة,2,هؤلاءِ بنو مالك بن أًفصى وهم آخر خُزاعةَ.
448,463,2,وهؤلاء بنو أفصى بن حارثة,3,وهؤلاءِ بنو أَفصى بن حارثة
448,463,2,وهؤلاء بنو أفصى بن حارثة,4,وولد امرؤُ القيس بن أَفصى: مالكاً؛ وولد مالكُ بن امرئ القيس: ثعلبةَ، وخودةَ.
448,463,2,وهؤلاء بنو أفصى بن حارثة,5,وولد عمرو بن أَفصى: غَيرةَ، وأَديلَ، وهما بالشَّامِ من غسَّان.
448,463,2,وهؤلاء بنو أفصى بن حارثة,6,وولد عديُّ بن أَفصى: كعباً، وعمراً، والحارثَ.
448,463,2,وهؤلاء بنو أفصى بن حارثة,7,فولد كعبُ بن عديّ: المُحَصّف.
448,463,2,وهؤلاء بنو أفصى بن حارثة,8,منهم: حَيَّانُ بن عيط بن سنان بن عبد الله بن المُحصف، كان شريفاً.
448,463,2,وهؤلاء بنو أفصى بن حارثة,9,هؤلاءِ بنو أَفصى بن حارثةَ.
448,463,2,وهؤلاء بنو أفصى بن حارثة,10,وهؤلاءِ
448,463,2,وهؤلاء بنو أفصى بن حارثة,11,بنو بارق بن عديّ
448,463,2,وهؤلاء بنو أفصى بن حارثة,12,وولد عديُّ بن حارثةَ: سعداً، وهو بارقُ، بطن عظيم، وعمراً، وعمران.
448,463,2,وهؤلاء بنو أفصى بن حارثة,13,فولد بارقُ بن عديّ: كنانةَ.
449,464,2,وهؤلاء بنو عمرو بن عدي,1,فولد كنانةَ بن بارقٍ: عوفاً، وثعلبةَ، وأَنماراً.
449,464,2,وهؤلاء بنو عمرو بن عدي,2,فولد عوفُ بن كنانةَ: الحارثَ.
449,464,2,وهؤلاء بنو عمرو بن عدي,3,وولد ثعلبةُ بن كنانةَ: مازناً، وعمراً، وسعداً.
449,464,2,وهؤلاء بنو عمرو بن عدي,4,منهم: سُراقةُ بن مِرداس بن أَسماءَ بن حارثةَ بن خالد بن عوف بن عمرو بن سعد بن ثعلبةَ بن كنانةَ بن بارقٍ الشَّاعر.
449,464,2,وهؤلاء بنو عمرو بن عدي,5,والحارثُ بن عبد يغوث بن جاهمةَ بن الحارث بن عوف بن عمرو بن سعد بن ثعلبةَ، كان شريفاً.
449,464,2,وهؤلاء بنو عمرو بن عدي,6,وولد أَنمارُ بن كنانةَ بن بارق: مالكاً.
449,464,2,وهؤلاء بنو عمرو بن عدي,7,منهم: بعجةُ بن أَوس بن صُريم بن الحارث بن مالك بن أَنمار، كان شريفاً.
449,464,2,وهؤلاء بنو عمرو بن عدي,8,ومُعقِّرُ بن أَوس بن حمارٍ بن شجنة بن مازن بن ثعلبةَ بن كنانةَ الشَّاعر، من بني الحارث بن عوف بن كنانةَ.
449,464,2,وهؤلاء بنو عمرو بن عدي,9,هؤلاءِ بنو بارقٍ بن عديّ، سُمُّوا ببارق لأَنَّهم تبعوا البرق.
449,464,2,وهؤلاء بنو عمرو بن عدي,10,وهؤلاءِ بنو عمرو بن عديّ
449,464,2,وهؤلاء بنو عمرو بن عدي,11,وولد عمرو بن عديّ: ملكاً، وهو الهُجنُ.
450,465,2,وهؤلاء بنو عمرو بن عدي,1,منهم: عرفجةُ بن هرثَمةَ بن عبد العُزَّى بن زُهير بن ثعلبةَ، وهو الذي جَنَّدَ الموصل، وعدادهُ في بارق.
450,465,2,وهؤلاء بنو عمرو بن عدي,2,والرَّبعةُ بن عمرو، بطن، وهم في هُداد بن زيد مناة بن الحجر بن عمران بن عمرو مُزيقيا.
450,465,2,وهؤلاء بنو عمرو بن عدي,3,ومُلادسُ بن عمرو، بطن؛ وثعلبةَ بن عمرو، بطن، وشبيبُ بن عمرو، بطن؛ وأَلمعُ بن عمرو؛ بطن قال الشَّاعرُ:
450,465,2,وهؤلاء بنو عمرو بن عدي,4,"""فالحق بقومكَ طارقٍ وشبيبِ """
450,465,2,وهؤلاء بنو عمرو بن عدي,5,يعني شبيب بن عمرو.
450,465,2,وهؤلاء بنو عمرو بن عدي,6,وولد عمرانُ بن عديّ بن حارثةَ: عمراً.
450,465,2,وهؤلاء بنو عمرو بن عدي,7,فولد عمرو بن عمران: وآلانَ، وهو شُكرٌ، بطن عظيم بالسَّرةِ لهم عددٌ، وليس بالعراقِ منهم أَحدٌ.
450,465,2,وهؤلاء بنو عمرو بن عدي,8,وولد ثعلبةُ بن عديّ: حارثةَ.
450,465,2,وهؤلاء بنو عمرو بن عدي,9,فولد حارثةُ بن ثعلبةَ: شنواً، ولوذان، والنِباح والأوصام، قبائل جماعة.
450,465,2,وهؤلاء بنو عمرو بن عدي,10,هؤلاءِ بنو حارثةَ بن عمرو مُزيقياء بن عمران بن ماء السماء.
451,466,2,وهؤلاء بنو عمران بن عمرو مزيقياء,1,وهؤلاءِ بنو عمران بن عمرو مُزيقياء
451,466,2,وهؤلاء بنو عمران بن عمرو مزيقياء,2,وولد عمران بن عمرو مُزيقياء بن عامر بن ماء السَّماء بن حارثةَ بن امرئ القيس بن ثعلبةَ بن مازن بن الآزد: الأسدَ، والحجر، أُمُّهما: عودةُ بنت مالك بن أُهيب بن كلد بن كلب بن وبرة.
451,466,2,وهؤلاء بنو عمران بن عمرو مزيقياء,3,فولد الأسد بن عمران: العتيك، بطن، وشهميلاً، بطن، وهو الحارثُ، أبو وائلٍ؛ وثعلبةَ، وسَلَمةَ.
451,466,2,وهؤلاء بنو عمران بن عمرو مزيقياء,4,وهؤلاءِ
451,466,2,وهؤلاء بنو عمران بن عمرو مزيقياء,5,نو العتيك بن الأَسد
451,466,2,وهؤلاء بنو عمران بن عمرو مزيقياء,6,فولد العتيكُ بن الأسدِ: الحارث، وعوفاً. فولدَ الحارثُ بن العتيك: وائلاً، وأَسداً، وعمراً وبدَّاً، وخالد بن الحارث بن العتيك.
451,466,2,وهؤلاء بنو عمران بن عمرو مزيقياء,7,"منهم: المُهلَّبُ بن أَبي صُفرةَ، "" واسم أبي صُفْرةَ ظالم بن "" سُرَّاق بن صُبح بن كنديّ بن عمرو بن عديّ بن وائل بن الحارث بن العتيك، ولدهُ بالبصرةِ."
451,466,2,وهؤلاء بنو عمران بن عمرو مزيقياء,8,وسبرةُ بن النَّخفِ بن أَبي صُفرةَ، كان من رجالهم.
451,466,2,وهؤلاء بنو عمران بن عمرو مزيقياء,9,وعمرو بن حَفصِ بن عُثمان بن قَبِيصَةَ بن أَبي صُفرةَ كان يُقال لهُ هَزارَ مَرد، وليَ السِّند وأَفريقيَّةَ لبني العبَّاس بن عبد المُطَّلبِ.
451,466,2,وهؤلاء بنو عمران بن عمرو مزيقياء,10,وجُديعُ بن سعيد بن قَبيصةَ بن أَبي صُفرةَ.
451,466,2,وهؤلاء بنو عمران بن عمرو مزيقياء,11,ومَغراءُ بن المُغيرة بن أَبي صُفرةَ. ولهما يقول الأعشى، أَعشى هَمدان:
452,467,2,نو العتيك بن الأسد,1,فأَرسلْ جُديعاً والمُغيرةَ للجبا … ومغراءَ واحذر بعدها إِن تُدَحرجا
452,467,2,نو العتيك بن الأسد,2,ومنهم: المَرغانُ، وهو عُتبةُ بن كعب بن حارثةَ بن قطن بن كنديّ بن عمرو بن عديّ، كان شريفاً.
452,467,2,نو العتيك بن الأسد,3,"وعبد الله بن سنان بن كعب بن مالك بن صُحبان بن الحارث بن عمرو بن عديّ بن وائل، كان فارساً في زمانهِ، وكان المُهلَّبُ يقولُ: "" ما وقعتُ في عظيمةٍ إِلاَّ فَرخَ روعي "" ونُعامُ بن الحارث بن كعب بن عبد الله بن عديّ، وهو أَوَّلُ رجُلٍ أَغارَ على الفُرسِ بِعُمانَ."
452,467,2,نو العتيك بن الأسد,4,وحاضرُ بن حطاطي بن حاضر بن عبد ربِّهِ الشَّاعر.
452,467,2,نو العتيك بن الأسد,5,وولد الأَسدُ بن الحارث بن العتيك: عكبَّا، ونمَّا، وعمراً.
453,468,2,نو العتيك بن الأسد,1,منهم: عَمرو بن الأَشرفِ بن البختريّ بن ذُهل بن زيد بن عِكبٍّ، قُتلَ يوم الجملِ مع عائشة.
453,468,2,نو العتيك بن الأسد,2,وابنهُ زيادُ بن عمرو.
453,468,2,نو العتيك بن الأسد,3,والحواريُّ بن زياد بن عمرو.
453,468,2,نو العتيك بن الأسد,4,والنَّعمةُ بن عُقبةَ بن أَبي عميرة بن خلاسِ بن وهب بن مازن بن نَمّ الشَّاعر.
453,468,2,نو العتيك بن الأسد,5,وثابتُ قُطنة الشَّاعر بن كعب بن جابر بن كعب بن كُزمان بن طَرفةَ بن وهب بن مازن بن نمٍّ.
453,468,2,نو العتيك بن الأسد,6,وعبد الله بن دبَّاب بن جابر بن العَلاء بن جابر بن قيس بن كُزمان، كان شريفاً.
453,468,2,نو العتيك بن الأسد,7,وولد بَدّاً بن العتيك: عمراً.
454,469,2,وهؤلاء بنو شهميل بن الأسد,1,فولدَ عمرو بن بدّا: مالكاً، وحارثةَ، ووهباً، وعوفاً، وتيماً.
454,469,2,وهؤلاء بنو شهميل بن الأسد,2,هؤلاءِ بنو العتيك بن الأَسد
454,469,2,وهؤلاء بنو شهميل بن الأسد,3,وهؤلاءِ بنو شهميل بن الأسد
454,469,2,وهؤلاء بنو شهميل بن الأسد,4,وولد شهميلُ بن الأسدِ: ثوبان، ووهبيلاً.
454,469,2,وهؤلاء بنو شهميل بن الأسد,5,فولد ثوبانُ بن شهميلٍ: قيساً، بطن، وعقباً، بطن، بالحجازِ، وهم رهط سُفيانُ بن حَبيب.
454,469,2,وهؤلاء بنو شهميل بن الأسد,6,فولد عقبُ بن ثوبان: سعداً، وحُييّناً، وحبكاً، وعبد الله.
454,469,2,وهؤلاء بنو شهميل بن الأسد,7,وولد قيسُ بن ثوبان: مُرَّة، والأَشرف، وعوفاً، وكعباً، وثعلبة، وقاسطاً، وعبد الله.
454,469,2,وهؤلاء بنو شهميل بن الأسد,8,فولد مُرَّةُ بن قيس: زَبَّاناً، وحجراً، ودعتماً، ومُهلهلاً.
454,469,2,وهؤلاء بنو شهميل بن الأسد,9,فولد زَبَّانُ بن مُرَّة: حرباً، وقيساً، وعدياً.
454,469,2,وهؤلاء بنو شهميل بن الأسد,10,وولد قاسطُ بن قيس: لوذانَ، وحجراً.
454,469,2,وهؤلاء بنو شهميل بن الأسد,11,وولد وهبيلُ بن شهميل بن الأَسد بن عمران بن عمرو: وهباً.
454,469,2,وهؤلاء بنو شهميل بن الأسد,12,فولد وهبُ بن وهبيل: مالكاً.
454,469,2,وهؤلاء بنو شهميل بن الأسد,13,فولد مالك بن وهب: عمراً، والحارث.
454,469,2,وهؤلاء بنو شهميل بن الأسد,14,هؤلاءِ بنو الأَسد بن عمران.
455,470,2,وهؤلاء بنو الحجر بن عمران,1,وهؤلاءِ بنو الحجر بن عمران
455,470,2,وهؤلاء بنو الحجر بن عمران,2,وولد الحجرُ بن عمران: زَهران، بطن، وزيد مناة، بطن، وسوداً، ومرحوماً، وعمراً؛ وتزعمُ الأَزدُ أَنَّهُ كان نَبيّاً.
455,470,2,وهؤلاء بنو الحجر بن عمران,3,فولد زهرانُ بن الحجر بن عمران: جذيمةَ، والحارثَ.
455,470,2,وهؤلاء بنو الحجر بن عمران,4,فولد الحارثُ بن زهرانَ: حارثةَ، وزيداً.
455,470,2,وهؤلاء بنو الحجر بن عمران,5,منهم: عبد الله بن فضالةَ بن عميرةَ بن عامر بن عمرو بن عبدةَ بن زَيد بن ذُبيانَ بن حارثةَ، كان شريفاً.
455,470,2,وهؤلاء بنو الحجر بن عمران,6,وولد جذيمةَ بن زهرانَ: صعباً، وشحاذةَ، والحريشَ.
455,470,2,وهؤلاء بنو الحجر بن عمران,7,وولد زيدُ مناة بن الحجر: هداداً، بطن، ومالكاً، وعمراً.
455,470,2,وهؤلاء بنو الحجر بن عمران,8,فولد هدادُ بن زيد مناة: الديل، وعبرةَ، وحَمَّاناً، وسعداً، وعُذرةَ.
455,470,2,وهؤلاء بنو الحجر بن عمران,9,وولد سودُ بن الحجر بن عمران: الحارثَ، وعائذاً، وعبَّاداً، وعوذاً، بطن، وطاحيةَ، بطن، وزياداً، وعليَّاً، وإِياداً، وعبد الله، بطون كُلُهم.
455,470,2,وهؤلاء بنو الحجر بن عمران,10,فمن بني إِيادٍ: أَبو البهاء الشَّاعر.
455,470,2,وهؤلاء بنو الحجر بن عمران,11,وصيفيُّ بن خالد بن سلمةَ بن هرثم بن عبدَبن عائدةَ بن عبدةَ بن وهب بن إِياد، كان شريفاً.
456,471,2,وهؤلاء بنو عامر بن ثعلبة بن مازن بن الأسد,1,وولد عليُّ بن الحجر: شارقاً، وربيعةَ، وزَهرانَ، والهُجيمَ.
456,471,2,وهؤلاء بنو عامر بن ثعلبة بن مازن بن الأسد,2,فولد شارقُ بن عليّ بن سودِ بن الحجر بن عمران: بن عمرو مُزيقياء: سوداً، وأَسداً، وحرباً.
456,471,2,وهؤلاء بنو عامر بن ثعلبة بن مازن بن الأسد,3,منهم: أَبو شجرةَ بن حُجيَّةَ بن عامر بن معقل بن حُزيب بن شارق. هاجرَ مع النبي ﷺ .
456,471,2,وهؤلاء بنو عامر بن ثعلبة بن مازن بن الأسد,4,وولد ربيعةُ بن عليّ بن سود بن الحجر بن عمران: ربيعةَ، والزُّهد.
456,471,2,وهؤلاء بنو عامر بن ثعلبة بن مازن بن الأسد,5,وولد زيدُ بن سود بن الحجر: ربيعةَ، ومُحصناً، ووهباً، وزيداً.
456,471,2,وهؤلاء بنو عامر بن ثعلبة بن مازن بن الأسد,6,هؤلاءِ بنو عمران بن عمرو مُزيقياء بن عامر.
456,471,2,وهؤلاء بنو عامر بن ثعلبة بن مازن بن الأسد,7,وهؤلاءِ بنو عامر بن ثعلبةَ بن مازن بن الأسد
456,471,2,وهؤلاء بنو عامر بن ثعلبة بن مازن بن الأسد,8,وولد عامرُ بن ثعلبةَ بن مازن بن الأسد: صعباً، وثامراً.
456,471,2,وهؤلاء بنو عامر بن ثعلبة بن مازن بن الأسد,9,هؤلاءِ بنو ثعلبة بن مازن
456,471,2,وهؤلاء بنو عامر بن ثعلبة بن مازن بن الأسد,10,وهؤلاءِ بنو عمرو بن مازن بن الأَسد
456,471,2,وهؤلاء بنو عامر بن ثعلبة بن مازن بن الأسد,11,وولد عمرو بن مازن بن الأسدِ: غديَّاً، وزيدَ اللَّهِ، ولوذانَ، والحارثَ، وحارثةَ، وامرأ القيس، وثعلبةَ، وسوادةَ وعوفاً، والعاص والحالة، ووجبهةَ؛ فكلُّ بني عمرو يُقال لهم غسَّان.
457,472,2,وهؤلاء بنو عمرو بن مازن بن الأسد,1,فولد عديّ بن عمرو بن مازن: حارثةَ، وثعلبةَ، وعمراً، وسعيداً، ومازناً، وأَنماراً.
457,472,2,وهؤلاء بنو عمرو بن مازن بن الأسد,2,فولد حارثةُ بن عديّ: عمراً، والحارثَ، وصريماً، وهم الصُّبر.
457,472,2,وهؤلاء بنو عمرو بن مازن بن الأسد,3,فولد صريم بن حارثةَ: عمراً، وعُميراً، والحارثَ.
457,472,2,وهؤلاء بنو عمرو بن مازن بن الأسد,4,فولد عمرو بن صريم: شُقران، ونُمرانَ؛ أُمُّهما: ليلى بنت مُحرقٍ الغسَّانيّ؛ وبنو شُقران بالشَّامِ أَشرافٌ.
457,472,2,وهؤلاء بنو عمرو بن مازن بن الأسد,5,وولد عمرو بن حارثةَ بن عوف: قيساً، والحارثُ، والذِّئبَ.
457,472,2,وهؤلاء بنو عمرو بن مازن بن الأسد,6,وولد عمرو بن عديّ بن عمرو بن مازن: عوفاً، وأَنماراً، وحُجراً، ومعاويةَ، وهو الحزنُ، والحارثَ.
457,472,2,وهؤلاء بنو عمرو بن مازن بن الأسد,7,فولد أَنمار بن عمرو بن عديّ بن عمرو بن مازن بن الأزد: حقالاً، وهم الشَّوك، بطن عظيم بالشَّامِ؛ وقيساً؛ وحارثةَ، وثعلبةَ، وامرأ القيس.
457,472,2,وهؤلاء بنو عمرو بن مازن بن الأسد,8,وولد حقالُ بن أَنمار بن عمرو بن عديّ بن عمرو بن مازن: تيم اللَّه، ويعومَ، وحُبابةَ، وربانةَ.
457,472,2,وهؤلاء بنو عمرو بن مازن بن الأسد,9,منهم: عبدةُ بن رياح بن عبدةَ بن ثوابةَ بن قائد بن قيس بن جذيمةَ بن عمرو بن أَشيب بن نُعيم، وهو أَبو نائل، كان شريفاً بالشَّامِ، وكان على شُرط الوليد بن عبد الملك بن مروان.
457,472,2,وهؤلاء بنو عمرو بن مازن بن الأسد,10,وولد تيمُ اللَّه بن حقال: زَمَّاتاً، وهم عباد بالحيرةِ، لهم بيعةٌ يُقال لها بيعة بني مازن.
458,473,2,وهؤلاء بنو عمرو بن مازن بن الأسد,1,وولد معاوية بن عمرو بن عديّ بن عمرو بن مازن بن الأزد: جديلةَ، ومُجالداً، أُمُّهما: عمرةُ بنت عامر بن امرئ القيس بن ثعلبةَ بن مازن بن الأزد.
458,473,2,وهؤلاء بنو عمرو بن مازن بن الأسد,2,فولد جديلةُ بن معاوية: عمراً، ومالكاً، وحارثةَ.
458,473,2,وهؤلاء بنو عمرو بن مازن بن الأسد,3,فولد عمرو بن جديلةَ: هِرَّاً، وليناً.
458,473,2,وهؤلاء بنو عمرو بن مازن بن الأسد,4,فولد ليثُ بن جديلةَ: أُميَّةَ، ومازناً، وكعباً، بطون.
458,473,2,وهؤلاء بنو عمرو بن مازن بن الأسد,5,وولدَ عوفُ بن عمرو بن عديّ بن عمرو بن مازن بن الأزد: الحارث، وبكراً، وعمراً.
458,473,2,وهؤلاء بنو عمرو بن مازن بن الأسد,6,فولد عمرو بن عوف: غنماً، وهراً، وهو ذُو الشَّفر؛ وقُميراً، وعنزةَ، وجُشمَ، وعمراً، ومُلادساً، بطون. في بني قُمير يقول الشَّاعر:
458,473,2,وهؤلاء بنو عمرو بن مازن بن الأسد,7,يا راكباً بَلَغَن ولا تدَعَن … بني قُميرٍ وإِن همُ خَزَعُوا
458,473,2,وهؤلاء بنو عمرو بن مازن بن الأسد,8,وولد بكرُ بن عوفٍ بن عمرو بن عديّ بن عمرو بن مازن بن الأزد: حارثةَ، وهو الحَسحاسُ، وعمراً، وقيساً.
458,473,2,وهؤلاء بنو عمرو بن مازن بن الأسد,9,فولد قيسُ بن بكر: مناةَ.
458,473,2,وهؤلاء بنو عمرو بن مازن بن الأسد,10,فولد مناةُ بن قيس: ثعلبةَ.
458,473,2,وهؤلاء بنو عمرو بن مازن بن الأسد,11,فولد ثعلبةُ بن مناة: معاويةَ، وفيضاً.
458,473,2,وهؤلاء بنو عمرو بن مازن بن الأسد,12,وولد الحسحاسُ بن بكر بن عوف بن عمرو بن عديّ بن عمرو بن مازن بن الأزدِ: أَبا الفيضِ، وعديَّاً، وعميراً.
458,473,2,وهؤلاء بنو عمرو بن مازن بن الأسد,13,وولد أَبو الفيضُ بن الحَسحاسِ: عبد مناة.
458,473,2,وهؤلاء بنو عمرو بن مازن بن الأسد,14,منهم: يحيى بن قيس بن حارثةَ بن عمرو بن زيد بن عبد مناة بن أَبي الفيض قُتلَ يوم المرجِ.
459,474,2,وهؤلاء بنو عمرو بن مازن بن الأسد,1,وابنهُ يحيى بن يحيى، كان شريفاً، وليَ الشُّرط لبني أُميَّة.
459,474,2,وهؤلاء بنو عمرو بن مازن بن الأسد,2,وسُليمانُ بن قيس أَخوهُ، وهم أَشراف غسَّانَ بالشَّام.
459,474,2,وهؤلاء بنو عمرو بن مازن بن الأسد,3,وولد الحارثُ بن عوف بن عمرو بن عمرو بن عديّ بن عمرو بن مازن ابن الأَزدِ: عمراً، وحُجراً.
459,474,2,وهؤلاء بنو عمرو بن مازن بن الأسد,4,فولد عمرو بن الحارث: أَبا شمر الحارث الأعرج، وأُمه: من بني جفنةَ، وليس هو جفنيّ.
459,474,2,وهؤلاء بنو عمرو بن مازن بن الأسد,5,وولد العاص بن عمرو بن مازن بن الأزد: الغافقَ، وصوفَةَ، وعُبيداً، ونهداً، وضبَّةَ، وحاشيةَ.
459,474,2,وهؤلاء بنو عمرو بن مازن بن الأسد,6,فولد صوفةُ بن العاص: نَمراً.
459,474,2,وهؤلاء بنو عمرو بن مازن بن الأسد,7,فولد نَمرُ بن صوفةَ بن العاص: عَديَّاً.
459,474,2,وهؤلاء بنو عمرو بن مازن بن الأسد,8,فولد عَديُّ بن نمر: سعداً.
459,474,2,وهؤلاء بنو عمرو بن مازن بن الأسد,9,فولد سعدُ بن عديّ بن نمر بن صوفة بن العاص بن عمرو بن مازن بن الأَزدِ: زيداً، وعبد اللَّه، بطن.
459,474,2,وهؤلاء بنو عمرو بن مازن بن الأسد,10,فولد زيدُ: سُبين، ومُرَّة، وهم عناد بالحيرةِ، يقال لهم: بنو مُرَّة؛ ومطراً، وهم عباد بالحيرةِ، يقالُ لهم بنو مطر.
460,475,2,وهؤلاء بنو عمرو بن مازن بن الأسد,1,فولد سُبينُ بن زيد: الحارثَ، وهو بُقيلة، صاحب القصر الذي يقال له قصر بُقيلة.
460,475,2,وهؤلاء بنو عمرو بن مازن بن الأسد,2,منهم: عبد المسيح بن عمرو بن حيَّان بن بُقيلة، الذي بنى القصر، وهو الذي صالح خالد بن الوليد على الحيرة، وهو الذي عُمِّرَ.
460,475,2,وهؤلاء بنو عمرو بن مازن بن الأسد,3,وولد زيدُ مناة بن عمرو بن مازن بن الأزد: تقلد، وزيد مناة، وعمراً، وهاريةَ، وحارثةَ.
460,475,2,وهؤلاء بنو عمرو بن مازن بن الأسد,4,فولد تقلدُ بن زيد مناة: طمثان، وسلماً، وجُشم، وكرتاً، وكوتاً، رهط عديّ بن الرَّعلاءِ الشَّاعر الذي يقولُ:
460,475,2,وهؤلاء بنو عمرو بن مازن بن الأسد,5,رُبَّما ضربةٍ بسيفٍ صقيلٍ … يوم بُصرى وطعنةٍ نجلاءِ
460,475,2,وهؤلاء بنو عمرو بن مازن بن الأسد,6,وولد امرؤ القيس بن عمرو بن مازن بن الأَزدِ: عامراً، وثعلبةَ.
460,475,2,وهؤلاء بنو عمرو بن مازن بن الأسد,7,فولد عامرُ بن امرئ القيس: جُشمَ.
460,475,2,وهؤلاء بنو عمرو بن مازن بن الأسد,8,فولد جُشمُ بن عامر: سيبةَ، وعديَّةَ، وعائذةَ، وهم عائذة اللَّه، مع بني سيبةَ.
461,476,2,وهؤلاء بنو عمرو بن مازن بن الأسد,1,وولد ثعلبةُ بن امرئ القيس: سمالاً.
461,476,2,وهؤلاء بنو عمرو بن مازن بن الأسد,2,فولد سمالُ بن ثعلبةَ بن امرئ القيس: عبَّاداً، ومعبداً.
461,476,2,وهؤلاء بنو عمرو بن مازن بن الأسد,3,فولد عبَّادُ بن سمال: أُهيلاً، وهم الصُّبر، ورفدةَ.
461,476,2,وهؤلاء بنو عمرو بن مازن بن الأسد,4,وولد وجيهةُ بن عمرو بن مازن بن الأزد: حُزيكاً، بطن، في الصَّبر، وعمراً، ومروانَ، بطنان.
461,476,2,وهؤلاء بنو عمرو بن مازن بن الأسد,5,وولد الحارثُ بن عمرو بن مازن بن الأزد: عمراً.
461,476,2,وهؤلاء بنو عمرو بن مازن بن الأسد,6,فولد عمرو بن الحارث بن عمرو: مالكاً.
461,476,2,وهؤلاء بنو عمرو بن مازن بن الأسد,7,فولد مالكُ بن عمرو بن الحارث: الحارث.
461,476,2,وهؤلاء بنو عمرو بن مازن بن الأسد,8,فولد الحارث بن مالك بن عمرو بن الحارث بن عمرو بن مازن بن الأزد: حسلاً، بطن، في الصُّبر؛ وحرباً، بطن، في الصُّبر؛ وقلابة في الصُّبر، ومويساً، بطن، في زيد اللَّه.
461,476,2,وهؤلاء بنو عمرو بن مازن بن الأسد,9,وولد مُجالد بن معاوية بن عمرو بن عديّ بن عمرو بن مازن بن الأزد: عمراً، وعامراً، والحارث، وحُجراً.
461,476,2,وهؤلاء بنو عمرو بن مازن بن الأسد,10,فولد عمرو بن مُجالد: ثعلبةَ، وهو رئيس غسَّان أَيام ساروا من مرَّ فلحقوا بالشَّام.
461,476,2,وهؤلاء بنو عمرو بن مازن بن الأسد,11,"وجذعُ بن عمرو، الذي يقول القائل: "" خذ من جذعٍ ما أَعطاك "" ."
462,477,2,وهؤلاء بنو عمرو بن مازن بن الأسد,1,وولد حجرُ بن عديّ بن مازن بن الأزد: حُليلاً، بطن.
462,477,2,وهؤلاء بنو عمرو بن مازن بن الأسد,2,منهم: مُدرك بن حجر بن زيد بن عمرو بن صبرة بن مُرَّة بن عديّ ابن عبد الله بن حُجيَّة بن حليل، لهم شرفٌ بالشَّام.
462,477,2,وهؤلاء بنو عمرو بن مازن بن الأسد,3,ومنهم من غسان: سطيحُ بن ربيع بن مسعود بن عديّ بن الذِّئب بن عمرو بن حارثة بن عديّ بن عمرو بن مازن بن الأزد الكاهن.
462,477,2,وهؤلاء بنو عمرو بن مازن بن الأسد,4,ومن بني زيد اللَّه بن عمرو بن مان بن الأزد: لبيدُ بن عمرو، فارس الزَّبتيَّة فرس كان له.
462,477,2,وهؤلاء بنو عمرو بن مازن بن الأسد,5,وأخوهُ مالك بن عمرو، فارس خطاف، فرسٌ كانت له.
463,478,2,بنو الهنو بن الأزد,1,ومنهم: بنو هند، عباد بالحيرة.
463,478,2,بنو الهنو بن الأزد,2,هؤلاء بنو عمرو بن مازن بن الأزد وهم آخر بني مازن بن الأزد.
463,478,2,بنو الهنو بن الأزد,3,وهؤلاءِ
463,478,2,بنو الهنو بن الأزد,4,[بنو الهنو بن الأزد]
463,478,2,بنو الهنو بن الأزد,5,وولد الهنو بن الأزد: حوالة، بطن، وحجراً، بطن؛ وعوهى، بطن؛ والنَّوب، بطن؛ وأفكةَ، ويزيد، ودُهنة، بطن؛ وبرمئ، بطن؛ ويرفئ، بطن.
463,478,2,بنو الهنو بن الأزد,6,فولد الهونُ بن الهنو: النَّدب.
463,478,2,بنو الهنو بن الأزد,7,فولد النَّدبُ بن الهون بن الهنو: سلاماً، ومبشراً ودُريراً، ومعمراً، وعاصماً، وحنناً.
463,478,2,بنو الهنو بن الأزد,8,منهم: يونس بن حميد بن سُليم بن معدان بن حاضر بن كعب بن سعد ابن عديّ بن مبشرِّ.
463,478,2,بنو الهنو بن الأزد,9,وولد أَفكهُ بن الهنو: كنانةَ.
463,478,2,بنو الهنو بن الأزد,10,فولد كنانةُ بن أَفكه: حلساً، وهم يسكنون نهر الملك.
463,478,2,بنو الهنو بن الأزد,11,هؤلاءِ بنو الهنو بن الأزد
463,478,2,بنو الهنو بن الأزد,12,وهؤلاء
463,478,2,بنو الهنو بن الأزد,13,بنو عبد اللَّه بن الأزد
463,478,2,بنو الهنو بن الأزد,14,وولد عبد اللَّه بن الأزد: الحارث، وعدنان، وقدراً، قتيل فوق البطن.
464,479,2,بنو عمرو بن الأزد,1,فولد عدنان بن عبد اللَّه بن الأزد: عكَّاً، من نسب عكَّاً إلى الأزد هكذا يقول.
464,479,2,بنو عمرو بن الأزد,2,هؤلاء بنو عبد اللَّه بن الأزد
464,479,2,بنو عمرو بن الأزد,3,وهؤلاء
464,479,2,بنو عمرو بن الأزد,4,[بنو عمرو بن الأزد]
464,479,2,بنو عمرو بن الأزد,5,وولد عمرو بن الأزد: ماوية، بطن، بعمان؛ وربيعة، وألمع، بطن، بالحجاز؛ وجحدنة، بطن بالحجاز؛ وعرمان، بطن نعمان؛ وسعداً، والصِّيق، الذي في عبد القيس.
464,479,2,بنو عمرو بن الأزد,6,هؤلاء بنو عمرو بن الأزد.
464,479,2,بنو عمرو بن الأزد,7,وولد نصر بن الأزد: مالكا.
464,479,2,بنو عمرو بن الأزد,8,"فولد مالكُ بن نصر: عبد الله، ومُوليكا، وسعدان، وحمارا، الَّذين يُقالُ لهمُ: "" أَشدُّ من حمار "" و "" أَكفرُ من حمار "" وكان عاتيا."
464,479,2,بنو عمرو بن الأزد,9,فولد عبد الله بن مالك بن نصر بن الأزد: الحارث.
464,479,2,بنو عمرو بن الأزد,10,فولد الحارث بن كعب: كعبا، ونشيبةُ، وهو مساخةُ، بطن إليه تنسبوا القيسي الماسخيَّة.
465,480,2,بنو عمرو بن الأزد,1,فولد ماسخة بن الحارث بن كعب: عامراً؛ أمه: زار بها يعرفون؛ وغرَّاً.
465,480,2,بنو عمرو بن الأزد,2,فولد غرُّ بن ماسخة بن الحارث بن كعب: سريقا، بطن، بالحجاز، وهم رهط عبد الملك بن جزء بن الحدرجان، كان شريفا بالشام.
465,480,2,بنو عمرو بن الأزد,3,وولد زرارة بن ماسخة: سيفاً، وعبد اللَّه، وأوس مناة وماسخةُ.
465,480,2,بنو عمرو بن الأزد,4,منهم: زُهير بن ناجذ بن الأكرم، كانوا أشرافاً. بالكوفة، وعدادهم في غامد.
465,480,2,بنو عمرو بن الأزد,5,وولد سُريقُ بن غرٍ: غراً.
465,480,2,بنو عمرو بن الأزد,6,فولد غرُّ بن سُريق: كبيراً، وتيماً، وعبد اللَّه، وعمراً، وأَوساً، بطون.
465,480,2,بنو عمرو بن الأزد,7,وولد كعب بن الحارث بن كعب بن عبد اللَّه بن مالك بن نصر بن الأزد: زهران، قبيل عظيم؛ وعبد اللَّه، وأحجن، ومالكاً.
465,480,2,بنو عمرو بن الأزد,8,فولد أَهجن بن كعب بن الحارث: لهباً، بطن، وهم من أَعيف العرب؛ وفيهم يقول كُثيِّر:
465,480,2,بنو عمرو بن الأزد,9,تيمَّمتُ لهباً أَبتغي العلم عندهم … وقد رُدَّ علم العارفين إلى لهبِ
466,481,2,وهؤلاء بنو عبد الله بن كعب بن الحارث,1,وأسلم، وقرنا، بطن.
466,481,2,وهؤلاء بنو عبد الله بن كعب بن الحارث,2,فولد أسلم بن أحجن، عوفا، وهو ثُمالة، بطن عظيم؛ وغابا، وبعوُدة، وماقان.
466,481,2,وهؤلاء بنو عبد الله بن كعب بن الحارث,3,فولد ثُمالةُ بن أسلم: عوفا، وسلمة، وعُثمان، وعمرا.
466,481,2,وهؤلاء بنو عبد الله بن كعب بن الحارث,4,فولد عمرو بن ثُمالة، تميما، وبلالا، وزرزاحا، ولأَيا، وعليَّا.
466,481,2,وهؤلاء بنو عبد الله بن كعب بن الحارث,5,فولد رزامُ بن عمرو بن ثُمالة: تميما.
466,481,2,وهؤلاء بنو عبد الله بن كعب بن الحارث,6,فولد تميمُ بن رزام: نافرا، ونيفُورا.
466,481,2,وهؤلاء بنو عبد الله بن كعب بن الحارث,7,منهُم: عبد اللَّه بن قُرط، صحب النبيَّ ﷺ وسكن الشَّام.
466,481,2,وهؤلاء بنو عبد الله بن كعب بن الحارث,8,وهؤلاء بنو عبد اللَّه بن كعب بن الحارث
466,481,2,وهؤلاء بنو عبد الله بن كعب بن الحارث,9,وولد عبد اللَّه بن كعب بن الحارث: عمرا، وهو غامد، بطن عظيم؛ وأفكه، بطن.
466,481,2,وهؤلاء بنو عبد الله بن كعب بن الحارث,10,فولد غامِدُ بن عبد اللَّه: سعد بن مناة، وضبيان، بطن؛ ومالكاً، بطن؛ ومحمية.
466,481,2,وهؤلاء بنو عبد الله بن كعب بن الحارث,11,فولد سعد مناة بن غامد: الدُّول، وثعلبة، بطن؛ رهط عبد
467,482,2,وهؤلاء بنو عبد الله بن كعب بن الحارث,1,العزى بن صهلِ بن عبد العزى بن عمرو بن ثعلبة الشَّاعر الجاهليَّ.
467,482,2,وهؤلاء بنو عبد الله بن كعب بن الحارث,2,وولد الدول بن سعد بن مناة بن غامدٍ: ثعلبة، بطن؛ ومازنا، بطن؛ وكثيرا، بطن؛ ووالية، بطن.
467,482,2,وهؤلاء بنو عبد الله بن كعب بن الحارث,3,فولد ثعلبة بن الدُّول: ذبيان، وبكراً.
467,482,2,وهؤلاء بنو عبد الله بن كعب بن الحارث,4,فولد ذبيان بن ثعلبة: مازنا، وكعبا، وهو عبد مازن.
467,482,2,وهؤلاء بنو عبد الله بن كعب بن الحارث,5,منهمُ: مُخنف بن سلقم بن الحارث بن عوف بن الحارث بن عوف بن ثعلبة بن عامر بن ذُهل بن مازن بن ذبيان، وهو بيت الأزد بالكوفة.
467,482,2,وهؤلاء بنو عبد الله بن كعب بن الحارث,6,من ولده: أبو مخنفٍ، لوط بن يحيى بن سعيد بن مخنف بن الراوية.
467,482,2,وهؤلاء بنو عبد الله بن كعب بن الحارث,7,وأخوه عبد شمس بن سليم، قتل يوم النتخيلة.
467,482,2,وهؤلاء بنو عبد الله بن كعب بن الحارث,8,وأخوهم الصقعبُ بن سُليم، قتل يوم الجمل مع علي بن أبي طالب ﵇ .
467,482,2,وهؤلاء بنو عبد الله بن كعب بن الحارث,9,وفراص بن عتيبة الشاعر جاهليَّ.
468,483,2,وهؤلاء بنو عبد الله بن كعب بن الحارث,1,وعبد الله بن أبي الحصين بن مالك بن عتيبة بن عوف بن ثعلبة، قتل يوم صفين مع الإمام عليَّ بن أبي طالب ﵇ .
468,483,2,وهؤلاء بنو عبد الله بن كعب بن الحارث,2,وأبو ضبيان بن الأعرج، وهو عبد شمس بن الحارث بن كثير بن جشم بن سبيع بن مالك بن ذُهل بن مازن بن ذُبيان وفد على النبي ﷺ ، وكتب له كتاباً، هو صاحب رايتهم يوم القادسية.
468,483,2,وهؤلاء بنو عبد الله بن كعب بن الحارث,3,وأبنه طارق بن أبي ظُبيان، كان من أشرافهم.
468,483,2,وهؤلاء بنو عبد الله بن كعب بن الحارث,4,وجندب بن زُهير بن الحارث بن كثير بن جُشم بن سُبيعٍ، قتل يوم صفين مع علي بن أبي طالب ﵇ ، وكان على الرَّجَّالة.
468,483,2,وهؤلاء بنو عبد الله بن كعب بن الحارث,5,وأبو زينب، زهير بن عوف بن الحارث بن كثير بن جُشم بن سُبيع، الذي شهد على الوليد بن عقبة بن أبي مُعيطٍ أنه رآهُ تقيى الخمر، قتل بصفِّين مع علي بن أبي طالب ﵇ .
468,483,2,وهؤلاء بنو عبد الله بن كعب بن الحارث,6,وعبد الرَّحمان بن نُعيم بن زُهير بن شهر بن رزن بن عامر بن التوءم ابن بكر بن ثعلبة بن الدُّول، كان شريفا.
469,484,2,وهؤلاء بنو عبد الله بن كعب بن الحارث,1,ومنهم: مالك اللَّهبة، وكان شاعرا.
469,484,2,وهؤلاء بنو عبد الله بن كعب بن الحارث,2,وفيه يقول أبو ظُبيان الأعرج الوافد:
469,484,2,وهؤلاء بنو عبد الله بن كعب بن الحارث,3,أنا أبو ظَبيان غير المكذبة … أبي أبو الغفَّار وخالي اللَّهبة
469,484,2,وهؤلاء بنو عبد الله بن كعب بن الحارث,4,أكرمُ من يعلم بين ثعلبة … ذُبيانها وبكرها في المنسبة
469,484,2,وهؤلاء بنو عبد الله بن كعب بن الحارث,5,نحن أصحاب الجيش يوم الأحسبة
469,484,2,وهؤلاء بنو عبد الله بن كعب بن الحارث,6,يوم كان للأزد.
469,484,2,وهؤلاء بنو عبد الله بن كعب بن الحارث,7,وعبد الله بن عائذ بن اللَّهبة، كان شريفاً، مع معاوية.
469,484,2,وهؤلاء بنو عبد الله بن كعب بن الحارث,8,وولد مازن بن الدُّول: عبد الحارث، وذُبيان، وحلمة.
469,484,2,وهؤلاء بنو عبد الله بن كعب بن الحارث,9,منهم: الحجنُ بن المُرقع بن سعد بن عبد الحارث بن الحارث بن عبد الحارث بن مازن، وفد على النبي ﷺ ، وهم بالسَّروات أشراف.
469,484,2,وهؤلاء بنو عبد الله بن كعب بن الحارث,10,وولد كثيرُ بن الدُّول: مازناً، وعامراً، وحبيباً، وهو حُريجةُ.
469,484,2,وهؤلاء بنو عبد الله بن كعب بن الحارث,11,منهُم: عبد شمس بن عفيف بن زُهير بن مالك بن عوف بن ثعلبة بن مُرّ بن مازن، وفد على النبي ﷺ .
469,484,2,وهؤلاء بنو عبد الله بن كعب بن الحارث,12,وعبدُ الرحمان بن عوف بن الأحمر بن زُهير بن مالك بن عوف بن ثعلبة الشَّاعر الَّذي رثى الحُسين بن عليّ بن أبي طالب ﵇ .
470,485,2,وهؤلاء بنو عبد الله بن كعب بن الحارث,1,وربيعةُ بن ناجد بن أُنيس بن عبد الأسد بن عامر بم مُعاذ بن مازن، كان من أصحاب عليّ بن أبي طالب، وكان له فضلٌ.
470,485,2,وهؤلاء بنو عبد الله بن كعب بن الحارث,2,والحارث بن عبد الشارق بن لعط بن قَظَّة بن عامر بن كثير بن الدُّول، قتل يوم الجمل مع عليّ بن أبي طالب؛ وقتل عمرو بن الأشرف العتكيّ، التقيا فقتل كلُّ منهما صاحبه.
470,485,2,وهؤلاء بنو عبد الله بن كعب بن الحارث,3,وزهير بن محمَّد بن حياة بن قراقم بن ربيعة بن مالك بن عوف بن مهرِّف بن عبد اللَّه بن ذُهل بن حبيب بن كثير بن الدُّول، كان من أهل الدَّعوة بخراسان من المسوَّدة؛ وكانت بنته تحت زيد بن عليّ بن الحُسين بن عليّ بن أبي طالب، وهي التي قتلها يوسف بن عمر الثقفيّ ضربا بالكوفة.
470,485,2,وهؤلاء بنو عبد الله بن كعب بن الحارث,4,وعبدُ العُزَّى بن مسروح بن جُبير بن كثير الشَّاعر.
470,485,2,وهؤلاء بنو عبد الله بن كعب بن الحارث,5,وولد والية بن الدُّول: سيَّاراً، وعمراً، وذُهلاً.
470,485,2,وهؤلاء بنو عبد الله بن كعب بن الحارث,6,منهُم: سُفيان بن عوف بن المُغفَّل بن عوف بن عُمير بن كلب بن ذُهل
471,486,2,وهؤلاء بنو عبد الله بن كعب بن الحارث,1,ابن سيَّار، صاحب الصَّوائف، فيه يقول الشَّاعر:
471,486,2,وهؤلاء بنو عبد الله بن كعب بن الحارث,2,أَقِمْ يا بنَ مسعودٍ قناةً صليبةً … كما كان سُفيان بن عوف يقيمهما
471,486,2,وهؤلاء بنو عبد الله بن كعب بن الحارث,3,وسم يا بن مسعودٍ مدائن قيصرٍ … كما كان سُفيان بن عوف يسومهما
471,486,2,وهؤلاء بنو عبد الله بن كعب بن الحارث,4,ويزيد، والحكمُ ابنا المغفَّل بن عوف، قتلا يوم النخيلة.
471,486,2,وهؤلاء بنو عبد الله بن كعب بن الحارث,5,وقيس، وزهير ابنا المغفَّل، قتلا يوم القادسيَّة.
471,486,2,وهؤلاء بنو عبد الله بن كعب بن الحارث,6,ومُليكة بنت يزيد بن المغفَّل، زوجة عبد الرحمان بن محمَّد بن الأشعث، قتل عنها.
471,486,2,وهؤلاء بنو عبد الله بن كعب بن الحارث,7,وولد ظبيان بن غامد: غنماً، وثعلبة.
471,486,2,وهؤلاء بنو عبد الله بن كعب بن الحارث,8,منهم: جندبُ الخير بن عبد اللَّه بن ضبّ بن الأحزم بن مسغبٌ بن حُثم بن جُشم بن سلامان بن غنم بن بن ظبيان، كان من أصحاب عليّ بن أبي طالبٍ، ﵇ .
471,486,2,وهؤلاء بنو عبد الله بن كعب بن الحارث,9,وجندب بن كعب بن عبد اللَّه بن جزء بن عامر بن مالك بن عامر بن
472,487,2,بنو مالك بن كعب,1,ذُهل بن ثعلبة بن ظبيان بن غامد، قاتل السَّاحر ايام الوليد بن عقبة بن أبي مُعيطٍ.
472,487,2,بنو مالك بن كعب,2,هؤلاء بنو عبد اللَّه بن كعب بن الحارث بن كعب.
472,487,2,بنو مالك بن كعب,3,هؤلاء
472,487,2,بنو مالك بن كعب,4,[بنو مالك بن كعب]
472,487,2,بنو مالك بن كعب,5,ولد مالك بن كعب: شجاعة، بطن عظيم لهم بمصر مسجدٌ وخطَّةُ؛ والأثبَّ، وهم الأثيابُ؛ منهم أهل بيت بالكوفة.
472,487,2,بنو مالك بن كعب,6,هؤلاء بنو مالك بن كعب
472,487,2,بنو مالك بن كعب,7,[وهؤلاء بنو زهران بن كعب بن الحارث]
472,487,2,بنو مالك بن كعب,8,وولد زهران بن كعب بن الحارث بن كعب بن عبد اللَّه بن مالك بن نصر بن الأزد: عبد الله، ونصراً، والنَّمر، ومالكاً، وعبرة، وصقلاً، يقال لصقلِ، وعبرة، ومالك: بنو خُنيشٍ.
472,487,2,بنو مالك بن كعب,9,فولد عبد اللَّه بن زهران: عُدثان.
472,487,2,بنو مالك بن كعب,10,فولد عدثانُ بن عبد الله: دوساً، بطن عظيم، ودعثة، بطن صغير؛ ودهنة، بطن صغير.
472,487,2,بنو مالك بن كعب,11,فولد دوسُ بن عُدثان: غنماً، ومنهباً، بالسَّراة.
473,488,2,وهؤلاء بنو زهران بن كعب بن الحارث,1,فولد غنمُ بن دوس: فهما، والحارث، درج.
473,488,2,وهؤلاء بنو زهران بن كعب بن الحارث,2,فولد فهم بن غنم: مالكا، وهم بعمان؛ وسليماً وطريفا، وهما بالحجاز.
473,488,2,وهؤلاء بنو زهران بن كعب بن الحارث,3,فولد مالك بن فهم بن غنم: نوىً، وولده، بعمان؛ وجذيمة الأبرش الملك الذي قتله الزَّبَّاءُ؛ وعوفا، وجهضماً؛ وسليمة بطن؛ ومعناً، بطن؛ وهناءة، بطن؛ والحارث، وشبابة، وعمراً، وثعلبةً، وهو في تنوخٍ.
473,488,2,وهؤلاء بنو زهران بن كعب بن الحارث,4,فولد عوفُ بن مالك بن فهم بن غنم: جهضماً، وجريرا، وجوناً، وبنو جهضم يقولون: جهضم بن جذيمة الأبرش.
473,488,2,وهؤلاء بنو زهران بن كعب بن الحارث,5,وولد نويّ بن مالك بن فهم بن غنم: سُنيغاً، وعمراً، وحُنشاً.
473,488,2,وهؤلاء بنو زهران بن كعب بن الحارث,6,وولد سليمة بن مالك بن فهم بن غنم: حُليمة، وسعداً، وعبداً، وحمصلةً، وضباعا، ومجاشراً، وتبريداً، وقرحراً.
473,488,2,وهؤلاء بنو زهران بن كعب بن الحارث,7,منهم: أبو حمزة الخارجيّ، وهو المختار بن عبد اللَّه بن مازن بن مجاشر، صاحب يوم قديدٍ.
474,489,2,وهؤلاء بنو زهران بن كعب بن الحارث,1,وولد هناءة بن مالك بن فهم بن غنم: أسلم، وجهضماً، وصائدة.
474,489,2,وهؤلاء بنو زهران بن كعب بن الحارث,2,فولد أسلم بن هُناءة: خنزيراً، وبكراً، وفسحاناً، وغربا.
474,489,2,وهؤلاء بنو زهران بن كعب بن الحارث,3,فولد خنزيرُ بن أسلم: عائداً، وعازباً، وحاشياً. منهم: عُقبة بن سلم بن نافع بن هلال بن صهبان بن هرَّاب بن عائد بن خنزيرٍ.
474,489,2,وهؤلاء بنو زهران بن كعب بن الحارث,4,وعبد الملك بن مُليل بن عياض بن عمرو بن حرب بن عائد بن خنزير بن معدان بن سهم بن مالك بن عقربان بن سوار بن صائدة بن عازب بن خنزير، كان شريفاً.
474,489,2,وهؤلاء بنو زهران بن كعب بن الحارث,5,وهُجيرةُ بن عمرو بن حارثة بن عقربان بن سوار، كان شريفاً.
474,489,2,وهؤلاء بنو زهران بن كعب بن الحارث,6,وولد شبابةُ بن مالك بن فهم بن غنم: زيداً، وفراهيد.
474,489,2,وهؤلاء بنو زهران بن كعب بن الحارث,7,منهم: عُقبةُ بن السَّمهريّ بن حرب بن كعب بن عبد حُمام بن عبد ابن زيد بن شبابة.
474,489,2,وهؤلاء بنو زهران بن كعب بن الحارث,8,والحُرُّ بن الحرِّ بن ضحيان بن قطن بن هانئ بن ظالم بن جُشم بن حاضر بن ظالم بن فراهيد، كان شريفاً.
474,489,2,وهؤلاء بنو زهران بن كعب بن الحارث,9,وولد الحارثُ بن مالك بن فهم بن غنم: مُنقذاً، وهو العقيُ، وهم
475,490,2,وهؤلاء بنو زهران بن كعب بن الحارث,1,العُقاة؛ وجُرموزاً، وهم الجراميز؛ وقُردوساً، وهم القراديس؛ ولُحياً، ولقيطاً.
475,490,2,وهؤلاء بنو زهران بن كعب بن الحارث,2,منهم: كعبُ بن سوار بن بكر بن عبد بن ثعلبة بن سُليم بن ذُهل بن لقيط، وليَ قضاء البصرة لعُمر بن الخطَّاب ﵁ فلم يزل عليها حتى قُتل مع عائشة يوم الجمل، أَتاه سهمٌ فقتله.
475,490,2,وهؤلاء بنو زهران بن كعب بن الحارث,3,والهيثم بن المُنخَّل بن الحارث بن أَرقم بن أَسود بن همَّام بن سيحان بن قصامةَ بن كتوم بن جُرموز، كان فارساً.
475,490,2,وهؤلاء بنو زهران بن كعب بن الحارث,4,والصَّفَّاقُ بن حجر بن بُجير بن عمرو بن بكر بن أَنمار بن قيس بن وقدان بن أَخطب بن أَمسك بن العقي، لهم عددٌ وشرفٌ.
475,490,2,وهؤلاء بنو زهران بن كعب بن الحارث,5,وولد عمرو بن مالك بن فهم: مالكاً، ومعاوية، وهو قسملة، وهم القسامل؛ ووائلاً، وواشحاً، وماوية، وأَبا أُبيَّة، وكلاباً، وصُخفان.
475,490,2,وهؤلاء بنو زهران بن كعب بن الحارث,6,فولد وائل بن عمرو بن مالك بن فهم: أَسداً، وهو فحم، وهم فحومة؛ ومُرَّة، وهم بنو العم.
475,490,2,وهؤلاء بنو زهران بن كعب بن الحارث,7,فولد مالك بن عمرو بن مالك بن فهم: عائداً، وهو صُليم؛ وممدوداً، وهم الأشاقر، رهط كعب الأشقريّ.
476,491,2,وهؤلاء بنو زهران بن كعب بن الحارث,1,فولد أَسدُ بن عائد بن مالك بن عمرو: حاضراً.
476,491,2,وهؤلاء بنو زهران بن كعب بن الحارث,2,فولد حاضرُ بن أَسد بن عائد: ظالماً، وجُديداً بطنان عظيمان.
476,491,2,وهؤلاء بنو زهران بن كعب بن الحارث,3,وولد وهبان بن مالك بن عمرو بن مالك بن فهم: عمراً، وشُنيعاً، وسعداً، وربيعةَ.
476,491,2,وهؤلاء بنو زهران بن كعب بن الحارث,4,وولد شريكُ بن مالك: أَسداً.
476,491,2,وهؤلاء بنو زهران بن كعب بن الحارث,5,وولد جذيمةُ بن مالك بن فهم: جهضماً، ووهبيلاً.
476,491,2,وهؤلاء بنو زهران بن كعب بن الحارث,6,فولد جهضمُ بن جذيمة: صهبان، وجعبراً، وكعباً، وخالداً، ولأياً، وعُبيدة، والأسود.
476,491,2,وهؤلاء بنو زهران بن كعب بن الحارث,7,منهم: عليُّ بن الحجاج بن سُليمان بن حازم بن عمرو بن عبد الرَّحمان بن جعبر بن صهبان بن عوف بن زهران بن الأسود بن جهضم، وليّ العسكريين، والحربةَ، وفارس.
476,491,2,وهؤلاء بنو زهران بن كعب بن الحارث,8,والحارثُ بن قيس بن صهبان بن غزوان بن عوف بن علاج، كان أَيام المُهلَّب بالبصرة شريفاً.
477,492,2,بنو سليم بن فهم,1,وولد معن بن مالك بن فهم: شرطان، وطعناً، وحداداً، وربيعةَ، وكزدياً، وهُجيناً، وأَسداً، وكوماً.
477,492,2,بنو سليم بن فهم,2,فولد شرطان بن معن: مُليحاً، وصُهبان، وكعباً، وخُزيمة.
477,492,2,بنو سليم بن فهم,3,فولد مُليح بن شرطان: عمراً، وصُنيماً.
477,492,2,بنو سليم بن فهم,4,منهم: مسعود بن عمرو بن عبد بن غارب بن صُنيم، وهو القمر، كان سيِّدهم باليمن، قتلتهُ تميم.
477,492,2,بنو سليم بن فهم,5,والكرمانيَّ، وهو جُديع بن شبيب بن عامر بن براريّ بن صُنيم، رأس الأزد في أَيام العصبيَّة بخراسان.
477,492,2,بنو سليم بن فهم,6,هؤلاءِ بنو مالك بن فهم بن غنم بن درس بن عدنان.
477,492,2,بنو سليم بن فهم,7,وهؤلاءِ
477,492,2,بنو سليم بن فهم,8,بنو سُليم بن فهم
477,492,2,بنو سليم بن فهم,9,وولد سُليم بن فهم: ثعلبة، وتُبيعاً.
477,492,2,بنو سليم بن فهم,10,فولد ثعلبة بن سُليم: العاص، وسعداً، وعويصاً، وزماماً.
478,493,2,بنو سليم بن فهم,1,منهم: أَبو هُريرة، عُمير بن عامر بن عبد ذي الشَّري بن طريف بن عبَّاد بن أَبي صعب بن هُنبة بن سعد بن ثعلبة بن سُليم بن فهم، صحبَ النبي ﷺ .
478,493,2,بنو سليم بن فهم,2,وأخوه أَبو كريم بن عامر.
478,493,2,بنو سليم بن فهم,3,وسعد بن صبيح بن الحارث بن سابي بن أَبي صعب بن مُنبِّه بن سعد، كان لا يأخذ أَحداً من قثريش إِلاَّ قتله بأبي أُزيهر، وهو خال أَبي هريرة.
478,493,2,بنو سليم بن فهم,4,وذو السَّنبلة، وهو خالد بن عوف بن نضلة بن معاوية بن الحارث بن رافع بن عبد بن عُتبة بن الحارث بن رعل بن عامر بن حرب بن سعد بن ثعلبة، وقد رأس.
478,493,2,بنو سليم بن فهم,5,وعبد اللَّه بن النُّعمان بن عبد اللَّه بن وهب بن سعد بن عوف بن عامر بن عبد غنم بن غنَّام بن أُسامة بن مالك بن عامر بن حرب بن سعد، وهو
479,494,2,بنو سليم بن فهم,1,"سيِّدهم بالشَّروات، وهو الذي قتل الحازوق الحنفي أَيام نجدة، وكان دخل أرض الأزد فوغل فيها. وبعثهُ نجدة، فقيل له: "" إِنَّ لهم شعاباً مُنكرة فلا تفعل "" ، فلما أَوغل أُخذ عليهِ فرضخَ هو وأَصحابه بالحجاز، فقالت أُختهُ تبكيه:"
479,494,2,بنو سليم بن فهم,2,تبصَّرتُ أَطفار الحجار فلا أَرى … حُراقاً فعيني كالحجار من القطر
479,494,2,بنو سليم بن فهم,3,وعبد الرَّحمان بن عبد اللَّه بن عبد الرَّحمان بن عبد اللَّه بن النُّعمان، ولاَّه المهديُّ السَّراة، وأَمَّرهُ قومه.
479,494,2,بنو سليم بن فهم,4,"وعُمارةُ بن عمرو بن أَبي كُلثم وهو خالد بن مُعمر بن وهب بن زهير بن عمرو بن عامر بن عبد غنم بن غنَّام، الذي قال حين قُتل الوليد بن يزيد بن عبد الملك بن مروان: "" لئن انتضيتُ سيفي لا أُغمده وفي الأرض قُريشيّ حتى أَقتله "" فأخذه مروان بن مُحمَّد فقتلهُ."
480,495,2,بنو منهب بن دوس,1,"وطُفيلُ بن ذي النُّون بن طريف بن العاص، وفد على النبي ﷺ ، فقال: "" يا نبيَّ اللَّه إِنَّ دوساً قد غلب عليها الزِّنا فادعُ اللَّه عليهم، فقال النبي ﷺ : "" اللَّهم إِهد دوساً ""، فقال: "" اللَّهم نوَّر له "" فسطع نورٌ بين عينيه. فقال: "" يا رب، أَخاف أَن تكون مثله "" فتحولت إلى طرف سوطه، فكان يُضيء في الليلةِ الظَّلماء؛ فقال "" يا رسول اللَّه اجعلها على ميمنتك، واجعل شعارنا مبرور "" ففعل، فشعار الأزد اليوم كلها، مبرور، ثم قتل يوم اليمامةِ."
480,495,2,بنو منهب بن دوس,2,وقتل ابنه عمرو بن الطُّفيل يوم اليرموك.
480,495,2,بنو منهب بن دوس,3,ومنهم: جعفر بن هيثم الشَّاعر، جاهليّ.
480,495,2,بنو منهب بن دوس,4,هؤلاءِ بنو غنم بن دوس
480,495,2,بنو منهب بن دوس,5,وهؤلاءِ
480,495,2,بنو منهب بن دوس,6,بنو مُنهب بن دوس
480,495,2,بنو منهب بن دوس,7,وولد مُنهبُ بن دوس: دُهمان، وعوفاً، وهو نجا؛ وعُبرة.
480,495,2,بنو منهب بن دوس,8,وولد دُهمان بن مُنهب: مُحارباً، وغنماً.
480,495,2,بنو منهب بن دوس,9,منهم: وهب بن عبد اللَّه بن عامر بن سعد بن عوف بن عُبيد بن
481,496,2,بنو منهب بن دوس,1,سعد بن حرب بن السَّلم بن مُحارب بن دُهمان الشَّاعر.
481,496,2,بنو منهب بن دوس,2,وعبد اللَّه بن مالك بن عبد اللَّه بن الأحمس الشَّاعر، إسلاميّ، وهو الذي يقال له: ابن الغامديَّة.
481,496,2,بنو منهب بن دوس,3,وعمرو بن حُممه بن الحارث بن رافع بن سعد بن ثعلبة بن لؤي بن عامر بن غنم بن دُهمان، وهو بيتهم.
481,496,2,بنو منهب بن دوس,4,وجُندب بن حرب بن عمرو بن حُممه قتل مع معاوية بن أَبي سفيان بصفِّين.
481,496,2,بنو منهب بن دوس,5,وأختهُ أُمُّ عمرو بنت حرب، ولدت لعثمان بن عفَّان: عمراً، وخالداً، وأَبان؛ بنو عثمان.
481,496,2,بنو منهب بن دوس,6,وأبو عُبيسٍ الشَّاعر، جاهليّ من بني مبدول بن لؤي بن حُممة بن عوف بن عزيَّة بن الحارث بن ذُبيان بن نجا بن مُنهب، الذي طال عُمرهُ فقال.
481,496,2,بنو منهب بن دوس,7,"""لا بُدَّ يوماً أَن يُطار بمصرعي """
482,497,2,بنو نصر بن زهران,1,هؤلاءِ بنو عبد اللَّه بن زهران
482,497,2,بنو نصر بن زهران,2,وهؤلاء
482,497,2,بنو نصر بن زهران,3,[بنو نصر بن زهران]
482,497,2,بنو نصر بن زهران,4,وولد نصر بن زهران: عثمان، ودُهمان.
482,497,2,بنو نصر بن زهران,5,فولد عثمان بن نصر: النَّمر، بطن، وغالباً، وغانماً، وعبد اللَّه، وهو حُميُّ؛ أُمُّهم: رُهم بنت عبد اللَّه بن زهران.
482,497,2,بنو نصر بن زهران,6,فولد النَّمرُ بن عثمان بن نصر: سُليماً، وحُفيفاً، وأنماراً.
482,497,2,بنو نصر بن زهران,7,فولد سُليمُ بن النَّمر: ربيعةَ.
482,497,2,بنو نصر بن زهران,8,فولد ربيعةُ بن سُليم بن النَّمر: فهماً، وعمراً، وحرباً، وسُبيعاً.
482,497,2,بنو نصر بن زهران,9,فولد فهم بن ربيعة: صعباً، ومالكاً.
482,497,2,بنو نصر بن زهران,10,فولد مالكُ بن فهم بن ربيعة: صُبحاً.
482,497,2,بنو نصر بن زهران,11,منهم: عبد اللَّه، وهو أَبو الكنود بن عامر، بن عبد اللَّه بن عبد نُهم بن سعد بن سعد بن صُبح، كان من أَصحاب عبد اللَّه بن مسعود، وقتل مع المُختار بن أَبي عُبيد.
482,497,2,بنو نصر بن زهران,12,وجابرُ بن الأكرش بن عوف بن عبد نُهم بن سعد بن سعد، كان شريفاً.
482,497,2,بنو نصر بن زهران,13,وأبو بُردة بن عوف بن عبد نُهم، كان عثمانيَّاً.
483,498,2,بنو نصر بن زهران,1,وأبو أُميمةَ بن ربيعةَ بن عبد اللَّه بن الطَّمَّان بن عويف بن عبد نُهم، كان شريفاً.
483,498,2,بنو نصر بن زهران,2,وأبو الصَّباح، واسمهُ بن سويد بن أَبي زهير بن سعيد بن عُمير بن نُهم بن ربيعة بن سُليم بن النَّمر، كان رئيساً في دعوة بني هاشمٍ: وولد حُفين بن النَّمر: عامراً، وذُهلاً.
483,498,2,بنو نصر بن زهران,3,فولد عامر بن حُفين: الأوس، وكنانة.
483,498,2,بنو نصر بن زهران,4,منهم: أَبو الجهم بن حبيب بن الحارث بن عبد اللَّه بن الحارث بن عُويف بن سعيد بن عُتبة بن عوانة بن مُرَّة بن جُشم بن الأوس، وهو حليفٌ لقريشٍ بالمدينة في بني عديّ بن كعب، ولهم بقيَّةٌ هناك، وقد تزوَّجوا في قُريشٍ وصاهروهم.
483,498,2,بنو نصر بن زهران,5,وطُفيلُ بن عبد اللَّه بن الحارث بن سخبرة بن جُرثومة بن عائذة، وهو أَخو عائشة زوج النبي ﷺ لأُمِّها، أُمُّهما: أُمُّ رومان بنت عُميرٍ الكنانيّ.
483,498,2,بنو نصر بن زهران,6,وأبو مرثدٍ بن عبد اللَّه بن عوف بن عبد اللَّه بن الحارث بن سخبرة، صاحب رايتهم يوم رُستم، وكان في ألفين وخمس مائة من العطاء.
483,498,2,بنو نصر بن زهران,7,والحارثُ بن حَصيرة بن عبد اللَّه بن الحارث بن دُريد بن شبل بن عُويف بن مازن بن عليّ بن كنانة بن عامر بن حُفين، الذي يُحدَّثُ عنه.
483,498,2,بنو نصر بن زهران,8,وولد أنمار بن النَّمر: حُبشياً.
484,499,2,وهؤلاء بنو حمي بن عثمان,1,فولد حُبيشُ بن أنمار: الزُّويل.
484,499,2,وهؤلاء بنو حمي بن عثمان,2,فولد الزُّويل بن حُبيش: سعداً، وعامراً، وهو نجا.
484,499,2,وهؤلاء بنو حمي بن عثمان,3,منهم: عُمارةُ بن أَبيّ، كان فقيهاً بالشَّام.
484,499,2,وهؤلاء بنو حمي بن عثمان,4,هؤلاء بنو النَّمر بن عثمان.
484,499,2,وهؤلاء بنو حمي بن عثمان,5,وهؤلاءِ بنو حُميّ بن عثمان
484,499,2,وهؤلاء بنو حمي بن عثمان,6,وولد حُميُّ بن عثمان: اليحمد، بطن أُمُّه: رُهمُ بنت وبرة بن تغلب بن حُلوان بن عمران بن الحاف بن قُضاعةَ.
484,499,2,وهؤلاء بنو حمي بن عثمان,7,وهؤلاءِ بنو اليَحْمَد بن حُميّ
484,499,2,وهؤلاء بنو حمي بن عثمان,8,وولد اليحمد بن حُميّ: الشُّريَ، وماجداً، وهو مُجدُ؛ وعمراً، وكعباً، وسعداً، وخالداً، وحُميماً، ومالكاً، وربيعةَ.
484,499,2,وهؤلاء بنو حمي بن عثمان,9,منهم: الحُسين بن مُحمَّد بن جابر بن عليّ بن متلك بن حرملة بن مالك بن ربيعةَ بن اليحمد، كان شريفاً.
484,499,2,وهؤلاء بنو حمي بن عثمان,10,ومُحاربُ بن عبد اللَّه بن شُميس بن بُنَيّ بن دُحيّ بن حبيب بن سُميس ابن تيم بن ضمضم بن عامر بن باقل بن الشَّريّ بن اليَحمد، كان شريفاً.
484,499,2,وهؤلاء بنو حمي بن عثمان,11,ويسارُ بن مالك بن عديّ بن لاحق بن سنان بن بحر بن المُجد بن اليحمد، كان شريفاً.
485,500,2,وهؤلاء بنو غالب بن عثمان,1,ومُخاَّدُ بن الحسن بن عبد اللَّه بن خالد بن اليحمد، كان فارساً بنجران هؤلاءِ بنو اليحمد.
485,500,2,وهؤلاء بنو غالب بن عثمان,2,وهؤلاءِ بنو غالب بن عثمان
485,500,2,وهؤلاء بنو غالب بن عثمان,3,وولد غالبُ بن عثمان: غنماً، والتَّدب.
485,500,2,وهؤلاء بنو غالب بن عثمان,4,فولد غنمُ بن غالب؛ عمراً، وسعداً، وبطن؛ وجذيمةَ، بطن.
485,500,2,وهؤلاء بنو غالب بن عثمان,5,فولد عمرو بن غنم: شُمساً.
485,500,2,وهؤلاء بنو غالب بن عثمان,6,فولد شُمسُ بن عمرو: الحُدَّان، بطن، ونحواً، وزياداً، بطن، ومعولة، بطن.
485,500,2,وهؤلاء بنو غالب بن عثمان,7,فولد الحُدَّان بن شمس: شُمساً.
485,500,2,وهؤلاء بنو غالب بن عثمان,8,فولد عبد بن شُمس: مالكاً، ورسناً، وباقلاً.
485,500,2,وهؤلاء بنو غالب بن عثمان,9,منهم: صبرةُ بن شيمان بن عُكيف بن كيّوم بن عبد بن باقل بن عبد شمس، رأس الأزد يوم الجمل، وقتل يومئذٍ.
485,500,2,وهؤلاء بنو غالب بن عثمان,10,وولد نحو بن شمس بن عمرو: عُجيفاً، ومُعادياً، ومُلاتمات، ومُرَّاً.
486,501,2,وهؤلاء بنو دهمان بن نصر,1,فمن بني زياد بن شمس: يزيد بن عائد بن عبد اللَّه بن أَسد بن عائد بن زياد، كان فارساً.
486,501,2,وهؤلاء بنو دهمان بن نصر,2,وولد معولة بن شمس: عبد العزَّى، ويرافد، وبياضاً، وغرجدة.
486,501,2,وهؤلاء بنو دهمان بن نصر,3,فولد عبد العُزَّى بن معولة: الحُّدان.
486,501,2,وهؤلاء بنو دهمان بن نصر,4,منهم: الجُلندي بن المُستكبر.
486,501,2,وهؤلاء بنو دهمان بن نصر,5,وجيفر، وعبدٌ، سيِّداً أَهل عُمان.
486,501,2,وهؤلاء بنو دهمان بن نصر,6,وزُبيدُ الأعور بن جيفر، ارتدَّ عن الإسلام.
486,501,2,وهؤلاء بنو دهمان بن نصر,7,وسعيدُ، وسُليمان ابنا عبَّاد بن زيد بن عبد بن الجُلندي، كانا سيِّدي أَهل عُمان.
486,501,2,وهؤلاء بنو دهمان بن نصر,8,وولد رياض بن معدلة: عبساً، وجهديداً.
486,501,2,وهؤلاء بنو دهمان بن نصر,9,وولد غرجدةُ بن معولو: ثعلبة، وحرباً.
486,501,2,وهؤلاء بنو دهمان بن نصر,10,هؤلاءِ بنو عثمان بن نصر بن زهران
486,501,2,وهؤلاء بنو دهمان بن نصر,11,وهؤلاءِ بنو دُهمان بن نصر
486,501,2,وهؤلاء بنو دهمان بن نصر,12,وولد دُهمان بن نصر بن زهران: صعباً، وضيقاً.
486,501,2,وهؤلاء بنو دهمان بن نصر,13,فمن بني صعب: أَبو أُميَّة، كان أَحد أَزواج أُمِّ فروة أُخت أَبي بكرٍ الصدِّيق ﵁ .
487,502,2,وهؤلاء بنو دهمان بن نصر,1,فولدت لهُ جارية يُقال لها أُميمة فتزوَّجها عبد اللَّه بن الزُّبير. ومنهم بقيَّةبالكوفة.
487,502,2,وهؤلاء بنو دهمان بن نصر,2,فولد صعبُ بن دُهمان: مُبشراً، وعمراً. فولد مُبشِّر بن صعب: يشكر، ومحضباً، والأوس: وهما بطنان، والحارث.
487,502,2,وهؤلاء بنو دهمان بن نصر,3,فولد يشكر بن مبشِّر: بكراً، وعامراً، بطن، وربيعة، بطن، وعوفاً، بطن، وسلامان، وأخوين بطن.
487,502,2,وهؤلاء بنو دهمان بن نصر,4,فولد بكر بن يشكر: عامراً، وهو الغطريف، وسعداً، وعوفاً، والحارثن وهو الغلوق، دخلوا في بني زُبيدٍ، وجعثمة.
487,502,2,وهؤلاء بنو دهمان بن نصر,5,فولد الغطريفُ بن يشكر بن مثبشِّر بن صعب: سعداً، وعبد اللَّه.
487,502,2,وهؤلاء بنو دهمان بن نصر,6,فولد عبد اللَّه بن الغطريف: الحارث، وهو الغطريف الأصغر؛ والحويرث، وهو غُطيف الذي في مُراد، يقولون: غُطيف بن عبد اللَّه بن ناجية بن مراد.
487,502,2,وهؤلاء بنو دهمان بن نصر,7,فولد الحارث بن عبد اللَّه: عبد اللَّه، وكعباً، وواشجاً، بطن، وربيعة، وهو الرَّبعة، بطن.
487,502,2,وهؤلاء بنو دهمان بن نصر,8,فولد كعبُ بن الغطريف: عامراً، وبرسان، بطن، وهلالاً، بطن،
488,503,2,وهؤلاء بنو دهمان بن نصر,1,وعبد اللَّه، بطن، وآلاة، وهو الخُصاصة، بطن.
488,503,2,وهؤلاء بنو دهمان بن نصر,2,فولد عامر بن عمرو بن كعب: وائلاً، وسُبالة، بطن، وحدرُوجاً، وحجراً، وزُييَّلاً، ورسناً، بطون.
488,503,2,وهؤلاء بنو دهمان بن نصر,3,فولد وائل بن عامر بن عمرو: عديَّاً، وفرَّاصاً، بطن، ووهباً، وسعداً، بطون.
488,503,2,وهؤلاء بنو دهمان بن نصر,4,فولد فرَّاص بن وائل: أُسيداً، وجُشم.
488,503,2,وهؤلاء بنو دهمان بن نصر,5,منهم: الفُضيلُ بن هنَّاد بن زيد بن سُريح بن شُرحبيل بن الحارث بن جُشم.
488,503,2,وهؤلاء بنو دهمان بن نصر,6,وولد سُبالة بن عامر بن عمرو بن كعب: رافداً، وبعزاً، وزيداً، وأنساً.
488,503,2,وهؤلاء بنو دهمان بن نصر,7,فولد رافدُ بن سبالة: جابراً.
488,503,2,وهؤلاء بنو دهمان بن نصر,8,منهم: عبد الجبَّار بن عبد الرَّحمان بن يزيد بن قيل بن قيس بن زيد بن جابر، كان على شُرط أَبي جعفرٍ المنصور، وعلى خُراسان؛ وإليهم يُنسب
489,504,2,وهؤلاء بنو دهمان بن نصر,1,دار عبد العزَّى بمصر.
489,504,2,وهؤلاء بنو دهمان بن نصر,2,وولد سعدُ بن كعب بن الغطريف: مالكاً.
489,504,2,وهؤلاء بنو دهمان بن نصر,3,منهم: أُزيهرث بن أَنيس بن الحلسق بن مالك، وكان عدادهُ في دوس، فقيل الدَّوسيّ، وكان حليفاً بمكة لأبي سفيان، صخر بن حرب، فزوَّج ابنته عُتبة بن ربيعة، وزوَّج الأخرى الوليد بن المُغيرة؛ وزوَّج ابنته عائكة أبا سفيان، فولدت له مُحمَّداً، وعنبسة؛ قتلهُ هشام بن المثغيرة بذي المجاز.
489,504,2,وهؤلاء بنو دهمان بن نصر,4,فولد أَبو أُزيهر: أَبا جناة.
489,504,2,وهؤلاء بنو دهمان بن نصر,5,فولد أَبو جناة بن أَبي أُزيهر: شُميلة تزوَّجها مُجاشع بن مسعود السُّلميّ، وقتل عنها يوم الجمل، وإياها عنى ابن ميسرة.
490,505,2,وهؤلاء بنو دهمان بن نصر,1,تَنحَّ لعبد اللَّهِ يومَ لقيتهُ … شُميلة ترمي بالحديث المُعبرِ
490,505,2,وهؤلاء بنو دهمان بن نصر,2,وولد مالكُ بن كعب بن الغطريف: توماً، وسماعة، بطنان.
490,505,2,وهؤلاء بنو دهمان بن نصر,3,وولد سعدُ بن الغطريف: الخيار، بطن بالموصل.
490,505,2,وهؤلاء بنو دهمان بن نصر,4,منهم: عثمان بن سُراقة بن عبد الأعلى بن سُراقة، الذي خلعَ بالشَّام زمان عبد اللَّه بن عليّ، وهو الذي قتل العكِّيَّ وابنه.
490,505,2,وهؤلاء بنو دهمان بن نصر,5,وولد ربيعةُ بن يشكر: عبداً، بطن.
490,505,2,وهؤلاء بنو دهمان بن نصر,6,وولد جعثمة بن يشكر بن مُبشِّر بن صعب: عمراً.
490,505,2,وهؤلاء بنو دهمان بن نصر,7,فولد عمرو بن جعثمة: عمراً، وهو الجادر، وقعوا في بني الدَّيل أَيام خرجوا من مأرب، فخالفوا نُفاثةُ بن عديّ بن الدِّيل، فهم فيهم.
490,505,2,وهؤلاء بنو دهمان بن نصر,8,منهم: سعدُ بن سيل بن حمالة بن عوف بن غنم بن عامر بن الجادر، وهو جدُّ قُصيّ بن كلاب، أبو أُمُّه فاطمة بن سعد بن سيل، وكان عامر أَوَّل من بنى جدار الكعبة، فسُمِّي بالجادر، ولهم بقية بالمدينة.
490,505,2,وهؤلاء بنو دهمان بن نصر,9,هؤلاءِ بنو صعب بن دُهمان بن نصر
491,506,2,وهؤلاء بنو عبرة بن زهران,1,وهؤلاءِ بنو عُبرَة بن زهران
491,506,2,وهؤلاء بنو عبرة بن زهران,2,وولدَ عبرةُ بن زهران: عُبيدةَ، بطن.
491,506,2,وهؤلاء بنو عبرة بن زهران,3,منهُم: جُنادةُ بن أبي أُميّة، كانَ من أشرافِ أهل الشام في زمانهِ.
491,506,2,وهؤلاء بنو عبرة بن زهران,4,وعامر بن عُبرة، وسُريقاً.
491,506,2,وهؤلاء بنو عبرة بن زهران,5,فولدَ عُبيدةُ بن عُبرة: وُليمةَ، وجِذْيماً، وحُمرةَ، وعَلقَةَ.
491,506,2,وهؤلاء بنو عبرة بن زهران,6,فولدَ حُمْرَةُ بن عُبيد بن عُبْرَةَ بن زهران: مُعَاويَةَ.
491,506,2,وهؤلاء بنو عبرة بن زهران,7,فَوَلَدَ مُعَاويَةَ بن حَمْرة بن عُبيدة: عَدِيّاً.
491,506,2,وهؤلاء بنو عبرة بن زهران,8,فَوَلَدَ عَدِي بن عبيدة: عَبد اللهِ.
491,506,2,وهؤلاء بنو عبرة بن زهران,9,فَوَلَدَ عَبْدَ اللَّهِ بن عدي: عامراً.
491,506,2,وهؤلاء بنو عبرة بن زهران,10,فَوَلَدَ عامراً بن عبد اللهِ بن عَديّ: الحَارثَ، وهو شُعَيْث.
491,506,2,وهؤلاء بنو عبرة بن زهران,11,فَوَلَدَ شُعَيْث بن عَامَر بن عبد الله بن حيان بن مُعَاويةَ بن حَمْزَةَ بن عُبيدة بن عبرة: سعداً، وثَعَلَبةَ.
491,506,2,وهؤلاء بنو عبرة بن زهران,12,وَوَلَدَ مالكُ بن زَهران: مُفَرَّجاً.
491,506,2,وهؤلاء بنو عبرة بن زهران,13,فَوَلَدَ موفرج بن مالك بن زهران: سَلامان، بطن، والحارث، وَهو كُدَادَةُ.
492,507,2,وهؤلأء بنو ميدعان بن مالك بن نصر بن الأزد,1,مِنْهُم: حَاجِزُ بن عوف بن الحاِرث بن الأختم بن عبد الله بن ذُهل ابن مالك بن سلأمان بن مفرج الشاِعر.
492,507,2,وهؤلأء بنو ميدعان بن مالك بن نصر بن الأزد,2,وَوَلَدَ كُدادة بن مفرج: مالكاً.
492,507,2,وهؤلأء بنو ميدعان بن مالك بن نصر بن الأزد,3,فَوَلَدَ مالِكُ بنكُدَادَةَ: رَبِيعِة.
492,507,2,وهؤلأء بنو ميدعان بن مالك بن نصر بن الأزد,4,فَوَلَدَ رَبِيعَةُ بن مالك بن كدادة: ثعلبةَ، وهو فجاءَةَ، بطن.
492,507,2,وهؤلأء بنو ميدعان بن مالك بن نصر بن الأزد,5,فَوَلَدَ فجاءةُ بن ربيعة بن مالكُ بن كدادة: مازناً، وعوفاً، وربيعةَ.
492,507,2,وهؤلأء بنو ميدعان بن مالك بن نصر بن الأزد,6,هؤلأءِ بنو مَالِك بن زهران، وهم آخر بني عبد الله بن مالك بن نصر
492,507,2,وهؤلأء بنو ميدعان بن مالك بن نصر بن الأزد,7,[وهؤلأء بنو ميدعان بن مالك بن نصر بن الأزد]
492,507,2,وهؤلأء بنو ميدعان بن مالك بن نصر بن الأزد,8,وَوَلَدَ ميدعان بن مالك بن نصر بن الأزد: راسباً، بطن.
493,508,2,وهؤلاء بنو الخيار بن مالك,1,هؤلأء بنو مالك بن زهران، وهم آخر بني عبد الله بن مالك بن مالك بن نصر رأسُهُم.
493,508,2,وهؤلاء بنو الخيار بن مالك,2,ومنهباً، وحبيباً، ومعاوية.
493,508,2,وهؤلاء بنو الخيار بن مالك,3,منهم: شريك بن ابي العكر بن سمي، كان حليفاً لنبي عامر بن لؤيٍ؛ فتزوَّجَ أبو العكر ام شريك، من بني عامر، فولدت لهُ شريكاً؛ ثم خلف عليها النبي ﷺ .
493,508,2,وهؤلاء بنو الخيار بن مالك,4,وَوَلَدَ مويلكُ بن مالك بن نصر بن الأزدِ: الأمليكَ الذي قتلَ موالي جرهم بالمغمس.
493,508,2,وهؤلاء بنو الخيار بن مالك,5,هؤلاءِ بنو الأزْد بن الغوث بن نبت بن مالك ابن زيد بن كهلان بن سبأ
493,508,2,وهؤلاء بنو الخيار بن مالك,6,وهؤلاءِ بنو الخيار بن مالك
493,508,2,وهؤلاء بنو الخيار بن مالك,7,بن زيد بن كهلان بن سَبَأ ابن يشجُب بن يعرب بن قحطان وولدَ الخيارُ بن مالك بن زيد بن كهلان بن سبأ بن يشجب بن يعرب بن قحطان: رَبيَعة.
494,509,2,وهؤلاء بنو همدان بن مالك بن زيد,1,فولدَربيَعَةُ: أَوسلة.
494,509,2,وهؤلاء بنو همدان بن مالك بن زيد,2,فولدَ أوسلةُ: زيداً.
494,509,2,وهؤلاء بنو همدان بن مالك بن زيد,3,فولدَزَيدُ: مالكاً، وبَتَعاً، بطن، في همَدان.
494,509,2,وهؤلاء بنو همدان بن مالك بن زيد,4,فَوَلدَمالكُ: أَوسلةَ، وهوَ همدان، وأَلهانَ، بطنٌ عظيم باليمنِ والشَّامِ.
494,509,2,وهؤلاء بنو همدان بن مالك بن زيد,5,وهؤلاءِ بنو هَمدانِ بن مالك بن زيد
494,509,2,وهؤلاء بنو همدان بن مالك بن زيد,6,فولدَ همدانُ: نوفاً.
494,509,2,وهؤلاء بنو همدان بن مالك بن زيد,7,فوَلدَ نوفُ: خيرانَ.
494,509,2,وهؤلاء بنو همدان بن مالك بن زيد,8,فولدَ خيرانُ: جُشمَ.
494,509,2,وهؤلاء بنو همدان بن مالك بن زيد,9,فولدَ جُشَمُ: حاشِداً، وَبكِيلاً، بطن، مِنهما تفرَقتْ هَمدانُ.
494,509,2,وهؤلاء بنو همدان بن مالك بن زيد,10,وهؤلاءِ بنو حاشِد بن جُشَم
494,509,2,وهؤلاء بنو همدان بن مالك بن زيد,11,وولدَ حاشدُ بن جُشم: جُشمَ.
494,509,2,وهؤلاء بنو همدان بن مالك بن زيد,12,فولدَ جُشَمُ: زيداً، عَمراً، وعَريباً، وأَسْعداً، ومالكاً، ومريداً، وضماماً، ويَريماً، بطنان باليمنِ؛ وربيَعة بن جُشَمَ.
495,510,2,وهؤلاء بنو حاشد بن جشم,1,فَولدَ عَريبُ بن جُشم: زيداً.
495,510,2,وهؤلاء بنو حاشد بن جشم,2,فولدَ زيدُ: عِليانَ، وقادماً.
495,510,2,وهؤلاء بنو حاشد بن جشم,3,فولدَ عِليانُ: أَسلمَ.
495,510,2,وهؤلاء بنو حاشد بن جشم,4,فولدَ أَسلمُ: حَجوراً، بطن باليمن كبيرٌ وبالشَّامِ، ونَمرةَ، بطن، وحرجَةَ، بطن.
495,510,2,وهؤلاء بنو حاشد بن جشم,5,فمن بني حجور: مَعيوفُ بن يحيى بن معيوف بن عَلقَمةَ، كان شريفاً بالشامِ.
495,510,2,وهؤلاء بنو حاشد بن جشم,6,وآل معيوفٍ بدمشق بالغوطَةِ في قريةٍ يُقَالُ لها عين حَرَما.
495,510,2,وهؤلاء بنو حاشد بن جشم,7,وينسبونَ فيقولونَ: مَعيوف بن يحيى بن معيوف بن علقمةَ بن الحارث بن سعد بن عَديّ عِليان بن مؤالةَ بن حجور.
495,510,2,وهؤلاء بنو حاشد بن جشم,8,وولدَ قادمُ بن زَيد: عبد الله، وقدَمَ، بطن، وقيلات، بطن،
496,511,2,وهؤلاء بنو حاشد بن جشم,1,واردان، بطن، وتملاً، بطن، وصيرة، بطن، والقدام، بطن.
496,511,2,وهؤلاء بنو حاشد بن جشم,2,فَوَلَدَ عبد اللهِ: جبراً، وهوالجبارُ، وازد، وهو وبر، وحذيقاً.
496,511,2,وهؤلاء بنو حاشد بن جشم,3,فَوَلَدَ الجابرُ: مرا، وفهراً، وفائشاً، وعرباً، وعوفاً.
496,511,2,وهؤلاء بنو حاشد بن جشم,4,فمن بني فهم: سوالر بن ابي حميرة، أَصابتهُ جراحهُ مع الحسين فمات.
496,511,2,وهؤلاء بنو حاشد بن جشم,5,ومن بني مر بن الجابر: الحر بن صالح بن عمارة بن حضين بن عبد الله بن ناعم.
496,511,2,وهؤلاء بنو حاشد بن جشم,6,وَوَلَدَ لفائش بن الجابر (وفيهِ العدد من الجبر) : جيشاً، وجميلاً؛ وَوَلَدَ جيش: رحمة، وسعداً، والأشموم، والمقالب، وزيداً، وحملَةَ، وهملاً. منهم: سيف، بن الحارث بن سريع؛ ومالكُ بن عبد بن سريع، قتلا مع الحسين ﵇ وهما ابنا عم واخوان لام.
496,511,2,وهؤلاء بنو حاشد بن جشم,7,وولد حذيق بن عبد الله: الرث، وهو شاحذ، بطن، وتيساً، ونضاراً، وماعاً، وجحدباً، وحملان، وناجياً، وهو ابزي، وهم باليمن، كلهم ينسبون إلى ماعز.
497,512,2,وهؤلاء بنو حاشد بن جشم,1,ومن بني ازد بن عبد الله: ابو روق، وهو عطية بن الحارث بن عبد الرحمان بن عمرو بن الحارث بن مالك بن جثامة بن زيد بن عبد الله المفسر.
497,512,2,وهؤلاء بنو حاشد بن جشم,2,ومنهم: سفيان بن الليل، كان من اصحاب المختار.
497,512,2,وهؤلاء بنو حاشد بن جشم,3,وولد اسعد بن جشم بن شراحيل.
497,512,2,وهؤلاء بنو حاشد بن جشم,4,فولدَ شَراحبيلُ: ذا جَعران، وذا حُدَّان، بطنانِ عظيمان.
497,512,2,وهؤلاء بنو حاشد بن جشم,5,وولدَ زيدُ بن جُشم بن حاشِد: مُشرقاً، بطن؛ وعبداً، بطن؛ ومالكاً.
497,512,2,وهؤلاء بنو حاشد بن جشم,6,فَولدَ مالكُ: الحارثَ.
497,512,2,وهؤلاء بنو حاشد بن جشم,7,فولدَ الحارثُ: عَبدَ وُدٍّ.
497,512,2,وهؤلاء بنو حاشد بن جشم,8,فولدَ عَبدُ ودٍّ: لوذانَ، بطن.
497,512,2,وهؤلاء بنو حاشد بن جشم,9,فمن بني مُشرقٍ: مَعشرُ ذُو القفار بن عمرو بن ذي معدي بن يَريم بن مرثد بن ذي شفيّ بن مُشرقٍ، كانَ شريفاً.
497,512,2,وهؤلاء بنو حاشد بن جشم,10,وولدَ مرثدُ بن جُشم بن حاشد: رَبيَعَةَ، وَهو ناعِط، بطن؛ والحارثَ.
497,512,2,وهؤلاء بنو حاشد بن جشم,11,فولدَ ناعِطُ: مرثداً، وشراحيل، وعامراً، وشُرحبيل.
497,512,2,وهؤلاء بنو حاشد بن جشم,12,منهم: حُمرةُ، وهو ذُو المشعارِ بن أَيفع بن كَرِب بن رَبيب بن
498,513,2,وهؤلاء بنو حاشد بن جشم,1,شَراحيل بن رَبيعَةَ، كانَ شريفاً.
498,513,2,وهؤلاء بنو حاشد بن جشم,2,مِن ولَدِهِ: الحارثُ بن عُميرةَ بن مالك بن حُمرةَ ذي المشعار، الذي مَدَحهُ أَشعى هَمدان في قولهِ:
498,513,2,وهؤلاء بنو حاشد بن جشم,3,إلى ابن عُميرةَ تُخدى بنا … على أَنَّها القُلُص الضَّمَّرُ
498,513,2,وهؤلاء بنو حاشد بن جشم,4,وهو قَتلَ صالح بن مُسرَّح الخارجي.
498,513,2,وهؤلاء بنو حاشد بن جشم,5,وولدَ شَراحيل بن ربيعةَ بن مرثد: أَفلحَ.
498,513,2,وهؤلاء بنو حاشد بن جشم,6,فولدَ أَفلحُ: عُميراً، وهو ذو مَرّات، وكانَ قيلاً.
498,513,2,وهؤلاء بنو حاشد بن جشم,7,ومن ولدهِ: سعيدُ بن المُجالد، قَتَلهُ شَبيبُ الحَروريّ، بَعثهُ اليهِ الحجاج.
498,513,2,وهؤلاء بنو حاشد بن جشم,8,وولدَ عامرُ بن رَبيعةَ: شُرحبيل.
499,514,2,وهؤلاء بنو حاشد بن جشم,1,فولدَ شرحبيل: مرثداً، وهو الدُّومي.
499,514,2,وهؤلاء بنو حاشد بن جشم,2,وولدَ مالكُ بن جُشم بن حاشد: دافعاً، وزيداً، وناشحاً، وكثيراً، وقُعطاً، وهو منتشر، وذا بارقٍ، وهو جعونة، وعامراً.
499,514,2,وهؤلاء بنو حاشد بن جشم,3,فمن بني عامرٍ: الأعشى الشاعِر، واسمهُ عَبدُ الرحمان بن الحارث بن نظام بن جُشم بن حاشدٍ.
499,514,2,وهؤلاء بنو حاشد بن جشم,4,وولدَ زيد بن مالك بن جُشم: مالكاً، وهو خيوانُ، بطن، وقابضاً، بطن؛ والى خَيوان دفع عمرو بن لُحيٍّ الصَّنم، وكان بقريةٍ باليمن يقال لها خَيوان، وبها سُمِّيَ.
499,514,2,وهؤلاء بنو حاشد بن جشم,5,فمن بني خيوان: سعدُ، وهو ذو دَيم بن قيس بن مالك، كان شريفاً.
499,514,2,وهؤلاء بنو حاشد بن جشم,6,ومُحمد بن مالك بن زُبيد بن جبلة بن الفضل بن أَشوع بن أَيفع بن مرثد بن مالك بن زيد بن مالك بن كَثير بن عمرو بن مالك، وهو خيوانَ.
500,515,2,وهؤلاء بنو حاشد بن جشم,1,وولدَ ذو بارق بن مالك: الخُنذُعَ، بطن.
500,515,2,وهؤلاء بنو حاشد بن جشم,2,منهم: الفَندشُ بن حيان بن وهب، الذي يقولُ لهُ أَعشى همدان:
500,515,2,وهؤلاء بنو حاشد بن جشم,3,أمن ضَربةٍ بالسَّوطِ لم يدم كَلمها … ضربتَ بمصقُولِ عِلاوةَ فَندش
500,515,2,وهؤلاء بنو حاشد بن جشم,4,ومنهم القاسم بن الوليد بن سلمةَ بن خارج بن كُريب بن أَيفع بن زيد بن المنذر بن مالك بن زيد بن ذي بارق الفقيه.
500,515,2,وهؤلاء بنو حاشد بن جشم,5,وولدَ دافعُ بن مالك بن جشم: ناشجاً، وسعداً، وأَصبى.
500,515,2,وهؤلاء بنو حاشد بن جشم,6,فولدَ سعدُ: عُذراً، بطن.
500,515,2,وهؤلاء بنو حاشد بن جشم,7,منهم: حُمرةُ، وسعد ابنا مالك بن سعد بن مالك، وهو أَبو شُعيرةَ بن مُنبه بن سلمةَ بن مالك بن عذرَ، كان حُمرة من شهود معاوية يوم الحكمينِ.
501,516,2,وهؤلاء بنو حاشد بن جشم,1,وولد أَصبى بن دافع: ياماً، وعُبيلاً، دخل في بني عَنس.
501,516,2,وهؤلاء بنو حاشد بن جشم,2,فولد يأمُ: جشم، ومذكوراً.
501,516,2,وهؤلاء بنو حاشد بن جشم,3,فولد جشم: دَؤولاً، وصعباً.
501,516,2,وهؤلاء بنو حاشد بن جشم,4,فولد دؤول: سلمةَ.
501,516,2,وهؤلاء بنو حاشد بن جشم,5,فولد سلمة.
501,516,2,وهؤلاء بنو حاشد بن جشم,6,منهم: الحكم بن عبد الرَّحمان بن الحارث بن عبد كريم بن جندب بن ذهل بن الحارث بن ذهل بن سلمة، كان من فرسان الجماجم.
501,516,2,وهؤلاء بنو حاشد بن جشم,7,وزبيدُ بن الحارث بن عبد الكريم الفقيه.
501,516,2,وهؤلاء بنو حاشد بن جشم,8,وطلحة بن مُصرف بن عمرو بن كعب بن جندب بن معاوية بن سعد بن الحارث بن ذهل الفقيه.
501,516,2,وهؤلاء بنو حاشد بن جشم,9,وابنهُ محمد بن طلحةَ.
501,516,2,وهؤلاء بنو حاشد بن جشم,10,وعبد العزى الشاعر بن سبع بن النمر بن ذهل كان جاهلياً.
501,516,2,وهؤلاء بنو حاشد بن جشم,11,وابنه مدرك، شاعر أَيضاً.
502,517,2,وهؤلاء بنو حاشد بن جشم,1,وولد مذكر بن يأم: هبرة، ومواجداً، وهم الأحلاف، والغزَ؛ فتحالفا على الغز.
502,517,2,وهؤلاء بنو حاشد بن جشم,2,فولد مواجدُ: الأَسلوم، وحبيباً، وبغيضة، وجحدياً، ورفدة.
502,517,2,وهؤلاء بنو حاشد بن جشم,3,منهم: عبيدةُ بن الأجدع بن سلمان بن حبيب بن مواجد الفقيه.
502,517,2,وهؤلاء بنو حاشد بن جشم,4,وشرقيُّ، وهو الوازع الشاعر بن معاوية بن مالك بن أَحزم بن هبرة بن مذكر.
502,517,2,وهؤلاء بنو حاشد بن جشم,5,وولد دافعُ: عامراً، وسابقةَ.
502,517,2,وهؤلاء بنو حاشد بن جشم,6,فولد عامرُ: عمراً.
502,517,2,وهؤلاء بنو حاشد بن جشم,7,فولد عمرو: زادة، يقال إِنهم وادعة بن عمرو مزيقياً.
502,517,2,وهؤلاء بنو حاشد بن جشم,8,فولد وادعةُ: عبد الله، وناشجاً.
502,517,2,وهؤلاء بنو حاشد بن جشم,9,فولد عبد الله: سعداً، وربيعةَ.
502,517,2,وهؤلاء بنو حاشد بن جشم,10,فولد سعدُ: الحارث، وعمراً.
502,517,2,وهؤلاء بنو حاشد بن جشم,11,فولد الحارث: معمراً، بطن، ومراً، بطن.
502,517,2,وهؤلاء بنو حاشد بن جشم,12,منهم: الأجدعُ بن مالك بن أُمية بن عبد الله بن مرَّ بن سلامان بن
503,518,2,وهؤلاء بنو حاشد بن جشم,1,مَعمر الشاعر، وفدَ على عمر بن الخطاب، فقال: أَنا الأجدع؛ فقال: أَنتَ عبدُ الرحمانِ.
503,518,2,وهؤلاء بنو حاشد بن جشم,2,ومن ولدهِ: مسروق بن الأجدع الفقيه.
503,518,2,وهؤلاء بنو حاشد بن جشم,3,ومحمدُ بن المنتشر بن الأجدع، كان من أَشراف أَهل الكوفةِ.
503,518,2,وهؤلاء بنو حاشد بن جشم,4,وأَخوه المغيرةُ بن المنتشر، كان شاعراً.
503,518,2,وهؤلاء بنو حاشد بن جشم,5,وهانئ بن أَبي حية بن علقمة بن سلمان بن مالك بن معاوية بن سعد بن معمر، كان شريفاً.
503,518,2,وهؤلاء بنو حاشد بن جشم,6,والمذبوبُ، وهو كبير بن أَبي حية.
503,518,2,وهؤلاء بنو حاشد بن جشم,7,وجُشيشُ، وهو الوازع بن عبد الله بن مرّ بن سلمان بن معمر الشاعر.
503,518,2,وهؤلاء بنو حاشد بن جشم,8,"المُنذربن أَبي حية بن الدهر بن حجر بن معاوية بن مُرّ بن الحارث بن سعد بن عبد الله بن وادعةَ، أَوَّل من عَرَّب العربيِّ وهَجَّنَ الهُجُن، فبلغ ذلك عُمرَ، فقال: "" هبلت الوادعيَّ أُمُّهُ، لقد ذكرت به، إجروها على ما رأَى "" ."
503,518,2,وهؤلاء بنو حاشد بن جشم,9,وعمرو بن الحارث بن عمرو بن عبد يغوث بن قسر بن حرب بن الحارث بن سعد، أَخذ الرَّايةَ يوم صفين.
503,518,2,وهؤلاء بنو حاشد بن جشم,10,والحارث وشدَّاداً ابنا الأَزمع بن أَبي بُثينة بن عبد الله بن مرِّ بن مالك بن حرب بن الحارث، كانا شريفين.
504,519,2,وهؤلاء بنو حاشد بن جشم,1,ويزيد بن صريم بن الأجدع بن مُرِّ الشاعر، جاهليٍ، وولد ربيعةُ بن عبد الله بن وادعةَ: عمراً، ومالكاً.
504,519,2,وهؤلاء بنو حاشد بن جشم,2,فولد مالك: الحارث، يقالُ لهم: بنو البيضاء. والحارث بن عمرو، وهما بطنان، يقال هما من حمير.
504,519,2,وهؤلاء بنو حاشد بن جشم,3,وولد ناشج بن وادعة: نماراً، بطن، ومالكاً.
504,519,2,وهؤلاء بنو حاشد بن جشم,4,فولد نُمارُ: حبيش وحبقاً، وكعباً.
504,519,2,وهؤلاء بنو حاشد بن جشم,5,فولد مالك بن ناشج: يعيش، وقحفان، وعكيَّاً، ومسلمة، وهبلاً، وبرمة، بطن.
504,519,2,وهؤلاء بنو حاشد بن جشم,6,وولد سابقة بن ناشج بن دافع: دأَلان، بطن.
504,519,2,وهؤلاء بنو حاشد بن جشم,7,فولد دألانُ: رُؤاساً، وحريماً، ومالكاً، وحجرية.
504,519,2,وهؤلاء بنو حاشد بن جشم,8,فولد رؤاسُ: عِراراً.
504,519,2,وهؤلاء بنو حاشد بن جشم,9,منهم: عمار بن أَبي سلمة بن عبد الله بن عرارٍ شهد المشاهد مع علي بن أَبي طالب، وقُتلَ معَ الحُسين بن عليّ.
504,519,2,وهؤلاء بنو حاشد بن جشم,10,والجون بن كعب بن عبد الله، كان فارساً.
505,520,2,وهؤلاء بنو حاشد بن جشم,1,ومنهم: مالك بن حريم بن دأَلان، الذي يقولُ:
505,520,2,وهؤلاء بنو حاشد بن جشم,2,ترى المهرةَ الشَّوهاءَ تنفضُ رأسها … كلالاً وأَينا والجواد المُفزعا
505,520,2,وهؤلاء بنو حاشد بن جشم,3,وولد كثير بن مالك بن جشم: معاوية، وعبد الله، ومالكاً.
505,520,2,وهؤلاء بنو حاشد بن جشم,4,فولد معاويةُ: صعباً.
505,520,2,وهؤلاء بنو حاشد بن جشم,5,فولد صعبُ: سبعاً.
505,520,2,وهؤلاء بنو حاشد بن جشم,6,فولد سبعُ: السبيع، بطن، وحُوثاً.
505,520,2,وهؤلاء بنو حاشد بن جشم,7,فمن السبيع: سعيد بن قيس بن زيد بن حرب ابن معدي كرب بن سيف بن عمرو بن سبع بن السبيع.
505,520,2,وهؤلاء بنو حاشد بن جشم,8,وابنهُ عبد الرحمن بن سعيد، قتله المختار يوم جبانة السبيع.
505,520,2,وهؤلاء بنو حاشد بن جشم,9,ومنهم: عمَّار بن عُبيد بن يزيد بن عمرو ذي كُبار الشاعِر.
505,520,2,وهؤلاء بنو حاشد بن جشم,10,وأَبو إسحاق الفقيه، واسمه عمرو بن عبد الله بن عليّ بن أَحمد بن ذي يحمد بن السَّبيع.
506,521,2,وهؤلاء بنو حاشد بن جشم,1,ابنهُ يونس.
506,521,2,وهؤلاء بنو حاشد بن جشم,2,وإسرائيل، وعيسى ابنا يُونُس.
506,521,2,وهؤلاء بنو حاشد بن جشم,3,ومن حُوثُ: الحارثُ الأعور.
506,521,2,وهؤلاء بنو حاشد بن جشم,4,وعبد الله بن كعب بن أَسد بن يخلد بن حُوثٍ الفقيه.
506,521,2,وهؤلاء بنو حاشد بن جشم,5,وولد عبد الله بن كثير بن مالك بن جُشم: مالكاً، وهو الخارفُ، بطن.
506,521,2,وهؤلاء بنو حاشد بن جشم,6,فولد الخارفُ: أَنعم، وهو هوي، وجمغر، وجشم، وأَنماراً، وباراً، وعاصماً، وعمراً، وصعباً.
506,521,2,وهؤلاء بنو حاشد بن جشم,7,منهم: ضِمامُ بن زيد بن ثوابة الحكم بن سلمان بن عبد بن عمرو بن الخارف، وفد على النبي ﷺ .
506,521,2,وهؤلاء بنو حاشد بن جشم,8,ومنهم: عبد الله بن نمير بن عبد الله بن أبي حيةَ بن شريح بن سلمة ابن سعد بن الحكم بن سلمان بن عبد بن عمرو بن الخارف، الفقيه.
507,522,2,وهؤلاء بنو بكيل بن جشم,1,وابنهُ محمد بن عبد الله.
507,522,2,وهؤلاء بنو بكيل بن جشم,2,وولد عمرو بن جشم بن حاشد، شراحيل، وعبداً، وناجية.
507,522,2,وهؤلاء بنو بكيل بن جشم,3,فولدَ شَراحيل: كعباً، وهوَ الصائِد.
507,522,2,وهؤلاء بنو بكيل بن جشم,4,منهم: عبد خير بن يحمد بن خولي بن عبد عمرو بن عبد يغوث بن كعب الصائد الفقيه.
507,522,2,وهؤلاء بنو بكيل بن جشم,5,وزياد بن عمرو بن عريب بن حنضلَةَبن درام بن عبد الله بن كعب الصائد، وهو أَثمانة الصائدي قتلَ مع الحسين.
507,522,2,وهؤلاء بنو بكيل بن جشم,6,وأبو الجرنعق، وهو معقل بن خير بن يحمد بن خولي الشاعر الذي كان يهاجي اعشى همدان.
507,522,2,وهؤلاء بنو بكيل بن جشم,7,ومحمد بن يزيد بن مرعل بن عبد ود بن أفد بن كعب الصائد، كانَ مع أَبي الحنفية، وشهد مع المختار.
507,522,2,وهؤلاء بنو بكيل بن جشم,8,هؤلاء بنو حاشد بن جشم.
507,522,2,وهؤلاء بنو بكيل بن جشم,9,[وهؤلاء بنو بكيل بن جشم]
507,522,2,وهؤلاء بنو بكيل بن جشم,10,وولد بكيل بن جشم: دومان، الخيران، وسوران.
507,522,2,وهؤلاء بنو بكيل بن جشم,11,فولد سوران بن بكيل: عمراً، وهم باليمن.
508,523,2,وهؤلاء بنو بكيل بن جشم,1,وولد دومان: معاوية، وصعباً، وذا احرم، وخمراً، وهم الخمريون، وتباعاً، وهو يناع، واحمد.
508,523,2,وهؤلاء بنو بكيل بن جشم,2,فولد معاوية: مالكاً.
508,523,2,وهؤلاء بنو بكيل بن جشم,3,فولد مالك: زيداً، وهو ثور، بطن، وشهاباً، وعامراً، وهودًا، وَلَعْوَةَ.
508,523,2,وهؤلاء بنو بكيل بن جشم,4,فولد شهاب: مالكاً، وهو جوب، بطن، والفائش بطن.
508,523,2,وهؤلاء بنو بكيل بن جشم,5,وولد ثور بن مالك: صهلان.
508,523,2,وهؤلاء بنو بكيل بن جشم,6,فولد صهلان: مانعًا، ونحيان، وحياً.
508,523,2,وهؤلاء بنو بكيل بن جشم,7,منهم: صالح والحسن ابنا صالح، بن حي بن مسلم حيان بن مسلم ابن شفي بن هني بن رافع بن قلمي بن عمرو بن مانع بن صهلان بن ثور، اللذان يقل لهما ابنا حي الناسكان.
508,523,2,وهؤلاء بنو بكيل بن جشم,8,وحبيب بن مانع بن رافع بن عامر بن عباد بن هصلان.
509,524,2,وهؤلاء بنو بكيل بن جشم,1,وأخوهُ بن سعيد بن منقذ، كانا من أصحاب المختار. من آل لعوة: ذو لعوة الأصغر، وهو أبو كرب بن زيد بن سعيد بن بن الخصيب بن ابي كربن زرعة بن ذي لعوة، ولهم عدد باليمن الكبير.
509,524,2,وهؤلاء بنو بكيل بن جشم,2,وولد صعب بن دومان: معاوية.
509,524,2,وهؤلاء بنو بكيل بن جشم,3,فولد معاوية: مالكاً.
509,524,2,وهؤلاء بنو بكيل بن جشم,4,فولد مالك: دعاماً، وربيعة، وذبيان.
509,524,2,وهؤلاء بنو بكيل بن جشم,5,فولد دُعامُ: مُرةَ، وهو أَرحبُ، وهو بطن؛ ومرهبةَ، بطن؛ وذا الشَّاول؛ وذا اللُّب، بطن.
509,524,2,وهؤلاء بنو بكيل بن جشم,6,فولد أَرحب: ملالةَ، وعليانَ، وسفيانَ.
509,524,2,وهؤلاء بنو بكيل بن جشم,7,فولدَ مُلالةُ: مالكاً.
509,524,2,وهؤلاء بنو بكيل بن جشم,8,فولد مالكُ: طُفيلاً.
509,524,2,وهؤلاء بنو بكيل بن جشم,9,فولد طُفيلُ: مُطعماً، وجُلعُماً.
509,524,2,وهؤلاء بنو بكيل بن جشم,10,منهم: أَبو رُهم بن مُطعم، هاجر وهو ابن خمسين ومائة سنة، وهو الشاعر.
510,525,2,وهؤلاء بنو بكيل بن جشم,1,وولد عُليان بن أَرحبَ: عُلوياً، وعبداً، وذُبيان، ومُجلداً.
510,525,2,وهؤلاء بنو بكيل بن جشم,2,منهم: يزيد بن قيس بن ثمام بن مبعوث بن كعب بن عُلويّ، كان شريفاً، وليَ شُرط عليٍ، ولهُ يقول الشاعر:
510,525,2,وهؤلاء بنو بكيل بن جشم,3,معاوية أَلاَّ تسرع السيرَ نحونا … نبايع عَلياً أو يزيدَ اليمانيا
510,525,2,وهؤلاء بنو بكيل بن جشم,4,وعمرو بن سلمة بن عميرة بن مُقاتل بن الحارث بن كعب بن عُلويّ، كان شريفاً، وهو الذي بعثهُ الحسن بن عليّ، وبعثَ مُحمدَ بن الأَشعث في الصلح بينهُ وبين معاوية.
510,525,2,وهؤلاء بنو بكيل بن جشم,5,وقيس بن ثمامة بن الأسفع بن الأوبر بن عود بن عُلويّ، وهو أَبو المنتصر، كان شريفاً.
511,526,2,وهؤلاء بنو بكيل بن جشم,1,ويزيدُ بن ثُمامةَ، وقد رأساً جميعاً.
511,526,2,وهؤلاء بنو بكيل بن جشم,2,وسيف بن هانيء بن سعيد بن مالك بن سعيد بن قيس بن سبيع بن عُمير بن عبد بن عليان، الذي كان يقتلُ الخوارجَ زمن الحجاج.
511,526,2,وهؤلاء بنو بكيل بن جشم,3,وولد سفيانُ بن أَرحب: معاويةَ، وصبارةَ، وبارياً.
511,526,2,وهؤلاء بنو بكيل بن جشم,4,فولد معاوية: سلمان، بطن، وعميرة.
511,526,2,وهؤلاء بنو بكيل بن جشم,5,"منهم: مالك بن كعب بن عبد الله بن مالك بن لأَيّ بن سلمان، كان سيداً وقد ولي الربع في زمن عمر بن الخطاب؛ وهو أبو الحارث، ولهُ يقول الأعشى: "" أَبو الحارث القوَّال فارس أَرحبا "" وكانت ابنتهُ عند آسماعيل بن الأشعث، فولدت له."
511,526,2,وهؤلاء بنو بكيل بن جشم,6,ومنهم: نمطُ بن قيس بن مالك بن سعد بن مالك بن مالك بن لأَيِ، الوافد على النبي ﷺ ، وأطعمه طعمةً تجري عليهم إلى اليوم.
511,526,2,وهؤلاء بنو بكيل بن جشم,7,وخطَّاب بن هانيء بن مالك بن قيس بن عامر بن لأَيَّ، كان من أَصحاب عَليٍّ.
512,527,2,وهؤلاء بنو بكيل بن جشم,1,وشُنيفُ بن معاوية بن مالك بن قيس بن سلمان، كان شريفاًفي الجاهليَّة.
512,527,2,وهؤلاء بنو بكيل بن جشم,2,ومن ولد سلمان بن معاوية: عُركز بن عبد الله بن عبد الله بن عاصم بن أَبي سلامةَ، وهو أَسيد، بن مالك بن سعد بن مالك بن لأَيٍّ بن سلمان بن معاوية بن شُنيف بن أَرحب.
512,527,2,وهؤلاء بنو بكيل بن جشم,3,وأُمُّ عبد الله بن عاصم جدَّة عُركز: آمنة بنت عُقبة بن زحر بن ذي الحُصين بن السَّبسبيِّ.
512,527,2,وهؤلاء بنو بكيل بن جشم,4,وقال أَبو سلامة:
512,527,2,وهؤلاء بنو بكيل بن جشم,5,ذكرتُ الحيَّ أَرحب إذ تأوى … وكيف بهم على شحط الديارِ
512,527,2,وهؤلاء بنو بكيل بن جشم,6,فمن خيريَ بني عُلوي انتساباً … فطيبةَ مسكني فيها قراري
512,527,2,وهؤلاء بنو بكيل بن جشم,7,أَتاني الضيمُ أَفقدني دياري … وأبدلني ديارهم بداري
512,527,2,وهؤلاء بنو بكيل بن جشم,8,وكان الموتُ أَيسر من مقامٍ … على ضيمٍ وأَن أَسبقْ بثاري
512,527,2,وهؤلاء بنو بكيل بن جشم,9,فآثرتُ الممات على مُقامٍ … تهضِّمني ضيافُ وآلُ باري
512,527,2,وهؤلاء بنو بكيل بن جشم,10,سقى قومي بني لأيٍّ ملثٍّ … هزيم دائم التهتان جارِ
512,527,2,وهؤلاء بنو بكيل بن جشم,11,وكان قتل عمَّ أبي سلامة رجل من بني عُلويّ بن عليان بن أضرحب، وأُمُّه
513,528,2,وهؤلاء بنو بكيل بن جشم,1,من ضياف، فقتل أَبو سلامة قاتل عمِّهِ ثم لحقَ بِعُمر بن الخطاب وقال هذا الشعر، فاحتمل عُمر دية الرجل وزوَّجه مولاةً له وولاهُ حمى الرَّبذةِ، ولده بها إلى اليومِ.
513,528,2,وهؤلاء بنو بكيل بن جشم,2,وولد مُرهبةُ بن دُعام: نهداً، وقُسم، الحارث، ولمعان، وربيعةَ.
513,528,2,وهؤلاء بنو بكيل بن جشم,3,فولد ربيعةُ: الحارث.
513,528,2,وهؤلاء بنو بكيل بن جشم,4,فولد الحارثُ: ربيعةَ.
513,528,2,وهؤلاء بنو بكيل بن جشم,5,وولد ربيعةُ: الحارث، ومسعوداً، وأبا حيد والمسلم، والوليد، وحيان، ونوفلاً، وغيلان وثمانية أَبطن.
513,528,2,وهؤلاء بنو بكيل بن جشم,6,فولد الحارث: الحارث، ووائلاً، وبجاداً، وهُصيصاً.
513,528,2,وهؤلاء بنو بكيل بن جشم,7,فولد نُهدُ بن مُرهبة: بدَّاء، وصعباً.
513,528,2,وهؤلاء بنو بكيل بن جشم,8,منهم: عمرو بن رباه، بن نصب بن بدَّاء بن نهد الشاعر جاهلي.
513,528,2,وهؤلاء بنو بكيل بن جشم,9,وولد الحارثُ بن مرهبة: سيفاً، وعمراً، وهو الراعيّ، وعبيداً، وصعباً.
514,529,2,وهؤلاء بنو بكيل بن جشم,1,مِنهُم: أبو الجَرَّاح، عبد الله بن عَيَّاش المنتوف بن عبد الله ابن عبد اللهبن جبر بن يسار بن جبر بن معاوية بن مُرهبة.
514,529,2,وهؤلاء بنو بكيل بن جشم,2,وجدهُ: عبد الله بن جبر، كان مروانياً، وكان مع الحجاج يوم الجماجم.
514,529,2,وهؤلاء بنو بكيل بن جشم,3,ومنهم: الحارث بن سميّ بن دالان بن صعب بن الحارث بن مرهبة، شهد القادسية، وهو الذي يقول:
514,529,2,وهؤلاء بنو بكيل بن جشم,4,أَقدمْ أَخا نهمٍ على الأساوره … ولا تهالنْ لرؤوسٍ نادره
514,529,2,وهؤلاء بنو بكيل بن جشم,5,فإنَّما قصدكَ تُربُ السَّاهرَه … ثم تعودُ بعدها في الحافرة
514,529,2,وهؤلاء بنو بكيل بن جشم,6,من بعدِ ما كانت عظاماً ناخرة وولد قسم بن مرهبة: وقشا.
514,529,2,وهؤلاء بنو بكيل بن جشم,7,منهم: عمرو بن ذر بن عبد الله بن زرارة بن معاوية بن عميرة بن
515,530,2,بنو ربيعة بن مالك,1,منهبه بن غالب بن قيس وهو القاضي الفقيه.
515,530,2,بنو ربيعة بن مالك,2,وأَبوهذر الهمداني، كان فقياً.
515,530,2,بنو ربيعة بن مالك,3,ومعاوية، وهو ضاغث، بن زرارة، وكانَ فيمن شخص مع كثير ابن شهاب.
515,530,2,بنو ربيعة بن مالك,4,هؤلأء بنو دعام بن مالك
515,530,2,بنو ربيعة بن مالك,5,وهؤلاء
515,530,2,بنو ربيعة بن مالك,6,[بنو ربيعة بن مالك]
515,530,2,بنو ربيعة بن مالك,7,وولد ربيعة بنت مالك بن معاوية: شاكراً، بطن وهما.
515,530,2,بنو ربيعة بن مالك,8,فولد شاكر: أميراً، ودهمة، والحارث، ووائلة.
515,530,2,بنو ربيعة بن مالك,9,منهم: قيس الأرقط بن الحارث بن عمرو بن حطيان بن وابش ابن دهمة، شهد القادسية.
515,530,2,بنو ربيعة بن مالك,10,وعمرو بن الحصين النعمان بن عمرو بن حظيان الشاعر.
516,531,2,بنو ربيعة بن مالك,1,وقيس بن زرارة بن عمرو بن حطيان، كان من اصحاب علي، وكان عيناً لهُ بالشام.
516,531,2,بنو ربيعة بن مالك,2,ومن عيلة بن دهمة: عبد الله بن كامل بن عمرو بن ابن الحارث بن علية بن دهمة: صاحب شرط المختار.
516,531,2,بنو ربيعة بن مالك,3,ومن بني أمير بن شاكر: ملالة الشاعر بن عبد بن أمير، جاهلي ومن بني أمير بن شاكر: المتجرد بن قيس بن ربيعة ابن مرة بن الغز بن الوائلة، صاحب رايتهم يوم لقوا زبيد.
516,531,2,بنو ربيعة بن مالك,4,والسجف بن قيس بن الحارث بن يزيد بن عمرو بن الحارث بن عمرو بن مرة بن ال عر.
516,531,2,بنو ربيعة بن مالك,5,والمقدام بن ربيعة بن مالك بن عمرو بن بداء بن الخبرق بن الحارثة بن العز بن وائلة، كان شريفاً.
516,531,2,بنو ربيعة بن مالك,6,ومقتل بن زيد بن بداء، رئيسهم يوم لقو خثم.
516,531,2,بنو ربيعة بن مالك,7,وولد نهم بن ربيعة بن مالك: حرباً، وشهراً ووثيراً، وعصاصة.
516,531,2,بنو ربيعة بن مالك,8,منهم: عمرو بن منهبه بن شهر بن الشاعر.
517,532,2,وهولاء بنو الهان بن مالك,1,وجعال بن زيد بن ربيعة بن جشم بن حرب بن نهم الشاعر.
517,532,2,وهولاء بنو الهان بن مالك,2,هؤلأء همدان بن مالك بن زيد بن اوسلة بن ربيعة بن الخيار بن مالك بن زيد بن كهلان بن سبأ.
517,532,2,وهولاء بنو الهان بن مالك,3,[وهولاء بنو الهان بن مالك]
517,532,2,وهولاء بنو الهان بن مالك,4,وولد الهان بن مالك: الثمالة، وقيدحان، والنزول وهو نازل؛ وشعيباً، وجارعاً، يدعون إلى المجارع، وباكلاً، وهو بكيل، وجابياً، يقال لهم: الجب؛ وشارقاً.
517,532,2,وهولاء بنو الهان بن مالك,5,فمن بني ثمالة بن الهان: ذو ظليم.
517,532,2,وهولاء بنو الهان بن مالك,6,منهم: حوشب بن التباعي بن مسان بن ذي ظليم، قتل مع
518,533,2,وهولاء بنو الهان بن مالك,1,معاوية يوم صفين وفيهِ يقول الشاعر:
518,533,2,وهولاء بنو الهان بن مالك,2,فإن تقتلوا الصقر بن عمرو بن محصنٍ … فنحنُ قتلنا ذا الكلاع وحوشبا
518,533,2,وهولاء بنو الهان بن مالك,3,والصقر، وهو عمرو بن عمرو بن محصن الأنصاري، قُتِلَ بصفين معَ عليٍ.
518,533,2,وهولاء بنو الهان بن مالك,4,ومنهم: عثمان بن سعيد بن عثمان بن أمين بن مر بن ذي ظليم، كان خطيباً في زمن أبي جعفرً، وكان أعلم.
518,533,2,وهولاء بنو الهان بن مالك,5,هؤلأء بنو ألهان بن مالك، وهم آخر بني كهلان بن سبأ.
519,534,2,بنو حمير بن سبأ,1,﷽
519,534,2,بنو حمير بن سبأ,2,عونك يا ربّ
519,534,2,بنو حمير بن سبأ,3,وهؤلاءِ
519,534,2,بنو حمير بن سبأ,4,[بنو حمير بن سبأ]
519,534,2,بنو حمير بن سبأ,5,قالَ هِشامُ بن مُحمَّد بن الكَلبيّ: وولدَ حِميرُ بن سبأ: الهميسعَ، ومالكاً، وزيداً، وعريباً، ووائلاً، ومسروحاً، وعَمر كَرب، ومُرَّةَ، وأوساً.
519,534,2,بنو حمير بن سبأ,6,فمن مُرةَ: معدي كرب بن النُّعمان، وهو في حضرموت.
519,534,2,بنو حمير بن سبأ,7,منهم: ربيعةُ ذُو مُرحب بن شراحيل بن النعمان بن زُرعةَ بن باران بن يهنعم بن ذي الملك.
519,534,2,بنو حمير بن سبأ,8,فولدَ الهميسع بن حِمير: أَيمنَ؛ ويأمناً، ومهسعاً، والهاسع، والهَسَع، وهَسيعاً، والأفُروع، وعِدادُهُم في هَمدان.
519,534,2,بنو حمير بن سبأ,9,منهم: الغُصنُ بن الوَسم.
519,534,2,بنو حمير بن سبأ,10,فولدَ أَيمن بن هميسع: زُهيراً، الغوث.
520,535,2,بنو حمير بن سبأ,1,فولدَ الغوثُ بن أَيمَنَ بن هميسع بن حِميرَ: جُرْهم، وثعلبان، بطن.
520,535,2,بنو حمير بن سبأ,2,وولدَ زُهيرُ بن أَيمنَ بن همسيع بن حمير: عَريباً، وأَبين، بهِ سُمِّيت عدن أَبين.
520,535,2,بنو حمير بن سبأ,3,فولدَ عَريبُ بن زُهير بن أَيمن بن هميسع، بطن، ومُثوَّباً، وحيدانَ.
520,535,2,بنو حمير بن سبأ,4,فولَدَ حيدانُ بن عَريب: عَريباً.
520,535,2,بنو حمير بن سبأ,5,فولدَ عريبُ بن حيدان: بكالمِ، بطن.
520,535,2,بنو حمير بن سبأ,6,منهُم: الصَّبَّاح بن شُفيّ الخطيب.
520,535,2,بنو حمير بن سبأ,7,وأَبو حُميد، وهو مُحمَّد بن إِبراهيم بن منقذ بن ياسِر بن يزيد بن شُرحبيل بن عبد بن حُميل بن عمرو بن بكالم من نُقَباءِ بني العَبَّاسِ، والدَّعوة.
520,535,2,بنو حمير بن سبأ,8,وبهيدُ بن عريب، بطن في الكلاع، وزنجع، بطن في الكلاع.
520,535,2,بنو حمير بن سبأ,9,وولدَ قطنُ بن ريب: الغوثَ.
520,535,2,بنو حمير بن سبأ,10,فولدَ الغوث بن قطن: عمرو، ويرسَماً، بطن في همدانَ، ووائلاً، بطن.
521,536,2,بنو حمير بن سبأ,1,فولدَ عمرو بن الغوث بن قطن: شِهالاً، بطن.
521,536,2,بنو حمير بن سبأ,2,وولدَ وائلُ بن الغوث بن قَطن: عبدشمس، ودهمان، انتسبوا في مُراد؛ وَلحجاً، بطن، وذا مُرّ، والأَملوك، بطن، وذا تَرخم، بطن.
521,536,2,بنو حمير بن سبأ,3,فولدَ عَبدُسمس: جُشمَ.
521,536,2,بنو حمير بن سبأ,4,فولدَجُشمُ بن عبدِشمس: ريمانَ، وغزوانَ، وبعدانَ وقد دَخلوا كُلُّهم في الكلاعِ، ومعاويةَ.
521,536,2,بنو حمير بن سبأ,5,فولدَ معاويةُ بن جُشم بن عبد شَمسٍ: قيساً، وظهراً، بطن.
521,536,2,بنو حمير بن سبأ,6,فولد قيسُ بن معاويةَ: شرعَباً، إليهِ تنسبُ الرَّماح الشَّرعبيَّة، وعدادُهُم بمصر في المعافِرِ، وعمراً.
521,536,2,بنو حمير بن سبأ,7,فولدَ عمرو بن قيس: سَهلاً، وخيرانَ، بطن، رهط زامل بن عَمرو، وليَ حمص، ودمشَقَ لمروانَ بن مُحمَّد بن مروانَ.
521,536,2,بنو حمير بن سبأ,8,من ولَدهِ: زامِلُ بن معاوية بن زامل بن عمرو ولاَّهُ عبدُ اللهِ بن صالح بن عليّ حمص.
521,536,2,بنو حمير بن سبأ,9,وحسَّانُ بن عمرو، وهو شعبانُ، وجفاش، بطن في همدان، وبعضٌ في المعافِر، وخولان.
521,536,2,بنو حمير بن سبأ,10,"وإِنَّما سُمِّيَ شعبان فيما ذكرَ الكلبيّ عن رَجُلٍ من حمير من ذي الكلاع قال: "" أَقبلَ سيلٌ فخرقَ موضعاً باليمن فأبدى عن أَزجٍ"
522,537,2,بنو حمير بن سبأ,1,"فدَخَلَ فيهِ فإِذا رجل على سريرٍ ميت عليهِ جباب وشيٍ مذهبة، وبين يَديهِ حَجرٌ من ذهب في رأسِهِ ياقوتةُ حمراء؛ وإِذا لَوحٌ فيهِ مكتوب: "" بسم اللَّه ربّ حِمير. أَنا حسَّانُ بن عمرو القيل، إِذ لا قيلَ إِلاّ للَّه. مِتُّ أَزمانَ هِيدٍ وماهيدٌ، هَلكَ فيها اثنا عشر أَلف قيل كُنتُ آخِرهُم قيلاً. وأَتيتُ ذا شَعبينِ لِيجيرني من الموتِ فأخفرني "" . وذو شعبين: موضعِ."
522,537,2,بنو حمير بن سبأ,2,فولدَ سهلُ بن عمرو بن قيس: زيداً، وصباباً، بطن، وجبلان، بطن، وأَمناً، يقالُ لهم الأمنيون، بطن، وأَكلُبَ، وهم الأكلوب، بطن.
522,537,2,بنو حمير بن سبأ,3,فولدَ زَيدُ بن سهل بن عمرو: كعباً، ويريماً، وهو ذُو رُعين، بطن عظيم، ومالكاً. فولدَ ذُو رُعين: شُرحبيل، وياقعاً، بطن.
522,537,2,بنو حمير بن سبأ,4,وولدَ مُثَّوب بن ذي رُعين: ميتماً.
522,537,2,بنو حمير بن سبأ,5,وولد حُجر بن ذي رُعين: غيدانَ، ودالانَ، وفكهةَ بطون.
522,537,2,بنو حمير بن سبأ,6,منهم: عبدُ كُلال بن مُثَّوب بن ذي حُرث بن الحارث بن مالك بن غَيدان، الَّذي بعثهُ نُبَّعُ على مُقدمتهِ إِلى طسم وجَديس باليمامة.
523,538,2,بنو حمير بن سبأ,1,وصُهبانُ بن ذي حُرثِ، الَّذي لقي جمعَ معدٍ يومَ البيداءِ، والشَّهلان.
523,538,2,بنو حمير بن سبأ,2,وفهدُ بن عَريب بن أَليشرح، من بني مُدرك بن رُعين.
523,538,2,بنو حمير بن سبأ,3,وأَخوهُ عبدُ كُلالٍ بن عريب، الَّذي قال فيهم الشَّاعر:
523,538,2,بنو حمير بن سبأ,4,أَلَا إِنَّ خير النَّاسِ كُلِّهم فهدُ … وعبدُ كلالٍ خَيرُ سائرهم بعدُ
523,538,2,بنو حمير بن سبأ,5,وقالَ مالكُ بن العجلانِ النَّهديّ:
523,538,2,بنو حمير بن سبأ,6,وعبد كُلالٍ جادُ كُلَّ عظيمةٍ … سمعتُ بها في حِمير وكفيلها
523,538,2,بنو حمير بن سبأ,7,ولفهد يقولُ عمرو بن معدي كرب الزُّبيديّ:
523,538,2,بنو حمير بن سبأ,8,أَلَا عتبتْ عليَّ اليوم عرسي … لآتيها كما زعمتْ بفهدِ
523,538,2,بنو حمير بن سبأ,9,ومنهم: عريبُ والحارثُ ابنا عبدِ كُلالِ بن عريب الَّذي كتَبَ لهما رَسولُ اللَّهِ ﷺ .
524,539,2,بنو حمير بن سبأ,1,ومنهم: شراحيل بن عمرو، الَّذي يقولُ:
524,539,2,بنو حمير بن سبأ,2,ألَا من يشتري سهراً بنومٍ … سعيدٌ من ينامُ قَريرَ عينِ
524,539,2,بنو حمير بن سبأ,3,فإِن تكُ حمير غَدَرت وخانت … فمعذرةُ الإِله إلى رُعين
524,539,2,بنو حمير بن سبأ,4,وولد مالكُ بن زيد بن سهل بن عمرو: عدياً، والسَّمعَ، وجعلاً، وهو قُباب، بطن.
524,539,2,بنو حمير بن سبأ,5,ودلالاً، وحضوراً، بطن من همدان.
524,539,2,بنو حمير بن سبأ,6,ومن حضورُ: شُعيبُ بن ذي مهدم بن مِهرم بن حضور، الَّذي قتَلهُ قومهُ، ويزعمون أَنَّه شعيب النبيّ فغزاهم بختُ نَصَّر فقتلهم، ففيهم أَنزلَ اللَّهُ ﷿ : (فلما أَحسُّوا بأْسَنا إِذا هُم منها يركضون) إلى قولهِ تعالى: (حتَّى جعلناهم حصيداً خامدين) .
524,539,2,بنو حمير بن سبأ,7,فولدَ عَوف بن عَديّ بن مالك بن زيد بن سهلب بن عمرو: سعداً، وهوزناً، وحرازً، بطنان في الكلاعِ، وعنج.
525,540,2,بنو حمير بن سبأ,1,فولدَ سعد بن عوف: مِيثمُ، رَهط كعب الأحبار بن ماتع بن قسمي بن نافع بن قَسمي بن حق بن سراح بن رَبيعةَ بن الوازع بن عَميرةَ بن لُهيعةَ بن وهب بن شراحيل بن أبي كرب بن كهلان بن ميثم.
525,540,2,بنو حمير بن سبأ,2,وأُحاظه بن سعد.
525,540,2,بنو حمير بن سبأ,3,منهم: أَيفعُ بن عبد بن عامر بن مسرح بن المُجبِر بن يَنُوف بن سعدان بن أُحاطةَ، ولي حمص، وكانت عنده حميدَةُ بنت عبدِ الرَّحمان بن شدَّاد بن رُكانةَ بن يزيد بن هاشم بن عبد المطَّلب بن عبد مناف بن قصيّ، فولدت لهُ أَولاداً: وشُرحبيل بن سعد.
525,540,2,بنو حمير بن سبأ,4,فولدَ شُرحبيلُ بن سعد: الكلاع، وإليهِ جماعتُهم.
525,540,2,بنو حمير بن سبأ,5,منهم: أَسميفعُ بن باكُور بن يعفر ذي الكلاع بن شُرحبيل بن عمرو بن شُرحبيل بن رُواس بن حمير بن مُرَّة بن يحمد بن عمرو بن كَرَب بن همال بن جذيمةَ بن أَسعد أَبي كرب بن عمرو بن مالك بن زيد بن الكلاع؛ وهو الذي كتَبَ إليهِ رَسولُ اللَّه ﷺ معَ
526,541,2,بنو حمير بن سبأ,1,جرير بن عبد الله فأَعتقَ أَربَعَةَ آلاف مملوكٍ، كانوا له؛ وقُتلَ يومَ صفِّين مع معاوية وابنهُ شُرحبيل بن أَسميفع، قُتلَ يوم الخازر، وكان أَميرَ حمص، ولهم شَرفٌ عظيمٌ بحمص.
526,541,2,بنو حمير بن سبأ,2,وعوفُ بن سعد بن عوف.
526,541,2,بنو حمير بن سبأ,3,ومُدع بن سعد في همدان.
526,541,2,بنو حمير بن سبأ,4,وعمرو بن سعد.
526,541,2,بنو حمير بن سبأ,5,وولدَ ميثم بن سعد بن نمران بن ميثم؛ أُمُّهُ هند بنت تميم بن مُرّ بن أُد بن طابخة بن اليَّاس بن مضر بن نزار بن معدّ بن عَدنان.
526,541,2,بنو حمير بن سبأ,6,فلما ماتَ نِمران بن ميثم تَزوَّجت هندٌ بقاسط بن هنب بن أَقصى بن دُعميّ بن جَديلةَ بن أَسد بن ربيعةَ بن نزار بن معدّ بن عدنان وحملت النَّمرَ فاْنتسبَ إلى قاسط، وهم الَّذي يقولون النمر بن قاسط.
526,541,2,بنو حمير بن سبأ,7,فولدَ عمرو بن سعد: سَوادةَ، وكعباً.
527,542,2,بنو حمير بن سبأ,1,فولدَ سَوادةُ بن عمرو: الخبائرَ، ونَعيمةَ، والسَّحولَ، بطون في الكلاع.
527,542,2,بنو حمير بن سبأ,2,وولدَ غوثُ بن سعد: شيبان، وحميماً، بطنان في الكلاع.
527,542,2,بنو حمير بن سبأ,3,منهم: قُرمُلُ، الذي ذكرهُ امرُؤُ القيس في شعرهِ فقالَ:
527,542,2,بنو حمير بن سبأ,4,وإِذ نحنُ ندعو مَرثد الخير رَبَّنا … وإِذ نحنُ لا نُدعى عَبيدُ القراملِ
527,542,2,بنو حمير بن سبأ,5,ودُعميُّ بن غوث.
527,542,2,بنو حمير بن سبأ,6,وزيدُ بن غوث.
527,542,2,بنو حمير بن سبأ,7,فولدَ دُعميّ بن غوث: جَمَّاماً، وبكالاً، بطنان في الكلاعِ.
527,542,2,بنو حمير بن سبأ,8,ووتدَ زيدُ بن غوث: مالكاً، والحارثَ، وأَسلَمَ، والأخوسَ، بطن.
527,542,2,بنو حمير بن سبأ,9,وولد مالكُ بن زيد بن عوف: الحارثَ، ذا أَصبح، وهو أَولُ من عُمِلت لهُ السِّياط الأَصبحيَّةَ، وهم بطن عظيمٌ.
527,542,2,بنو حمير بن سبأ,10,ويحقبُ بن مالك، بطنٌ عظيم.
527,542,2,بنو حمير بن سبأ,11,فمن بني أَصبح: أَبرهةُ بن الصَّبَّاح بن لُهيعةَ بن شيبة الحمد بن مرثد الخير بن ينكف بن ينف بن معدي كرب بن عبد الله بن عمرو بن ذي أَصبح، كانَ ملك تهامةَ؛ أُمُّهُ: ريحانةُ بنت الأَشرم الحبشيّ.
527,542,2,بنو حمير بن سبأ,12,وأَخوهُ خيرُ قُتل يوم ذي الخلصةِ، قتلهُ جريرُ بن عبد الله، وكان يومئذٍ على المسلمين.
528,543,2,بنو حمير بن سبأ,1,وأَبرهةُ بن شرحبيل بن الصَّبَّاح، وولده يسكنونَ صنعاء، ليسَ بصنعاء من العرب غيرهم وغير آل كَثير بن شِهاب بن عبد الملك بن رداع الخولانيّ.
528,543,2,بنو حمير بن سبأ,2,وأَبو شَمر بن أَبرهة بن الصباح، قُتل معَ عليّ بن أَبي طالب ﵇ يوم صِفِّين، وكان مُتزوجاً بابنةِ أَبي موسى الأَشعري، ولهُ بقيةٌ بمصر.
528,543,2,بنو حمير بن سبأ,3,وكريب بن أَبرهة، وهو أَبو رشد، كان سيِّدَ حمير بالشام ومصر زمن معاوية، شهدَ معهُ صفِّين، وأَدركَ الحجاج وهو شيخ كبير؛ قال أَخبرني سعد بن كثير، قال أَخبرني أَبو أُميَّة ميمون بن يحيى بن مُسلم بن عبد الله الأَشجّ عن مخرمة بن بكير بن عبد الله بن الأَشج عن عمِّهِ يعقوب بن عبد الله بن الأَشج قال: دخلتُ مصر أَيام عبد العزيز بن مروان فرأيتُ كريب ابن أَبرهة إِذا ركبَ حفَّ به خمس مائةٍ من حمير في السِّلاح.
529,544,2,بنو حمير بن سبأ,1,والنَّضر بن مريم بن معدي كرب بن أَبرهة، كان سيَّد حمير بالشام في زمانه؛ أُمهُ: أُمّ النَّضر بنت معبد بن العباس بن عبد المطلب، وكانت عنده بنت عبد الله بن معبد بن العباس بن عبد المطلب، فولدت لهُ محمداً، وسليمان ابني النَّضر.
529,544,2,بنو حمير بن سبأ,2,ومن يحقب بن مالك: سلامة بن يزيد بن سلامة بن ذي فايش بن يزيد بن مُرَّة بن عريب بن مرثد بن يريم بن عبد الله بن يحصب، الذي مدحهُ الأَعشى.
529,544,2,بنو حمير بن سبأ,3,ويزيدُ بن زياد بن ربيعة بن مُفرِّغ بن ذي العشيرة بن الحارث بن دلال بن عوف بن عمرو بن يزيد بن مُرَّة بن مرثد بن مسروق بن يزيد بن يحصب، كان حليفاً لآلِ خالد بن أَسيد القرشيّ، وله عقب بالبصرة.
529,544,2,بنو حمير بن سبأ,4,وولد أَسلمُ بن زيد بن عوف: عامراً، وهو ذُو يزن، بطن.
530,545,2,بنو حمير بن سبأ,1,ومنبَّه، وهو جُرشٌ، بطن.
530,545,2,بنو حمير بن سبأ,2,وذو يزنٍ وهو أَولُ من عُمل له سنان حديدة فنسبت إليهِ، وإِنَّما كانت أَسنة عامَّة العرب صياصي البقرِ.
530,545,2,بنو حمير بن سبأ,3,ومنهم: النُّعمانُ بن قيس بن عبيد بن سيف بن ذي يزن، الذي آستجارَ كسرى على الحبشة.
530,545,2,بنو حمير بن سبأ,4,من ولده: عُفيرُ بن زُرعة بن عفير بن الحارث بن النعمان، كان سيد حمير بالشام زمن عبد الملك بن مروان.
530,545,2,بنو حمير بن سبأ,5,ونُعيمُ بن معدي كرب، ولي أَذربيجانَ.
530,545,2,بنو حمير بن سبأ,6,ومن جُرشٍ: الغازي بن ربيعة بن عمرو بن عوف بن زهير بن الحارث بن حَماطة بن عمرو بن ربيعة بن ذي خيل، كان شريفاً، زمن معاوية وعبد الملك.
530,545,2,بنو حمير بن سبأ,7,ومنهم: الحرشيُّ، وهو الحارثُ بن عبد الرحمانِ بن عمرو بن ربيعة، كان من أَصحاب أَبي جعفرٍ المنصور.
530,545,2,بنو حمير بن سبأ,8,وولد الحارثُ بن زيد: سُبيعاً، وعلَساً، وهو ذو جدن الشاعر.
530,545,2,بنو حمير بن سبأ,9,ومن ولدهِ: عَلقمةُ بن علس بن مرثد بن علس ذي جَدن.
530,545,2,بنو حمير بن سبأ,10,وعلقمةُ بن شراحيل، وهو قيفان بن علس، ذي جدن، وهو ملكُ البون،
531,546,2,بنو حمير بن سبأ,1,مدينة لهمدان باليمن، قتلهُ زيد بن مُرب بن معدي كرب الهمدانيّ، جدُّ سعيد بن قيس بن زيد بن مُربّ، وملك بعده.
531,546,2,بنو حمير بن سبأ,2,ومرثدُ بن علس، الَّذي أَتاهُ امرؤُ القيس بن حُجر يستنجده على بني أَسدٍ بن خُزيةَ.
531,546,2,بنو حمير بن سبأ,3,ولذي قيفان يقول عمرو بن معدي كرب الزُّبيديّ:
531,546,2,بنو حمير بن سبأ,4,وسيف لابن ذي قيفان عندي … تَخَّيرهُ الفتى من عهدِ عادِ
531,546,2,بنو حمير بن سبأ,5,وولدَ سُبيع بن الحارث بن زيد: عمراً، وعبد الله، وهو مُقريّ؛ ومقرةَ.
531,546,2,بنو حمير بن سبأ,6,وولد كعب بن زيد بن سهل: سبأ، وحدالاً.
531,546,2,بنو حمير بن سبأ,7,فولد سبأ بن كعب بن زيد: زُرعةَ، وصيفيَّاً، وبنانة، من قحطان، ونُسبَ في سبأ اليوم، وترك النَّسب الأَول؛ ويشجب، وسماعةَ، ومعبداً.
531,546,2,بنو حمير بن سبأ,8,"فولدَ زُرعةُ بن سبأ: سدداً تزوَّجَ بلقيس؛ وكان سليمان بن داود ﷺ وقال لها: "" لاتصلح المرأَة إِلاَّ للزوجِ "" فتزوجت سدداً."
531,546,2,بنو حمير بن سبأ,9,والرَّحبةُ بن زرعة، بطن، وبنانة، عداهم، بطن.
532,547,2,بنو حمير بن سبأ,1,فولد زيدُ بن سددَ: مالكاً، ومداً، وهو الأَوزاع، بطن، في همدان والباقر، بطن في همدان.
532,547,2,بنو حمير بن سبأ,2,فمن ولدَ صيفيّ بن سبأ: تُبَّع، وهو تبان، وهو أَعد، وأَبو كرب بن مالك بن كَرب تُبَّع بن زيد تُبَّع بن عمرو، وهو ذُو الأَذعار بن أَبرهة تُبَّع ذي المَنَّار بن الرَّائش بن قيس بن صيفيّ.
532,547,2,بنو حمير بن سبأ,3,وقال ابن الكلبيّ: ذو المنار، كان أَول من ضَرب النار على الطَّريق فسمَّي ذا المنار.
532,547,2,بنو حمير بن سبأ,4,وذو الأذعارِ أَصابَ سيباً لهم وجوه مُنكرة فذعر منهم النَّاسُ فَسمَّي ذا الأَذعار.
532,547,2,بنو حمير بن سبأ,5,فولد تُبَّعُ حَسان، وهو مُعاهر، وهو تُبَّع.
532,547,2,بنو حمير بن سبأ,6,وزرعةُ، وهو ذو نُواس فلمَّا تَهوَّد تسمى يوسف، وهو الَّذي خَدَّ الأَخدود بنجران، وقتل النَّصارى، وتهود معه أَهلُ اليمن، فلما جاشت الحبشُ فقاتلوه فهزم أَقحم فرس في البحر فغرق.
532,547,2,بنو حمير بن سبأ,7,وجهلُ بن تُبَّع، ولده في خيوان، نزل بخيوان فشربَ، وأُتيَ بجاريةٍ من أهل صعدة فوقع عليها فاشتملت منه على غُلام، فأُخبر بذلك، فقالَ: واجهلاه فسمي جهلاً، فهم اليوم في خيوانَ.
533,548,2,بنو حمير بن سبأ,1,ومعدي كرب بن تُبَّع، يقال - الله أعلم - إِنَّ سعيد بن قيس الهمداني من بقيَّته؛ ولا نعلم أَحداً يُنسب إليه اليوم إِلاَّ عبد الله بن هلال الهجريّ، الذي يقال لهُ صديق إبليس.
533,548,2,بنو حمير بن سبأ,2,وعمرو بن تُبَّع، وهو موثبان، وثب على أخيه حسان بفرضةِ نُعم، فقتلهُ، فسميَ موثبان.
533,548,2,بنو حمير بن سبأ,3,وذو نواسٍ الذي قتل خنيعة بن ينوف، ذو شار الذي كان ينكح ولدان حمير، وكان يريد أَلاَّ يملكون، ولم يكونوا يملكون من نكحَ.
533,548,2,بنو حمير بن سبأ,4,وشمسُ يرعش بن ياسر ينعم بن عمرو ذي الأذعار، الذي افتتحَ سمرقند.
533,548,2,بنو حمير بن سبأ,5,"وأفريقش بن قيس بن صيفيّ، وهو الذي افتتح افريقية، وسميت بهِ، وقتل ملكها جرجير، ويومئذٍ سمِّيت البربر، قال لهم: "" ماكثر بربرتكُم "" ."
533,548,2,بنو حمير بن سبأ,6,قال نابغةُ بني جعدة يصفُ ظبيةَ أَكلَ الذِّئب حشفها.
533,548,2,بنو حمير بن سبأ,7,أُتيحَ لها من أَرض وسمائه … فلمَّا رآها مطلع الشَّمس بربرا
533,548,2,بنو حمير بن سبأ,8,كبربرة الرُّوميّ أَوجع ظهرهُ … على غير ذنبٍ فاستغاث لينصرا
533,548,2,بنو حمير بن سبأ,9,وأَقام من حمير في البربر صنهاجة وكتامة ابني السَّور بن سعيد بن
534,549,2,بنو حمير بن سبأ,1,جابر بن سعيد بن قيس بن صيفيّ، فهم إلى اليوم.
534,549,2,بنو حمير بن سبأ,2,ومنهم بلقيس، وهي يلمقة بنت مشرح بن ذي جدن بن شرح بن الحارث بن قيس بن صيفي؛ فكان الكلبيّ يقولُ هي من صيفيّ بن سبأ بن يشجب بن يعرب بن قحطان.
534,549,2,بنو حمير بن سبأ,3,وينسبُ سليمان بن داود بن باعر بن سلمون بن يخشون بن عميتان بن رام بن حصرُون بن قارط بن يهودا بن يعقوب بن إِسحاق بن إبراهيم ﵇ بن تارح بن باحور بن شاروع بن ارعوا بن فالغ بن عابر بن شالح بن أَرفخشد بن سام بن نوح بن لمك بن المتوشلح بن أَختوح، وهو إِدريس النبيّ ﷺ بن يرد، وهو الذي عملت الأصنام في زمانه، بن مهلابيل بن قينان بن أنوش بن شيت، وهو هبة الله، كان وصي أَبيه آدم ﵇ .
534,549,2,بنو حمير بن سبأ,4,وقبائل ذي الكلاع: نجلان، والأَشروع، وعزية وعُنَّة، ويُكالم، وبكيل، وبهيل، وزُلجع، والقفاعة وذو ساحِ، وزيمان، وعروان، وبعدان، والحبائر، ونعيمة، والسَّحول، وشيبان وحميم، وأَحاظة وميثم، وحراز، وهوزن، والسلف بن يقطن، فتكلَّع هؤلاء في الجاهلية على
535,550,2,وهؤلاء بنو الهسع بن الهميسع,1,اسميفع بن ناكور، إِلاَّ حراز ووزن فهما تكلَّعا على نجدة بن زيد بن النَّعمان، والتكلع في كلامهم التَجَمّع.
535,550,2,وهؤلاء بنو الهسع بن الهميسع,2,هؤلاءِ بنو أَيمن بن هيسع بن حمير
535,550,2,وهؤلاء بنو الهسع بن الهميسع,3,وهؤلاءِ بنو الهَسُع بن الهَمَيسع
535,550,2,وهؤلاء بنو الهسع بن الهميسع,4,وولد الهسع بن الهميسع: الحلملم، بطن عظيم لا يُعلَم به بَقِيَّة يُعرفون.
535,550,2,وهؤلاء بنو الهسع بن الهميسع,5,هؤلاء بنو الهميسع بن حمي
536,551,2,نسب قضاعة,1,نَسَبُ قُضَاعَةَ
536,551,2,نسب قضاعة,2,وَوَلدَ مالكُ بن حِميَر: زَيداً.
536,551,2,نسب قضاعة,3,فَوَلدَ زيدُ بن مالك: مُرَّة.
536,551,2,نسب قضاعة,4,فولدَ مُرَّةُ بن زيد: مراً.
536,551,2,نسب قضاعة,5,فولدَ مرو بن مرةَ: مالكاً.
536,551,2,نسب قضاعة,6,فولد مالكُ بن عمرو بن مرة بن زيد بن مالك بن حمير: قُضاعة؛ أُمُّهُ مَغالةُ بنت جوشم بن جُلهَمةَ بن عمرو بن عوف بن عَديّ بن دُبِّ بن جُرهم.
537,552,2,نسب قضاعة,1,وأخوتهِ لأُمِّهِ: نزار، وعُبيد، وقنص، وجُنادةُ وحبيبُ، بني معدّ بن عدنان.
537,552,2,نسب قضاعة,2,فولَدَ قُضاعةُ بن مالك: الحاف والحاوي ووديعةَ؛ أُمُّهم: مُلكيةُ بنت الأَشعر بن أُدد بن زيد بن يشجب.
537,552,2,نسب قضاعة,3,فولد الحافُ بن قُضاعَةَ: عِمران، وعمراً، وأَسلمَ، وسناماً؛ أُمُّهُم: عَرمدُ بنت غافق بن الحارث بن عَكّ بن عدنانَ.
537,552,2,نسب قضاعة,4,فولدَ عِمرانُ بن الحافِ: حُلوانَ؛ أُمُّه: ضَريَّة بنت ربيعة بن نِزار، إِليها ينتسبُ الحِمى، حَمى ضرية.
537,552,2,نسب قضاعة,5,فولد حُلوان بن عمران: تغلب الغلباء، وزَبَّاناً وهو علاف، كان أول من نَحَت رَحلاً فركبه، إذ كانت الأعرابُ تركبُ الأقتابَ، فَسمِّيت العلافَّية؛ وغشماً، ومراحاً، بطن باليمن على نَسَبِهم.
538,553,2,وهؤلاء بنو تغلب بن حلوان,1,وعمراً، وهو سليحُ، بطن.
538,553,2,وهؤلاء بنو تغلب بن حلوان,2,وعائداً، وعائدة دخلا في الصبر من غَسَّان.
538,553,2,وهؤلاء بنو تغلب بن حلوان,3,وتزيد وهو قبيلُ عظيمٌ في تنوخٍ، لهم بأسٌ، وإليهم تُنسب الثِّياب التزيديَّة؛ أُمُّهم: سلمى بنت أَسلم بن الحاف بن قُضاعةَ؛ وكانت التُرك أَغارت على تزيد وأَفنوهم، فقال في ذلك عمرو بن مالك التزيديّ:
538,553,2,وهؤلاء بنو تغلب بن حلوان,4,وليلتنا بآمدَ لم ننمها … كليلتنا بِميَّا فارقينا
538,553,2,وهؤلاء بنو تغلب بن حلوان,5,زَعَم الشَّرقيُّ أَنَّه يُقال لِهؤلاءِ تَغلب الغلباء.
538,553,2,وهؤلاء بنو تغلب بن حلوان,6,وهؤلاءِ بنو تَغلب بن حُلوان
538,553,2,وهؤلاء بنو تغلب بن حلوان,7,فَولَدَ تَغلبُ بن حُلوان: وَبَرةَ؛ أُمُّهُ: الوبرُ بنت شَنّ بن أَقصى بن دُعميّ بن جَديلة بن أَسد بن ربيعَةَ بن نزار.
538,553,2,وهؤلاء بنو تغلب بن حلوان,8,فولد وبرةُ بن تغلب: كلباً، بطن عظيم، وأَسداً، والنَّمر؛ والذئبَ، دَخلَ
539,554,2,وهؤلاء بنو كلب بن وبرة,1,في بني العُبيد بن عامر من كلب.
539,554,2,وهؤلاء بنو كلب بن وبرة,2,والثعلب بن وبرةَ، وفهداً، وضبعاً، دَرَجَ؛ وسرحان، دَرج؛ والبرك دخل في جُهينةَ على نَسَبٍ، أُمُّهم: أُمُّ الأسبع بنت دُريم بن القين بن أَهود بن بهراء بن عمرو بن الحاف بن قضاعةَ.
539,554,2,وهؤلاء بنو كلب بن وبرة,3,"فمن بني البركِ: عبد الله بن أَنيس بن أَسعد بن حرام بن حَبيب بن مالك بن غنم بن كعب بن تَيم بن نُفاثةَ بن إِياس بن يَربوع بن البركِ، مُهاجريّ أَنصاريّ عَقبيّ؛ وهو المُختَصِر في الجنَّةِ، وأَعطاهُ رَسول الله ﷺ مُختصره وقال: "" تَلقاني بها في الجنَّةِ "" . وذلك حين بعثه رسول الله ﷺ فقتل ابن مُليح الهُذليّ."
539,554,2,وهؤلاء بنو كلب بن وبرة,4,وهؤلاءِ بنو كلب بن وبَرَةَ
539,554,2,وهؤلاء بنو كلب بن وبرة,5,فولدَ كلبُ بن وبرةَ بن تغلب بن حلوان بن عمران بن الحاف بن قُضاعةَ: ثوراً، وكلداً، وأَبا حاجب؛ أُمُّهم: حُبى بنت أَبي عزم بن عَوكلان بن الزّهد بن عاملة.
539,554,2,وهؤلاء بنو كلب بن وبرة,6,فولدَ كَلَدُ بن كلب: أُهيباً، بطن، مع بني مُعاوية بن بكر بن عامر بن عوف.
539,554,2,وهؤلاء بنو كلب بن وبرة,7,منهم: المُكففُ بن مر بن عصر بن قيس بن مازن بن حَراد بن ذُبيان بن أَسد بن زَيد مناه بن أُهيب، كانَ سيَّدهم في الجاهلية، وله يقول الشاعر:
540,555,2,بنو ثور بن كلب,1,نحن حمينا فيه المكفف … يوم تلاقى على مرو الأخيفِ
540,555,2,بنو ثور بن كلب,2,ويوم ضرب هِامة المُقَحَّف … نمشي إلى الموت والأَعصفِ
540,555,2,بنو ثور بن كلب,3,وهؤلاءِ
540,555,2,بنو ثور بن كلب,4,[بنو ثور بن كلب]
540,555,2,بنو ثور بن كلب,5,فولدَ ثور بن كلب: رُفيدةَ، وعُرينةَ، بطن، وصُحباً، بطن، وصبحاً، لا عَقبَ له إِلاَّ امرأَة ولدت في السكونِ لم يكن ولد غيرها؛ أُمُّهم: هِندُ بنت يزيد بن الغوث بن طَيَّئ.
540,555,2,بنو ثور بن كلب,6,فمن بني صحب: عرارُ بن مالك الشاعر الجاهليّ الَّذي يقول:
540,555,2,بنو ثور بن كلب,7,لَقينا الرومَ ضاحيةَ … فَقاتلنا على الرُّكَب
540,555,2,بنو ثور بن كلب,8,ومنهم: بِشر بن رجاء، كان شريفاً، وله يقول تأبطَ شرَّاً الفَهميّ:
540,555,2,بنو ثور بن كلب,9,لحى اللَّهُ خيلاً من جنابٍ وعامرٍ … يُقادا وحيَّاً من عُرينة أو صحب
540,555,2,بنو ثور بن كلب,10,وهؤلاءِ
540,555,2,بنو ثور بن كلب,11,بنو عُرينةَ بن ثور
540,555,2,بنو ثور بن كلب,12,وولد عُرينةُ بن ثور: الرَثَ.
540,555,2,بنو ثور بن كلب,13,فولدَ الرثُ بن عُرينةَ: مَربوعاً.
540,555,2,بنو ثور بن كلب,14,فولدَ مربوعُ بن الحارث: شَكلاً.
540,555,2,بنو ثور بن كلب,15,فولدَ شكلُ بن يربوعٍ: مُسلماً، وهو نحو من خمسينَ رَجلاً دخلوا مع العُبيد بن عامر.
541,556,2,وهؤلاء بنو رفيدة بن ثور,1,منهم: هندُ بنت مُسلم تزوَّجها الحارث بن زُهير بن تيم بن وذم بن وهب بن رُفيدة بن ثور بن كاب، وهو الَّذي يقول:
541,556,2,وهؤلاء بنو رفيدة بن ثور,2,قالوا من نكحتُ فقلتُ خيراً … عجوزاً من عُرينةَ ذاتَ مالِ
541,556,2,وهؤلاء بنو رفيدة بن ثور,3,نكحتُ عُجيزاً ونَقَدتُ أَلفاً … كذاك البيع مُرتخص وغالِ
541,556,2,وهؤلاء بنو رفيدة بن ثور,4,فولدت لهُ هنيَّةَ، وعبد بكر.
541,556,2,وهؤلاء بنو رفيدة بن ثور,5,ثُمَّ خلف عليها الحارثُ بن زُهير بن تيم بن أُسامة بن مالك بن بكر بن حبيب بن عمرو بن غنم بن تغلب وحملت معها هَنيَّةَ وعبد بكر، فانتسبوا إليهم فهم يعرفون في تغلب إلى اليوم.
541,556,2,وهؤلاء بنو رفيدة بن ثور,6,وهؤلاءِ بنو رُفيدة بن ثور
541,556,2,وهؤلاء بنو رفيدة بن ثور,7,وولدَ رُفيدةُ بن ثور: زَيد اللاَّت، وتيم اللاَّت، بطن، ووهبَ اللاَّت، وأَوسَ اللاَّت، وشكم اللاَّت وشعسَ اللاَّت، أُمُّهم: الكامنةُ بنت الشَّارِق ابن غافق بن الحارث بن عَكَّ.
541,556,2,وهؤلاء بنو رفيدة بن ثور,8,وهؤلاءِ بنو أَوسِ اللاَّت بن رُفيدةَ
541,556,2,وهؤلاء بنو رفيدة بن ثور,9,وولدَ أَوسُ بن رُفيدة: عمراً، والحارثَ، وامرأ القيس، وعوفاً، حضنهم عبدُ حبشيّ يُقال لهُ كلاب، فغلب عليهم، فهم في بني جبَّار بن قُرط بن حارثةَ بن عامر المُذمّم من بني ماويةَ يُقال لهم كلاب جبار وأَما شُكم اللاَّت فدخلوا في تُنوخ.
542,557,2,وهؤلاء بنو زيد اللات بن رفيدة,1,وهؤلاءِ بنو زيد اللاَّت بن رُفيدة
542,557,2,وهؤلاء بنو زيد اللات بن رفيدة,2,وولدَ زَيدُ اللاَّت بن رُفيدة بن ثور بن كلب: عُذرةَ.
542,557,2,وهؤلاء بنو زيد اللات بن رفيدة,3,والخزرجَ، بطن، مع بني كنانة بن عوف بن عُذرةَ بن زيد اللاَّت.
542,557,2,وهؤلاء بنو زيد اللات بن رفيدة,4,وأَما سُودٌ، وهو عمرو، والشُّلل مع بني عبد ودّ بن عوف بن كنانةَ.
542,557,2,وهؤلاء بنو زيد اللات بن رفيدة,5,كان منهم: مُعاد بن عُقبةَ بن وهب، كان أَكثر كلبيّ مالاً بقنَّسرينَ.
542,557,2,وهؤلاء بنو زيد اللات بن رفيدة,6,والحارثُ بن زيد اللاَّت، بطن مع بني الخزرج بن زيد اللاَّت، نحو من ثلاثين رجلاً.
542,557,2,وهؤلاء بنو زيد اللات بن رفيدة,7,منهم: يزيد بن المُعَمّر، كان على خيولِ الصَّائفة.
542,557,2,وهؤلاء بنو زيد اللات بن رفيدة,8,وأُمُّ بني زيد اللاَّت هؤلاءِ: هندُ بنت ثعلبة بن دُودان بن أَسد بن جَذيمة بن مُدركةَ بن إِلياس بن مضر.
542,557,2,وهؤلاء بنو زيد اللات بن رفيدة,9,وهؤلاءِ بنو الخزرج بن زيد اللاَّت
542,557,2,وهؤلاء بنو زيد اللات بن رفيدة,10,وولدَ الخزرجُ بن زيد اللاَّت: ذُهلاً.
542,557,2,وهؤلاء بنو زيد اللات بن رفيدة,11,منهم: عَميرةُ بن أَوس بن ثعلبةَ بن عوف بن كعب بن ذُهل، كان يُقالُ لهُ الملك، وقال الشاعرُ:
542,557,2,وهؤلاء بنو زيد اللات بن رفيدة,12,ولابن عميرة الملك بن أوسٍ … ولو طفت البرية أجمعينا
542,557,2,وهؤلاء بنو زيد اللات بن رفيدة,13,كان على أحد المُجنَبتين يوم السُّلاَّن.
543,558,2,وهؤلاء بنو عذرة بن زيد اللات,1,ومنهم: الدُّوميّ بن قيس، وفد على النبيّ ﷺ فعقد لهُ على من تابَعَه من كلب.
543,558,2,وهؤلاء بنو عذرة بن زيد اللات,2,ومُدركُ بن ضَبّ، كان على الرَّي، ولي الصَّوائف زمن الحجاج بن يوسف.
543,558,2,وهؤلاء بنو عذرة بن زيد اللات,3,وهؤلاءِ بنو عُذرة بن زيد اللاَّت
543,558,2,وهؤلاء بنو عذرة بن زيد اللات,4,وولد عذرةُ بن زيد اللات بن رُفيدة بن ثور بن كلب بن وبرة: عوفاً، والعُبيد، بطن، وأَشقرَ، والخزرج، بطن؛ أُمُّهم: هندُ بنت أَنمار بن بغيض ابن الرَّيت بن غطفان بن سعد بن قيس بن عيلان بن مُضر. فدخل الشَّقُر في بني الخزرج؛ ودخل العبيدُ في في بني عميرة بن عامر بن بكر بن عامر الأَكبَر.
543,558,2,وهؤلاء بنو عذرة بن زيد اللات,5,فولدَ عوف بن عُذرةَ: بكراً، وعوصماً؛ أُمُّهما: رَقاش بنت وذم بن وهب اللاَّتِ بن رُفيدةَ؛ وكنانةَ بن عوف، بطن، أُمُّهُ: عُذيرةَ بنت بكر بن عبد مناة بن كنانة بن خُزيمةَ بن مُدركةَ بن إِلياس بن مضر بن نزار بن معدّ.
543,558,2,وهؤلاء بنو عذرة بن زيد اللات,6,ولبني عُصٍ يقولُ الأَعشى الشَّاعر:
543,558,2,وهؤلاء بنو عذرة بن زيد اللات,7,فِدا لأَناسٍ جالدوا بخفيَّةٍ … فوارس عُوصٍ خالتي وبناتي
544,559,2,بنو كنانة بن بكر,1,ومنهم: دَارمُ بن عامر بن فضالة بن سلامان بن عليّ بن عُوصِ، قد ذُكر في الشعر.
544,559,2,بنو كنانة بن بكر,2,ومطرُ بن ثابت، الذي أَردَ قتل الأَخطل وهجا عُوصاً لمكانهِ، وخلفَ عوصاً في عامر ثُمَّ في بني الرَمَّاح بن يشكر بن عدوان بن عمرو بن قيس عيلان بن مضر.
544,559,2,بنو كنانة بن بكر,3,وحارثةُ وكعب؛ أُمُّهما: خديجة بنت بكر بن أبي سود بن زيد اللاَّت.
544,559,2,بنو كنانة بن بكر,4,فدخل بنو حارثة في بني ماويةَ.
544,559,2,بنو كنانة بن بكر,5,منهم: عمرو بن ثعلبة الشجاع، كان مع منصور بن جُمهور.
544,559,2,بنو كنانة بن بكر,6,ودخل بنو كعبٍ أَيضاً في بني ماوية؛ منهم أهل بيت بدمشق.
544,559,2,بنو كنانة بن بكر,7,وهؤلاءِ
544,559,2,بنو كنانة بن بكر,8,[بنو كنانة بن بكر]
544,559,2,بنو كنانة بن بكر,9,فولد كنانةُ بن بكر: عبد الله، بطن، وعوفاً، وهو العُنظوانُ، بطن، دخلوا في بني عبد الله بن كنانة؛ ماويةُ، وهي البخراءُ بنت كعب.
544,559,2,بنو كنانة بن بكر,10,والبخراءُ مما يُلقب بهِ العربُ من المقلوب، إِذا كانت طَيِّبة الدُّبُر قالوا: بخراء، أَو إِذا كانت حديدة السمعِ قالوا: صمَّاء، ونحو ذلكَ.
544,559,2,بنو كنانة بن بكر,11,وولدَ عبد الله بن كنانةَ: هُبل؛ أُمُّهُ: حُبى بنت هِرٍ، وهو الشَّقر بن عمرو ابن عوف بن عمرو مُزيقياء الغسَّانيّ.
544,559,2,بنو كنانة بن بكر,12,وكعباً، بطن، وعدياً، وحبيباً؛ مُحياة بنت كعب بن مُضابنَ من بلقين.
545,560,2,بنو كنانة بن بكر,1,فولد حبيبُ بن عبد الله بن كنانة: الغمر، أَهل بيتٍ في بني كعب بن عبد الله.
545,560,2,بنو كنانة بن بكر,2,ورزاحاً، وهو من أُمهم.
545,560,2,بنو كنانة بن بكر,3,فدخلَ بنو رِزاح في بني كعب.
545,560,2,بنو كنانة بن بكر,4,منهم: سوادُ بن أَسيد، كانَ في الفين.
545,560,2,بنو كنانة بن بكر,5,ولهُ يقولُ سنانُ بن مُكمِّل النُّميريّ:
545,560,2,بنو كنانة بن بكر,6,لولا سواد يا حُصين لصبَّحت … بنو عبدِ ودّ مثل راغبة البكرِ
545,560,2,بنو كنانة بن بكر,7,وولد هُبلُ بن عبد الله: جَناباً، بطن، إِليهِ العددُ والبيت اليوم؛ وعُبيدةَ، بطن، وعبد مناة بطن، وعبد الله، وحلاوةَ؛ أُمُّهم: الأَجناب، رقاشِ بنت حسل بن العُبيد بن عُذرةَ بن زيد اللاَّت بن رُفيدة بن كلب.
545,560,2,بنو كنانة بن بكر,8,وأُمُّ جناب: آمنةُ بنت ربيعةَ بن عامر بن صعصعة بن مُعاوية بن بكر بن هَوازن.
545,560,2,بنو كنانة بن بكر,9,وأُمُّها: مجدُ بنت تيم الله بن غالب بن فهر بن مالك بن النَّضر، وهو من قُريش.
545,560,2,بنو كنانة بن بكر,10,فولد جَنابُ بن هُبل: زُهيراً الشاعر، عاش عشرين ومائةَ سنة، وكان من رجال العربِ لساناً ورأَياً ووفادة على الملوك؛ وهم بطن عظيمٌ.
546,561,2,وهؤلاء بنو عدي بن جناب,1,وعدياً فيه البيت اليوم، وكان يحمقُ.
546,561,2,وهؤلاء بنو عدي بن جناب,2,وعُليماً من أَسنَّ المرباع في قُضاعةَ، فقال زُهير في ذلك:
546,561,2,وهؤلاء بنو عدي بن جناب,3,سَنَّها رابع الجيوشِ عليمٌ … كلَّ يومٍ تأَتي المنايا بقدرِ
546,561,2,وهؤلاء بنو عدي بن جناب,4,وأُمهم: لبيسُ بنت عَميت بن كعب بن عبد الله بن كنانة الكلبيّ.
546,561,2,وهؤلاء بنو عدي بن جناب,5,وحارثةُ بن جنابٍ، بطن.
546,561,2,وهؤلاء بنو عدي بن جناب,6,ومالك، وهو الأَصمُّ، سُمِّيَ ببيتٍ قالهُ:
546,561,2,وهؤلاء بنو عدي بن جناب,7,أَصمُ عن الخنا إِن قيلَ يوماً … وفي غير الخنا أُلفي سميعا
546,561,2,وهؤلاء بنو عدي بن جناب,8,وهؤلاءِ بنو عَدي بن جناب
546,561,2,وهؤلاء بنو عدي بن جناب,9,فولدَ عديُّ بن جناب: ضمضماً، ونهشلاً، ورُديحاً، درج؛ أُمهم: ماويةُ بنت مالك بن عامر بن عوف بن بكر بن عوف.
546,561,2,وهؤلاء بنو عدي بن جناب,10,وهُذيماً، بطن، وتويلاً، بطن، وأَبا القروح، درج؛ أُمهم: فاطمةُ بنت عبد مناة بن هُبل، بها يُعرفون.
546,561,2,وهؤلاء بنو عدي بن جناب,11,وكُليباً، وهم أَبداً أَربعةَ لا يزيدونَ، بقيتهم بأرض الجبل؛ وذُبياناً؛ أُمهم: سبيَّة من تغلب.
547,562,2,بنو ضمضم بن عدي,1,وهؤلاء
547,562,2,بنو ضمضم بن عدي,2,[بنو ضمضم بن عدي]
547,562,2,بنو ضمضم بن عدي,3,وولدَ ضمضمُ بن عَديّ: حصناً، وعليصاً، بطن، والعيصَ، درج؛ أُمهم: ماويةُ بنت مالك بن زيد مناة بن هُبل. وفي بني حصن يقول جَوَّاسُ بن القعطلِ لعبدِ العزيز بن مروان وكان الحُراق بن الحصين التويليّ ستنقذَ مروان يوم المرج:
547,562,2,بنو ضمضم بن عدي,4,أَلا ليس امرؤُ من حَزبِ حصينٍ … أَضاعَ قرابتي وحيا الحُراقا
547,562,2,بنو ضمضم بن عدي,5,وهؤلاءِ بنو حصن بن ضمضم
547,562,2,بنو ضمضم بن عدي,6,وولدَ حصنُ بن ضمضم: الحارثَ، وهو الحرشاء، وقد رأس، وصارَ لَهُ سبيّ فدك: حين افتتحها كلبٌ في الجاهليَّةِ.
547,562,2,بنو ضمضم بن عدي,7,ووبرة، بطن، وربيعةَ، بطن، ومالكاً، قتلتهُ بنو ذُبيان، دَرج، أُمهم: هِرُّ بنت سلامة بن عبد الله بن عُليم، وهي التي يُشبِّب بها امرؤ القيس بن حُجرٍ الكنديّ الشاعر.
548,563,2,وهؤلاء بنو الحارث بن حصن,1,وهؤلاءِ بنو الحارث بن حِصن
548,563,2,وهؤلاء بنو الحارث بن حصن,2,فولدَ الحرثُ بن حصن: ثعلبة، أُمهُ: كواع بنت قيس بن كعب بن عُليم.
548,563,2,وهؤلاء بنو الحارث بن حصن,3,وسويداً، كانَ شاعراً، وكان من رجالِ كلب؛ أُمهُ شَقيقةُ وهي التي سباها الحارثُ من أَرضِ فدك، فوقعَ عليها فولدت لهُ سُويداً.
548,563,2,وهؤلاء بنو الحارث بن حصن,4,وكانت قبله عند الصَّابغ بن عَطية بن العُديس، ولدت له عُبيداً، ومعبداً.
548,563,2,وهؤلاء بنو الحارث بن حصن,5,فأما عُبيدُ فهم بطن بالشامِ.
548,563,2,وهؤلاء بنو الحارث بن حصن,6,وأَما معبد فرهطٌ مع بني سويد بن الحارث بن حصن بالبادية وبالكوفةِ.
548,563,2,وهؤلاء بنو الحارث بن حصن,7,منهم أَهل بيت، منهم: جابرُ بن كُحيل بن معروف بن جابر بن مُعوَّض بن معبد بن الصائغ، وهم يُنسبونَ اليوم في الأنصار يقولون الصَّائغ بن وائل بن عطية بن القُديس بن زيد بن حارثةَ بن صخر بن الحارث بن الخزرج.
548,563,2,وهؤلاء بنو الحارث بن حصن,8,وسلمى، والرابعةَ، والشموس، وهندُ، بنات وآئل بن عطية الخزرجيّ؛
549,564,2,وهؤلاء بنو الحارث بن حصن,1,أُمهم: شقيقةُ بنت النَخَّام بن الخزرج بن حبيب بن النَّضير بن الخزرج بن الصَّريح بن التؤامان بن النَّشيط بن اليسع بن سعد بن لاوي بن جبر بن النَّحام بن نيحوم بن عازر بن عزرا بن هارُون بن تضهر بن قاهت بن لاويلأ بن يعقوب بن ابن إسحاق بن إبراهيم الخليل ﵇ وهي من اليهود.
549,564,2,وهؤلاء بنو الحارث بن حصن,2,وأَما سلمى بنت وائل فتزوجها المنذر بن المنذر بن امرِيء القيس ابن النُّعمان بن عمرو بن عديّ بن نصر بن ربيعةَ بن الحارث بن مالك بن عمرو بن نُمارة بن لَخم، فولدت له النُّعمان الملك.
549,564,2,وهؤلاء بنو الحارث بن حصن,3,ثمَّ خلف عليها رومانسُ بن مُخاشن بن عمرو بن عبد ودّ، فولدت لهُ وبرة، وكان أَخا النُّعمان لأُمه. فأقطعه لعلع والبُردان في طريق الشامِ.
549,564,2,وهؤلاء بنو الحارث بن حصن,4,وأَما الرَّابعةُ فتزوجها عمرو بن كُليب بن عديّ بن جناب، فولدت له بناتٍ ولدن في كلب.
549,564,2,وهؤلاء بنو الحارث بن حصن,5,وأَما الشموسُ فتزوجها الحارثُ من بني تغلب، فولدت له العناقَ.
549,564,2,وهؤلاء بنو الحارث بن حصن,6,فتزوجَ العناقَ مخرمة بن أُبير بن جندل بن نهشل بن دارم؛ فولدت له أُمَّ الجُلاسَ.
549,564,2,وهؤلاء بنو الحارث بن حصن,7,فولدت أُم الجلاس بنت مخرمةَ: أَبا جهلٍ، والحارث ابنا هشام بن
550,565,2,وهؤلاء بنو الحارث بن حصن,1,المغيرة المخزوميّ، ولذلك قول حسان بن ثابتٍ:
550,565,2,وهؤلاء بنو الحارث بن حصن,2,إِنَّ الفرافصة بن الأَخوص عنده … شجنٌ لأُمَّك من بنات عُقابِ
550,565,2,وهؤلاء بنو الحارث بن حصن,3,وعُقابُ هو الصابغُ، كان يُلقب به فَورَث للصابغ وورثه الفراصةُ بن الأَخوص الكلبيّ المُكبر.
550,565,2,وهؤلاء بنو الحارث بن حصن,4,وصفوانُ بن الحارث، بطن صغير، وهم رهطُ مُحمد بن جابر بن الجُلاسِ بن عُمير بن صفوان بن الحارث بالكوفةِ.
550,565,2,وهؤلاء بنو الحارث بن حصن,5,وبالباديةِ منهم: حرملةُ بن صفوان بن الحارث في نَفرٍ يسير.
550,565,2,وهؤلاء بنو الحارث بن حصن,6,فولدَ ثعلبةُ بن الحارث بن حصن: عَمراً، وقد رأسَ، وهو الذي أَسر الأَعشى بن قيس، وله يقولُ الأَعشى:
550,565,2,وهؤلاء بنو الحارث بن حصن,7,بنو الشهر الحرامِ فلستَ منهم … ولستَ من الكِرامِ بني العُبيد
550,565,2,وهؤلاء بنو الحارث بن حصن,8,فولدَ عمرو بن ثعلبةَ: الأَحوص، وقد رأَس، وهو صاحبُ يوم الكَاهنين، وقعةُ كانت بينهم وبين صاحب ابن عبد الله يوم سيف، يومَ لَقوا الأَعاجم.
551,566,2,وهؤلاء بنو الحارث بن حصن,1,وكان إِذا ارتحلَ ارتحلتْ قُضاعةُ، وإِذا أَقامَ أَقاموا، وله يقولُ مُكيتُ بن مُعاوية بن جُزيّ بن عمرو بن ثعلبةَ:
551,566,2,وهؤلاء بنو الحارث بن حصن,2,قُضاعة إِذ تحلَّهُم يحلوا … ويرتحلون ميلا لا رِحال
551,566,2,وهؤلاء بنو الحارث بن حصن,3,وله يقولُ أَبو شملة أَحد بني الجدَّين الشيبانيّ:
551,566,2,وهؤلاء بنو الحارث بن حصن,4,وإِن تنسباني في قضاعة انتسب … إلى الأَحوص الكلبيّ غير المُنخَّل
551,566,2,وهؤلاء بنو الحارث بن حصن,5,وأُمُّ الأَحوصِ: سلمى بنت وبرة بن حصن بن ضمضم.
551,566,2,وهؤلاء بنو الحارث بن حصن,6,والأَصبغُ بن عمرو، وهو أَبو تُماضر بنت الأصبغ، أُمُّ أَبي سلمة بن عبد الرَّحمان بن عوف الزُّهري، وقد رأس، وأَدرك الإِسلام فأسلم، وكان نصرانياً، وهو أَبو الرَيَّان.
551,566,2,وهؤلاء بنو الحارث بن حصن,7,وجُريّ بن عمرو، وقد رأس، وهو الذي غزا بني القين ورئيسهم هلال القينيّ من بني حُبيّ فقتله ربيع بن زياد بن سلامة بن قيس بن نوفل بن عدي ابن جناب، فقالَ جَوَّاسُ بن القعطل:
551,566,2,وهؤلاء بنو الحارث بن حصن,8,ويوم الحجر نازلنا هلالاً … على دهشٍ وحد السيف نابي
551,566,2,وهؤلاء بنو الحارث بن حصن,9,فأقصى سيد القين بن جسرٍ … ربيعُ عنده معمعةِ الضِراب
551,566,2,وهؤلاء بنو الحارث بن حصن,10,وعُروة بن عمرو، ولم يُرأس، أُمُّهم: الرَّبابُ بنت أُنيف بن حارثةَ بن لأم بن عمرو بن طريف بن عمرو بن ثمامة بن مالك بن جدعاء بن ذُهل بن رُومان الطائيّ، بها يُعرفون.
551,566,2,وهؤلاء بنو الحارث بن حصن,11,من ولدهِ: إبراهيمُ بن الصَّلت فُزين، بن عروةَ.
552,567,2,وهؤلاء بنو الحارث بن حصن,1,وطفيلُ بن عمرو، بطن؛ أُمه: عمرةُ بنت ضبيان بن امرئ القيس من بني ماوية.
552,567,2,وهؤلاء بنو الحارث بن حصن,2,فولدَ الأَحوص بن عمرو: الفَرافصةَ، قد رأسَ، وكان نصرانياً، وعليها مات، وهو الذي تزوجَ عُثمانُ بن عفان ابنته نائلة.
552,567,2,وهؤلاء بنو الحارث بن حصن,3,وعُميرو بن الأَحوص، وقد رأسَ.
552,567,2,وهؤلاء بنو الحارث بن حصن,4,وعوف بن الأَحوص، وقد رأس.
552,567,2,وهؤلاء بنو الحارث بن حصن,5,أُمُّهم: الربابُ بنت أُنيف بن حارثة بن لأم، خَلفَ عليها بعد أَبيه. يُقالُ لِبنيها من عمرو بن ثعلبةَ، وبنتها من الأحوص ثمَّ عمرو: بنو الرَّباب.
552,567,2,وهؤلاء بنو الحارث بن حصن,6,وشريحُ بن الأَحوص، كان مطعاماً.
552,567,2,وهؤلاء بنو الحارث بن حصن,7,وليلى بنت الأَحوص، هي أُمُّ بسطام بن قيس بن مسعود بن قيس بن ذي الجدَّين الشيبانيّ.
552,567,2,وهؤلاء بنو الحارث بن حصن,8,وأُمهما: ربابُ بنت حارثةَ بن لأمٍ، يُقالُ لهذه رباب الخير، ولرباب بنت أُنيف بن حارثةَ رَباب الشَّر.
552,567,2,وهؤلاء بنو الحارث بن حصن,9,فمن بني الفرافصة: ضَبُّ، الذي زَّوج أخته نلئلة لعثمانَ بن عفانَ وله تقول حين حُملت إلى المدينةِ:
553,568,2,وهؤلاء بنو الحارث بن حصن,1,لست الذي بالله يا ضَبُّ أَنني … مُصاحبةٌ نحو المدينةِ أَركبا
553,568,2,وهؤلاء بنو الحارث بن حصن,2,وبطيح بن الفرافصة، قتلهُ بنو تغلب.
553,568,2,وهؤلاء بنو الحارث بن حصن,3,ومُريّ بن الفرافصة، هلك في الرهنِ عند كسرى. وعلقمةُ بن الفرافصة.
553,568,2,وهؤلاء بنو الحارث بن حصن,4,وعُميرُ وحسان ابني الفرافصة. وإلى بني الفرافصة العددُ.
553,568,2,وهؤلاء بنو الحارث بن حصن,5,ومن بني عُمير بن الأَحوص: نُسير لهم عددُ.
553,568,2,وهؤلاء بنو الحارث بن حصن,6,ومن بني عوف بن الأحوص: قُرطُ بن عمرو الشَّاعر، وهم قليل.
553,568,2,وهؤلاء بنو الحارث بن حصن,7,ومن بني شُريح بن الأَحوص: أَبو الطَّبعِ، وأَبو عَرام ابنا بِسام بن شُريح.
553,568,2,وهؤلاء بنو الحارث بن حصن,8,وحُذافةُ بن مَصاد بن شُريح.
553,568,2,وهؤلاء بنو الحارث بن حصن,9,وحسنةُ بن حُنيف بن مصاد.
553,568,2,وهؤلاء بنو الحارث بن حصن,10,وشُريح قُتل بالسندِ مع الحكم بن عَوانة.
553,568,2,وهؤلاء بنو الحارث بن حصن,11,ومن بني الأصبغ بن عمرو: زَبَّان بن الأَصبغ، كان شريفاً، وهو جَدُّ عبد العزيز بن مروان، أُمُّه: ليلى بنت زَبَّان.
553,568,2,وهؤلاء بنو الحارث بن حصن,12,وحُطيم بن الأَصبغ، كان فارساً ناسِكاً شاعراً.
553,568,2,وهؤلاء بنو الحارث بن حصن,13,وسعيدُ بن الأَصبغ، كان من أَمنع عُذريٍّ في زمانه، وكان شاعراً.
553,568,2,وهؤلاء بنو الحارث بن حصن,14,وسعدُ بن الأَصبغ.
554,569,2,وهؤلاء بنو الحارث بن حصن,1,ودُعيرُ بن الأَصبغ. وهُبلةُ بن الأَصبغ.
554,569,2,وهؤلاء بنو الحارث بن حصن,2,فيقالُ لمصعب ودُعيداً وعيسى وسعد بنو الحُويرفة بنت وبرة بن رُمانس بن معقل بن مُخاشن بن عمرو بن عبد ودّ.
554,569,2,وهؤلاء بنو الحارث بن حصن,3,منهم: بكرُ بن الحضرميّ بن مبذول بن زياد، كان شريفاً.
554,569,2,وهؤلاء بنو الحارث بن حصن,4,وسعيد بن زبَّان، إليه البيت.
554,569,2,وهؤلاء بنو الحارث بن حصن,5,ووثيلُ بن خُطيم بن الأَصبغ.
554,569,2,وهؤلاء بنو الحارث بن حصن,6,وزملاتُ بن حكمةَ، كان يصحبُ الوليد بن عبد الملك بن مروان ويُضحكه.
554,569,2,وهؤلاء بنو الحارث بن حصن,7,ومن بني حُريّ بن عمرو: عقيلُ بن حُريّ، كان شريفاً، وله يقول سُويدُ مُنيواء الكلبيّ، وهم من بني نهد:
554,569,2,وهؤلاء بنو الحارث بن حصن,8,لَعمري وما عمري عليَّ بهيِّنٍ … لَنعم الفتى ذات الغناءِ عقيلُ
554,569,2,وهؤلاء بنو الحارث بن حصن,9,وابنهُ حُجر بن عقيل، كان له أُكلٌ مع بني أُميَّة.
554,569,2,وهؤلاء بنو الحارث بن حصن,10,ومكيتُ بن معاوية بن حُريّ الشَّاعر.
554,569,2,وهؤلاء بنو الحارث بن حصن,11,ومن بني عروةَ: أَبو الطفيل، كان شريفاً، وهو الأَصمّ، وإليه العدد، وهو الذي يقولُ لعليّ بن أَبي طالبٍ ﵇ وكانت بكر بن وائلٍ قد أَغارت على إِبلٍ له فأَتوا بها الكوفةَ، فقدمَ عليّ بن أَبي طالب ﵇ فذكرَ له ظلامته وقال:
555,570,2,وهؤلاء بنو الحارث بن حصن,1,أَخشن شُنَّ علي من بعض اللَّمم … في غدرةٍ سبعاً من مال الأَمم
555,570,2,وهؤلاء بنو الحارث بن حصن,2,أَتاك يشكو رقمةَ من الرَّقم … دَماً ومالاً أَخذوا من غير دمِ
555,570,2,وهؤلاء بنو الحارث بن حصن,3,فأَنت بعد الله كهف المقتصم … والآخذ الحقَّ من الأقوى الخصمْ
555,570,2,وهؤلاء بنو الحارث بن حصن,4,"فقال أَمير المؤمنين عليّ بن أَبي طالب ﵇ : "" أَدللْ إِبلك فهيَ لكَ حيثُ وجدتها "" فأَخذ عامتها ""."
555,570,2,وهؤلاء بنو الحارث بن حصن,5,وضمضم بن طُفيلٍ.
555,570,2,وهؤلاء بنو الحارث بن حصن,6,وثعلبةَ، ونوفل، كان فارساً، قتله بنو عجل بحُدير بن نُعيم العجليّ، وقد قال في ذلكَ شعراً.
555,570,2,وهؤلاء بنو الحارث بن حصن,7,وعائشُ بن ثعلبة بن طُفيل، قتلتهُ بنو عجل.
555,570,2,وهؤلاء بنو الحارث بن حصن,8,وقوَّال بن أَبي الطُفيل، قتيل بني الرَّباب، وفيه يقول جُوَّاش بن الطُفيل:
555,570,2,وهؤلاء بنو الحارث بن حصن,9,تبقى حُزابة قوَّال ومصرعة … بني أُبي وما تبقى الدنانيرُ
555,570,2,وهؤلاء بنو الحارث بن حصن,10,وأَبو نُهيك، المُساور بن سريع بن أَبي الشَّاعر.
555,570,2,وهؤلاء بنو الحارث بن حصن,11,ومن بني سُويد بن الحارث بن حصن: جوَّاس بن القعطل بن سويد، وآسم القعطل: ثابت، قال فيه الطائيُّ:
556,571,2,وهؤلاء بنو ربيعة بن حصن,1,""" وقعطل لي حتى سئمت مكانيا "" والقعطلةُ، والخذلمةُ كثرة الكلام."
556,571,2,وهؤلاء بنو ربيعة بن حصن,2,والخذلمُ من بني أسدٍ، سمي خذلماً بكثرة كلامهِ.
556,571,2,وهؤلاء بنو ربيعة بن حصن,3,والهَّندوانيّ، وهو زيد، وكان فارساً.
556,571,2,وهؤلاء بنو ربيعة بن حصن,4,ودحيةُ بن القعطل، ولهُ يقول سويد: :
556,571,2,وهؤلاء بنو ربيعة بن حصن,5,أَما ترضى بِدحية دونَ زَيدٍ … وعزَّ عليَّ لو غُلق الرَّهينُ
556,571,2,وهؤلاء بنو ربيعة بن حصن,6,سلامةُ جدُّهُ وأَبوهُ حصنٌ … إذا اجتمعَ الغمائم والشُّؤونُ
556,571,2,وهؤلاء بنو ربيعة بن حصن,7,ومكعتُ بن سويد، إليه تنسب الخيل المكعتيَّة، وفيها يقولُ الأَحمرُ بن شجاع بن دحية بن القعطلِ:
556,571,2,وهؤلاء بنو ربيعة بن حصن,8,جميليَّة أوشى بها مكعتيَةُ … لآثارها في كلمها البيد عثيرَ
556,571,2,وهؤلاء بنو ربيعة بن حصن,9,نَسبها إلى جميل بن عيَّاش بن حبيب بن إِساف بن هُذيم بن عديّ بن جناب الكلبيّ.
556,571,2,وهؤلاء بنو ربيعة بن حصن,10,والأَحمرُ بن شجاع بن دحية بن القعطل الشَّاعر.
556,571,2,وهؤلاء بنو ربيعة بن حصن,11,وثبيبُ بن الجُلاسِ بن القعطل الشاعر.
556,571,2,وهؤلاء بنو ربيعة بن حصن,12,وشُريح بن جَوَّاس بن القعطل الذي يقولُ:
556,571,2,وهؤلاء بنو ربيعة بن حصن,13,إقرأ على عمرو السلام وقل لهُ … ما بالكرامةِ والهوان خفاءُ
556,571,2,وهؤلاء بنو ربيعة بن حصن,14,هؤلاء بنو الحارث بن حصن
556,571,2,وهؤلاء بنو ربيعة بن حصن,15,وهؤلاءِ بنو رَبيعةَ بن حصن
556,571,2,وهؤلاء بنو ربيعة بن حصن,16,وولدَ ربيعةُ بن حصن بن ضمضم: جعولاً، وكان فارساً، ولهُ يقولُ نابغة
557,572,2,وهؤلاء بنو عليص بن ضمضم,1,بني ذُبيان بن بغيض:
557,572,2,وهؤلاء بنو عليص بن ضمضم,2,يا لهفَ نفسي بعدَ شُربة جعولٍ … الأَّ أَلاقيها ورهطَ عِرارِ
557,572,2,وهؤلاء بنو عليص بن ضمضم,3,وجُشمُ بن ربيعةَ.
557,572,2,وهؤلاء بنو عليص بن ضمضم,4,منهم: أَبو الخطَّار، الحُسامُ بن ضرار بن سلامان بن جُشم، كان فارسَ النَّاس بأَفريقية، وهو الذي يقول لبني مروان:
557,572,2,وهؤلاء بنو عليص بن ضمضم,5,أَقادت بنو مروان قيساً دماءنا … وفي اللهِ إِن لم تنصفوا حكم عدل
557,572,2,وهؤلاء بنو عليص بن ضمضم,6,هؤلاءِ بنو حصن بن ضمضم.
557,572,2,وهؤلاء بنو عليص بن ضمضم,7,وهؤلاءِ بنو عُليص بن ضمضم
557,572,2,وهؤلاء بنو عليص بن ضمضم,8,وولدَ عُليصُ بن ضمضم: حارثة، وجبلةَ، بطنان.
557,572,2,وهؤلاء بنو عليص بن ضمضم,9,منهم: عبد الله بن الجعد بن أُبل بن حارثةَ الشاعر.
558,573,2,وهؤلاء بنو نهشل بن عدي,1,"والدُّعيل بن عصام بن حُصين بن مُدلج بن حارثةَ الفيض، الذي يقول فيه رجل من تيم الله بن ثعلبة: "" مخافة اللَّيل الدَّعيل بن عصام "" ومُعرِّضُ بن جبلة بن عُليص، بطن، الذي يقولُ لهُ نابغةُ بني جعدةَ:"
558,573,2,وهؤلاء بنو نهشل بن عدي,2,أَلاَّ أُلاقيها ووجرة ضامرٍ … ومُعرِّض بعدو على الإِدبار
558,573,2,وهؤلاء بنو نهشل بن عدي,3,ومعرضٌ هو الحاجز، ولهُ يقول سويد بن الحارث
558,573,2,وهؤلاء بنو نهشل بن عدي,4,أَقسمتُ الأُ عطيك حقاً ظلامةً … ولا حاجزاً ما أثقلت فعلها قدم
558,573,2,وهؤلاء بنو نهشل بن عدي,5,هؤلاءِ بنو ضمضم بن عديّ
558,573,2,وهؤلاء بنو نهشل بن عدي,6,وهؤلاءِ بنو نهشل بن عَديّ
558,573,2,وهؤلاء بنو نهشل بن عدي,7,وولد نهشلُ بن عديّ بن جناب: جَندلاً، بطن، أُمهُ: ماريةُ بنت مالك بن عبد مناة بن هُبل، وهو أَخو حصن بن ضمضم من أُمِّه.
558,573,2,وهؤلاء بنو نهشل بن عدي,8,فمن بني جندلٍ: المنذرُ بن درهم بن أُنيس بن جندلٍ الشَّاعر.
558,573,2,وهؤلاء بنو نهشل بن عدي,9,وكان أَنيس بن جندل من رجال بني عَديّ، ولهما يقولُ امرؤُ القيس بن حُجر الكنديّ:
558,573,2,وهؤلاء بنو نهشل بن عدي,10,من مبلغٌ عنيَّ أُنيس بن جندلٍ … أَخا طارق والقول ذُو فقيانِ
558,573,2,وهؤلاء بنو نهشل بن عدي,11,فلا تُوعدوني للقتالِ فإِنني … جمعتُ سلاحي رهبة الحدثانِ
558,573,2,وهؤلاء بنو نهشل بن عدي,12,والحطيم بن العرباض، كان فارساً.
558,573,2,وهؤلاء بنو نهشل بن عدي,13,وعبد الله بن أَقعس بن طارق بن جندل، الذي يقولُ:
559,574,2,وهؤلاء بنو تويل بن عدي,1,سيري واتركي أَذناب كلبٍ … وامي الدَّوس إِنَّكِ من ذُراها
559,574,2,وهؤلاء بنو تويل بن عدي,2,"وخولةُ بنت الحُصين بن جندل التي يُشبِّبُ بها طرفةُ بن العبد بن سُفيان بن سعد بن ضُبعة بن قيس بن ثعلبةَ: "" لخولة أَطلالٌ ببرقة ثهمدِ "" وهي أُمُّ حُجر بن خالد بن محمود بن بشر بن عمرو بن مَرثدٍ."
559,574,2,وهؤلاء بنو تويل بن عدي,3,هؤلاءِ بنو نَهشل بن عديّ
559,574,2,وهؤلاء بنو تويل بن عدي,4,وهؤلاءِ بنو تُويل بن عدي
559,574,2,وهؤلاء بنو تويل بن عدي,5,وولدَ تُويلُ بن عديّ بن جناب: قيساً، وعُطيفاً الشَّاعر، الذي يقولُ يوم سيف:
559,574,2,وهؤلاء بنو تويل بن عدي,6,حسبنا الكبشَ يضربُ حاجبيهِ … وقلَّص قومنا بالقيروانِ
559,574,2,وهؤلاء بنو تويل بن عدي,7,من بني كعب بن عبد الله.
559,574,2,وهؤلاء بنو تويل بن عدي,8,وجبلةَ، وحصناً، أُمُّهما: العدويَّةُ هند بنت عمرو بن عامر بها يُعرفون.
559,574,2,وهؤلاء بنو تويل بن عدي,9,منهم: الرَّبيع بن زياد بن سلامة بن قيس بن نوفل، كان فارساً، وهو الأعرج الذي قتلهُ بنو أَبي ربيعةَ بن ذُهل بن شيبان في زمن العرَّادةِ.
559,574,2,وهؤلاء بنو تويل بن عدي,10,وأخوتُهُ: عمارة، وقيسٌ، وأَنسٌ، بنو زياد، كانوا فرساناً.
559,574,2,وهؤلاء بنو تويل بن عدي,11,فحملَ ديةَ الربيع معدانُ بن حوَّاش بن عروة بن المُضرِّب بن غاضرة السَّكونيّ، وقالَ:
559,574,2,وهؤلاء بنو تويل بن عدي,12,تداركتُ أَخوالي من الموت بعدما … تشاووا ودقَّوا بينهم عطر منشمِ
560,575,2,وهؤلاء بنو هذيم بن عدي,1,ومنهمُ: دعمةُ بن ضيعم بن جُحيشة بن ربيع الشاعر؛ وكان جُحيشةُ شريفاً.
560,575,2,وهؤلاء بنو هذيم بن عدي,2,وقعاس بن قرط بن قيس بن زياد، كان فارساً أَيام المرج شاعر.
560,575,2,وهؤلاء بنو هذيم بن عدي,3,وأَخوه الحوساء، الذي حكمتهُ بنو الرَّباب في دم قوَّال بن أَبي الطُّفيل.
560,575,2,وهؤلاء بنو هذيم بن عدي,4,"والمعفور بن كردم بن عمير بن سلامة بن قيس لهُ يقول الشاعرُ: "" اسقِ دَلولا من دُلا المعفورِ "" وعَديُّ بن غُطيف بن توبل الشاعر."
560,575,2,وهؤلاء بنو هذيم بن عدي,5,وابنهُ جُشمُ، وهو الرَّقاص، وهو الذي يقول لمسعور بن بحر الزُّهيريّ:
560,575,2,وهؤلاء بنو هذيم بن عدي,6,حملت على الرَّقاصِ ثقلا ولم يكن … ليحملهُ ما دام في الناس حازمُ
560,575,2,وهؤلاء بنو هذيم بن عدي,7,والحُراقُ بن حصين بن عرار بن نابل بن توبل، الذي استنقذ مروان يوم مرج راهطٍ، وله يقول جَوَّاس:
560,575,2,وهؤلاء بنو هذيم بن عدي,8,ألا ليس امرؤُ من حزب حصنٍ … أَضاع قرابتي وحبا حُراقا
560,575,2,وهؤلاء بنو هذيم بن عدي,9,وهؤلاءِ بنو تُويل بن عديّ
560,575,2,وهؤلاء بنو هذيم بن عدي,10,وهؤلاءِ بنو هُذيم بن عدي
560,575,2,وهؤلاء بنو هذيم بن عدي,11,وولد هُذيم بن عديّ بن جناب: إسفاً، وحارثةَ، ومنحاساً، والفُريش فصاروا سُودان.
561,576,2,وهؤلاء بنو هذيم بن عدي,1,فمن بني هُذيم: جَميل بن عياش بن شبث بن إساف، إليه البيت، وإليه تُنسبُ الخيل الجميلة.
561,576,2,وهؤلاء بنو هذيم بن عدي,2,وابنه سعد بن جميل، كان على الجمى أَيام معاوية بن أَبي سفيان، وكان حولي لمعاوية بن أَبي سفيان؛ والحوليّ الذي يلي حَمى الخيل والإِبل للخلفاء والملوك.
561,576,2,وهؤلاء بنو هذيم بن عدي,3,وخالد بن أَرطاة بن حُسين بن شبيب، الذي نافر جرير بن عبد اللهِ البجليّ في الجاهليَّةِ.
561,576,2,وهؤلاء بنو هذيم بن عدي,4,وعبد الله بن دارم بن عديّ بن حبلة بن إسافٍ الشاعر، وكان حبلةُ يُدعى الفاروق، وسُمي بذلك لقول عُطيف بن تويل:
561,576,2,وهؤلاء بنو هذيم بن عدي,5,حين سعى الفاروق في قومه … سعى امرئ في قومه مُصلح
561,576,2,وهؤلاء بنو هذيم بن عدي,6,وحبالُ بن حصن بن الصَّدي بن عدي بن حيلة الشاعر، كان صاحب حمالةَ.
561,576,2,وهؤلاء بنو هذيم بن عدي,7,ونعمان بن حصن بن إِساف، كان شريفاً، وله يقولُ ابن العدَّاء الأجداريّ:
561,576,2,وهؤلاء بنو هذيم بن عدي,8,ما في هُذيمٍ من شَريفٍ أَعدهُ … إذا طلبت منيِّ جميلٌ ودارمُ
561,576,2,وهؤلاء بنو هذيم بن عدي,9,ونعمان أَربى القوم عندي ولم يكن … لأُوقظهُ لو جئتهُ وهو نائمُ
561,576,2,وهؤلاء بنو هذيم بن عدي,10,والأصبغ بن ثُمامة بن مُنحاس، الذي ضرب ابن العدَّاء حتى سلح.
561,576,2,وهؤلاء بنو هذيم بن عدي,11,ومُحرز بن حُريث بن مسعود بن هُذيم، وهو الذي استنقذ مروان يوم مرج راهط.
562,577,2,بنو عليم بن جناب,1,هؤلاءِ بنو عديّ بن جناب
562,577,2,بنو عليم بن جناب,2,وهؤلاءِ
562,577,2,بنو عليم بن جناب,3,بنو عُليم بن جناب
562,577,2,بنو عليم بن جناب,4,وولدَ عُليمُ بن جناب: كعباً، فيهِ العدد والشرف، قتلهُ بنو سعد.
562,577,2,بنو عليم بن جناب,5,وهُذيماً، وعدياً، دَرَج، وعوفاً، ومخزوماً، درجا، أُمُّهم: رقاشِ بنت المُذمِّ، من بني عامر بن عوف.
562,577,2,بنو عليم بن جناب,6,وعبد الله وقد رأس بعدَ زُهير بن جناب، وكان أَول من حالف عليهِ.
562,577,2,بنو عليم بن جناب,7,وعبيداً، وهو مُعيط، وهم أَهل أَبيات.
562,577,2,بنو عليم بن جناب,8,أُمُّهما: ثعلبةُ بنت ذُهل بن بكر بن أَبي سُود بن زيد اللاَّت بن رفيدةَ.
562,577,2,بنو عليم بن جناب,9,فولدَ كعب بن عُليم: حصناً، بطن، ومعاداً، بطن. ومعقَّلاً، بطن، وأبا حُجيَّة، بطن، ومالكاً، بطن أُمهم: نثلةُ بنت مالك بن عمرو بن ثُمالةَ الطائيّ إليها يُنسبون؛ ولهم يقول الغول الطَّهويّ:
562,577,2,بنو عليم بن جناب,10,جزى اللَّهُ عنَّا نثلةً صالحاً، فتىً … ناشئاً من آل نثلة أَو كهلَا
562,577,2,بنو عليم بن جناب,11,وجابراً، بطن، وقيساً، بطن، وعدياً، بطن؛ أُمهم: زيدُ بنت مالك بن عميَّث بن عدي بن عبد الله، إِليها يُنسبون.
562,577,2,بنو عليم بن جناب,12,قال الحُسين بن عليّ بن أَبي طالبٍ ﵇ :
563,578,2,بنو عليم بن جناب,1,أُحبُّ لُحيَّها زيداً جميعاً … ونثلةَ كُلها وبني الرَّبابِ
563,578,2,بنو عليم بن جناب,2,وأَخوالاً لها من آل لأمٍ … أُحبهم وطرَّبني جنابُ
563,578,2,بنو عليم بن جناب,3,فمن بني حصنُ: الرَّبيع بن مسعود بن مصاد بن حصن، وقد رأس هو وأَبُوه.
563,578,2,بنو عليم بن جناب,4,وقتلت بنو عبسٍ مسعوداً يوم عُراعر، إليهم البيت.
563,578,2,بنو عليم بن جناب,5,وقُتل من بني عبسٍ ذلك اليوم الحارثُبن زهير بن جذيمةَ.
563,578,2,بنو عليم بن جناب,6,من ولدهِ: شُعيث، وعوف، وفريص، وجريّ بنو الرَّبيع بن مسعود قد رأَسوا كُلهم وكانوا أَشرافاً.
563,578,2,بنو عليم بن جناب,7,وعرارُ بن عرقجة بن مصاد لهُ يقول النَّابغةُ الذُّبيانيّ:
563,578,2,بنو عليم بن جناب,8,يا لهف أُمي بعد شُربة جعولٍ … أَلاَّ أُلاقيها ورهط عرارِ
563,578,2,بنو عليم بن جناب,9,فقتلت بنو فزارةُ عرفجةَ، فقال الفزاريُّ:
563,578,2,بنو عليم بن جناب,10,ضربنا بذي السيفين وسط الرُّهجةَ … كضربِ حسَّان بن حصنٍ عرفجة
563,578,2,بنو عليم بن جناب,11,وهو حسان بن حصن بن حُذيفة.
563,578,2,بنو عليم بن جناب,12,من ولده: مسعود بن حصن بن عرار بن عرفجة، كان سيداً مع عبدِ الملكِ بن مروان.
564,579,2,بنو عليم بن جناب,1,وأَخوه: جُميع بن حصن، كان الحجاجُ قد حَبسهُ فافتكَّهُ الاسودُ بن دُريج بن الحارث بن تيم اللَّهِ.
564,579,2,بنو عليم بن جناب,2,وصالح بن لأَم بن حصن بن كعب بن عُليم قد رأس.
564,579,2,بنو عليم بن جناب,3,أُمُّهما: نَوارُ بنت عُليص بن ضمضم بن عديّ بن صُباب، بها يعرفون، قتلا في حربٍ كانت بينهم وبين بلقين.
564,579,2,بنو عليم بن جناب,4,وصالحُ الذي قامر طريفاً خال زُهير بن أَبي سُلمى، وفي ذلك يقول زهير:
564,579,2,بنو عليم بن جناب,5,فأَبلغ صالحاً عَنَّي ابن لأمٍ … وبعض القولِ ليس لهُ خفاءُ
564,579,2,بنو عليم بن جناب,6,وحارثةُ وحصن ابنا قطن بن لأم بن حصن بن كعب بن عُليم الوافد على النبي ﷺ ، وكتب لهُ كتاباً.
564,579,2,بنو عليم بن جناب,7,وعقيلُ بن سَّان بن قيس بن جبلة بن لأم بن حصن، وهو ابن الزكوك، قتلتهُ طَيَّئ بعليّ الطائيّ، فذاك قول جوشنُ:
564,579,2,بنو عليم بن جناب,8,فيا عقيل في عليّ فأصبحت … قُضاعة تبكي حول حسان مأتما
564,579,2,بنو عليم بن جناب,9,وربيعةُ بن حصن بن مُدلج بن حصنٍ الشاعر الذي يقولُ:
564,579,2,بنو عليم بن جناب,10,ولكنِّي ربيعةُ بن حصنٍ … فقد علم الفوارسُ ما منابي
565,580,2,بنو عليم بن جناب,1,وعبدُ الجبار بن يزيد بن ربيعةَ بن حصنٍ، وهو دليلُ يزيد بن المُهلَّب الذي يقول:
565,580,2,بنو عليم بن جناب,2,أَلا جعل اللهُ الأَخلاَّءَ كُلهم … فداءً على ما كان لابن المُهلَّبِ
565,580,2,بنو عليم بن جناب,3,وزُبيدُ بن مسعود بن جبلة بن حصن، وكان يُدعى الفاروق، ولهُ يقولُ الشاعر:
565,580,2,بنو عليم بن جناب,4,أَلا هَلَك الفاروق فليبكِ من بكى … زُبيدَ بن مسعودٍ أَخا الباعِ والندا
565,580,2,بنو عليم بن جناب,5,ومن بني معاد بن كعب بن عُليم: زَبَّان بن أُنيف بن عُبيد.
565,580,2,بنو عليم بن جناب,6,والرَّبابُ بنت أُنيف.
565,580,2,بنو عليم بن جناب,7,ولهُ يقول الفرزدَقُ:
565,580,2,بنو عليم بن جناب,8,ولو كان زَبَّان العليمي جارها … وقيس بن شخطي أَصعدت لم تُقسَّمِ
565,580,2,بنو عليم بن جناب,9,وطوقُ بن أُنيف بن زبَّان، وليَ دُومةَ.
565,580,2,بنو عليم بن جناب,10,وحضرمة بن زبَّان، كانت ابنتهُ عند يزيد بن الوليد بن عبد الملك القَدريّ.
566,581,2,بنو عليم بن جناب,1,والمُسوِّرُ بن عوف بن أُنيف، دليلُ عبد الله بن إسحاق بن الأشعث، فأخذهما عبد الملك فقتلهما.
566,581,2,بنو عليم بن جناب,2,وفروةُ بن الريَّان وهو مصاد بن عُبيد بن مصاد الذي قتل غزالة امرأة شبيب بالسَّبخةِ.
566,581,2,بنو عليم بن جناب,3,والمُليس بن سعدانةَ بن مصاد الذي يقولُ لهُ الشاعرُ:
566,581,2,بنو عليم بن جناب,4,تَمنَّاني المُليسُ فيا لقومي … ليقتلني على صمي صمام
566,581,2,بنو عليم بن جناب,5,وبالحيرةِ قومُ من بني خليفة بن مصاد قدموا مع أُكيدر بن عبد الملك أَيام خرجوا من دومة.
566,581,2,بنو عليم بن جناب,6,ومطرِّفُ بن مالك بن درهم بن مصادٍ الشاعر.
566,581,2,بنو عليم بن جناب,7,ومن بني مالك بن كعب بن عُليم: سعيدُ، ومعاذُ، وعبد الملك بنو مالك بن يزيد بن مالك بن كعب وهم أَشرافٌ من بني عُليم بن جناب.
566,581,2,بنو عليم بن جناب,8,ولسعيدٍ يقولُ الشاعرُ:
566,581,2,بنو عليم بن جناب,9,جزى اللهُ خيراً كلما درَّ شارقٌ … سعيد عُليم لا سعيد بن بحدلِ
566,581,2,بنو عليم بن جناب,10,قُتل أَبوهم مالك يوم صفَّين مع معاوية ومعه اللواء.
566,581,2,بنو عليم بن جناب,11,وسويدُ بن شبيب بن مالك بن كعب الشاعر الجاهليّ.
566,581,2,بنو عليم بن جناب,12,وأبو الأجدلِ، وأَبو الدهماءِ الرَّاجزان.
567,582,2,بنو عليم بن جناب,1,ومن بني معقل بن كعب بن عُليم: سعدانةُ بن حارثةَ بن معقل، وهو أَحد بيوت بني عُليم.
567,582,2,بنو عليم بن جناب,2,من ولده: سعيدُ بن عُبيد بن حصين بن سعدانة، كان شريفاً، وهو الذي هجاه منذرُ بن درهم. فقال فيه:
567,582,2,بنو عليم بن جناب,3,فتطردُ عن حوضي سعيد ضواربا … ليجزي بيومِ الكمع يوم عصيصاً؟
567,582,2,بنو عليم بن جناب,4,وحملُ بن سعدانة، وفد على النبي ﷺ فعقد لهُ لواءاً.
567,582,2,بنو عليم بن جناب,5,ودينارُ بن نُعيم بن حُصين بن سعدانة، كان عبدُ الملك بن مروان أَصحبه عبد العزيز، فرأى منه جفوةً فكتبَ إلى عبد الملك:
567,582,2,بنو عليم بن جناب,6,أَبلغ أَمير المؤمنين ودُونَه … فراسخ تطوي الطُرق وهو حديُد
567,582,2,بنو عليم بن جناب,7,بأَني لدى عبد العزيز مؤَخَّرٌ … يُقدمُ قبلي راسبٌ وسعيدُ
567,582,2,بنو عليم بن جناب,8,وقد كنتُ أَدنى في القرابة منهما … وأَشرفُ إِن كنت الشَّريفَ تُريدُ
567,582,2,بنو عليم بن جناب,9,فكتب عبد الملك إلى عبد العزيز أَن يُفضِّلهُ ويُكرِّمهُ.
567,582,2,بنو عليم بن جناب,10,ومنهم: أَبو حَملٍ، أَحد بني حُصين بن سعدانةِ وهو الذي أَهدى الفَطرَ
568,583,2,بنو عليم بن جناب,1,لعبد الله بن الزُّبير، فأَتاهُ وعنده زُفر بن الحارث الكلابيّ، فقال زُفرُ يُحرضُ ابن الزَّبير على صلتهِ شعراً وهو:
568,583,2,بنو عليم بن جناب,2,ألا أَبلغ أَبا جملٍ رسولاً … فقد أَهديت فطرك من بعيدِ
568,583,2,بنو عليم بن جناب,3,فأَنت المرءُ تُعطي كلَّ خيرٍ … وتجبي بالولائدِ والعبيدِ
568,583,2,بنو عليم بن جناب,4,"فقال خالد: "" فواللَّهِ ما أَثابهُ شيئاً وقد حملهُ إِليهِ من السَّماوةِ."
568,583,2,بنو عليم بن جناب,5,"وزعمَ خالدُ بن سعيد عن أَبيه قال: "" جَمل بن سعدانة الذي يقولُ: "" لبِّث قليلاً يُدرك الهَيجا حَمَل "" وقد شهدَ مع خالد بن الوليد مشاهده، والذي صرفه عن أَرضِ كلب."
568,583,2,بنو عليم بن جناب,6,ومنهم: قُبيسُ بن الخُنيف بن مسعود بن حارثة بن معقل، كان فارساً في الجاهليَّة.
568,583,2,بنو عليم بن جناب,7,وقيس بن أَبي شحطيّ وهو زيد مناة بن معقل، ولهُ يقولُ الطيئ:
568,583,2,بنو عليم بن جناب,8,أأعجبك الزخرف رحل قيس … أَلا فتح النَمارق والشَّليل
568,583,2,بنو عليم بن جناب,9,ومن بني جابر بن كعب بن عُليم: امرؤُ القيس بن عديّ بن أوس ابن جابر، وقد رأس هو وأَبوه، وهو الذي أسرَ الدَّعَّاء بن عمرو، أخا مفروق، بن عمرو بن بكر بن وائل.
568,583,2,بنو عليم بن جناب,10,وعَديُّ بن أَوس، وهو أَبو حُجير الذي أَغار على بني أَسيدٍ يوم الرَّحبة.
569,584,2,بنو عليم بن جناب,1,وامرؤُ القيس الذي وفد على عمر بن الخطاب، وهو نصرانيّ، فعقد لهُ عُمر على خُيول قُضاعة فما أُريَ رجل لم يُصلِّ قط عُقد لهُ على قومٍ مسلمينَ قبله.
569,584,2,بنو عليم بن جناب,2,وهو الذي تزوَّجَ بناته عليُّ والحسنُ والحُسينُ، وله يقولُ القعقاعُ بن درماء، وهو القعقاع بن حُريث بن حكيم بن سلامة بن محصن بن جابر، وهي سبيَّة من تميم، ولطمه امرؤُ القيس فطلب بلطمته فلم يعط فلحقَ ببني بُحترُ من طيَّئٍ فنزلَ على أُنيف بن مسعود بن قيس بن عَتَّاب بن أَبي حارثةَ بن جُديّ بن تدوُل بن بُحتر في الجاهلية، فطرب إلى أَهله فقال:
569,584,2,بنو عليم بن جناب,3,تَبصَّر يا بن مسعود بن قيس … بعينك هل ترى ظُعن العكينِ
569,584,2,بنو عليم بن جناب,4,خرجنَ من الغمارِ مُشرِّفات … تميلُ بهُنَّ أَرواحُ العهُونِ
569,584,2,بنو عليم بن جناب,5,بديل يا امرأ القيس استقلَّت … رعان غوارب الجبلين دُوني
569,584,2,بنو عليم بن جناب,6,ومن ولده: الحُرُّ بن امرئ القيس، كان شريفاً، وهو الذي نافر زَبَّان بن الأبرد بن مصاد بن عديّ بن أَوس بن جابر، والبيت اليوم في بني زَبان؛ فجعلا بينهما ابن العدَّاءِ الأجداريّ فصَّلَّ زبَّان على الحُرِّ.
569,584,2,بنو عليم بن جناب,7,وكانت أُمُّ زبَّان هند بنت ربيع بن مسعود بن مصاد بن حصن بن
570,585,2,بنو عليم بن جناب,1,كعب بن عُليم؛ وكانت أُمُّ الحرِّ بنت وبرة بن رومانس، من بني عبد ودّ، أَخي النُّعمان، فقال ابن العدَّاء:
570,585,2,بنو عليم بن جناب,2,أَقول يا بن امرئ القيس قد جرت … جيادُك أو لم تلتبس بجيادي
570,585,2,بنو عليم بن جناب,3,وكأنَّما جاريتَ كُلَّ مواطنٍ … فرأيته للناظرين حماد
570,585,2,بنو عليم بن جناب,4,وأبيضَ وضَّاحٍ جلا عن جبينهِ … ربيع وآل الأبردِ بن معادِ
570,585,2,بنو عليم بن جناب,5,وقد رأس مصاد، وأغار على بني العنبر من جُذام، وكان يُدعى الأخرس عند القتالِ، وهو أَحد بيوتِ بني عُليم.
570,585,2,بنو عليم بن جناب,6,ومنهم: مالكُ بن دلهم بن عُمير بن مالك بن سلامة بن الحكم بن حصن بن جابر بن كعب بن عُليم، ولي مِصر.
570,585,2,بنو عليم بن جناب,7,ومنهم: عَليُّ بن مُقرِّن بن علوان بن ربيع بن امرئ القيس، وليَ صَدقاتِ كلب ودومةَ.
570,585,2,بنو عليم بن جناب,8,ومنهم: القصامُ، وهو سعيدُ بن سويد بن ربيع بن امرئ القيس، ولاَّهُ عبد الملك بن مروان دُومة، وكان شديداً على كلب، فسمِّى القصَّام، فقال رجلٌ من كلب:
570,585,2,بنو عليم بن جناب,9,وما تركَ القصَّامُ غير حمولةٍ … وشقٍ بهِ يُرجى ومالٍ لها رغدا
571,586,2,بنو عليم بن جناب,1,والمرعشُ، وهو حملُ بن مسعود بن نُعيم بن جبلة بن زيد مناة بن أَوس بن جابر الذي كان يُهاجي سعفرة الكلبيّ، من بني أَبي سود بن زيد اللاَّت.
571,586,2,بنو عليم بن جناب,2,ومن بني عديّ بن كعب بن عُليم: رأس الطِّين وهو رثة بن عديّ بن كعب بن عُليم، كان شريفاً، وهو الذي أسر الرث بن قيس من بني كنانة بن تيم بن أُسالك بن بكر بن حبيب التغلبيّ فأطلقه فقالَ:
571,586,2,بنو عليم بن جناب,3,ألا إِني لعبد بني عُليمٍ … ولستُ لسائر الأَقوام عبدا
571,586,2,بنو عليم بن جناب,4,ولو أَنَّي أُخير في مَعدِّ … لأَخلدَ فيهم لاخترتُ زيدا
571,586,2,بنو عليم بن جناب,5,ومريُّ بن ربيعة بن حصن بن عَديّ، وهو فارسُ ربيعة.
571,586,2,بنو عليم بن جناب,6,وفراسٌ ابن أَخيهما، ولهُ يقولُ ابنُ الرِّقاع:
571,586,2,بنو عليم بن جناب,7,فما سقاها فراسٌ من ركيَّته … ولا بنو هوبر ما يملأوا الصَدما
571,586,2,بنو عليم بن جناب,8,وربيعةُ بن حصن الشاعر.
571,586,2,بنو عليم بن جناب,9,ومن بني أُحيحة بن كعب بن عُليم: الجعيس، وهو حسَّانُ بن أَبي أُحية، كان فارساً، وله يقولُ ابنُ عمٍّ لهُ حمالةً:
571,586,2,بنو عليم بن جناب,10,أَعيا علينا من يقومُ بحملها … حتَّى تحمَّلها الفتى ابنُ الجعيس
571,586,2,بنو عليم بن جناب,11,حتَّى تحمَّلها أَغرُّ سميدعٌ … لبيسٌ بأخلاقِ الكرامِ مُكيَّسِ
571,586,2,بنو عليم بن جناب,12,ومن بني قيس بن كعب بن عُليم: صالحُ بن قيس، وكان مُجاوراً في بني عامر فقتلوه وأَخذوا ابنا لهُ فقال بِشرُ بن أَبي خازم الأسديّ:
571,586,2,بنو عليم بن جناب,13,وهنبةُ صفحٍ بالحياءِ مُلمةٍ … لها يلقٌ فوق الرؤُس مُشهَّرُ
572,587,2,بنو عبد الله بن عليم,1,ومنهم: ريةُ بن مشجعةَ بن قيس، كان شريفاً، أَسر بحر الجرميّ من بني تغلب، فمرَّ به خُفافُ بن امرئ القيس بن كعب تاجراً في الحرمِ فنزلِ على بحر الجرميّ فأخذه، فافتداه منه ابن رأس الطِّين.
572,587,2,بنو عبد الله بن عليم,2,ويزيد بن قيس بن سبرة بن قيس بن كعب بن عُليم، قُتل يوم صفَّين مع معاوية بن أَبي سُفيان ومعه اللَّواء.
572,587,2,بنو عبد الله بن عليم,3,هؤلاءِ بنو كعب بن عُليم
572,587,2,بنو عبد الله بن عليم,4,وهؤلاءِ
572,587,2,بنو عبد الله بن عليم,5,بنو عبد الله بن عُليم
572,587,2,بنو عبد الله بن عليم,6,وولدَ عبد الله بن عُليم: سلامةَ إِليه البيت منهم والعدد.
572,587,2,بنو عبد الله بن عليم,7,وامرأ القيس، وعبدَ يغوث يقال لهما: ابنا فَروةَ بها يُعرفون.
572,587,2,بنو عبد الله بن عليم,8,ولهى في بني عامر بن عوفٍ.
572,587,2,بنو عبد الله بن عليم,9,وثعلبةَ وهو الأعرجُ، كان فارساً، وهو الذي طلبَ بدم كعب بن عُليم، وقتلته بنو سعد هُذيم، فقتل به منهم ثمانيةَ.
572,587,2,بنو عبد الله بن عليم,10,ومعاويةَ، ولوذان، ومُناهشاً، وخيبريَّاً، وهلالاً، لأُمهاتٍ شتَّى.
572,587,2,بنو عبد الله بن عليم,11,وزيداً، ويزيد، وحبيباً، وحُريشاً، وجُريشاً، وعُريجاً، وعُويجاً، يقالُ لهؤلاءِ السبعة بنو سُعدى بها يُعرفون؛ وكانت سُعدى أَمةً لحارثة بن جناب.
572,587,2,بنو عبد الله بن عليم,12,فمن بني عبد الله بن عُليم: عديُّ بن جبلة بن سلامة بن عبد الله بن عُليم، قد رأس، كان له شرطٌ في أَلاَّ يُدفن ميِّت من قومه حتى يكون هو الذي يخطُّ لهُ موضع قبره. فقال طُعمةُ بن مُدفَّع بن كنانة بن بحر بن حسَّان بن عديّ بن جبلة بن سلامة بن عبد الله بن عُليم:
573,588,2,بنو عبد الله بن عليم,1,عَشيَّةَ لا يرجو امرؤُ دفن أُمِّهِ … إِذا هي ماتت أَو يخطّ لها قبرا
573,588,2,بنو عبد الله بن عليم,2,فقيل ذو الشَّرط؛ فقال رجلٌ من بني زُهير:
573,588,2,بنو عبد الله بن عليم,3,فشتانَ إِن قاسيتَ بين ابن بحدل … وبين ابن ذي الشَّرط الأَغرِّ المُحجلِ
573,588,2,بنو عبد الله بن عليم,4,وذلك أَن معاوية بعث رسولاً إِلى بهدل بن حسَّان بن عديّ بن جبلة يخطبُ عليه ابنته، فأَخطأ الرجلُ فذهب إِلى بحدل بن أُنيف الحارثيّفزوَّجه ابنته ميسون، فولدت لهُ يزيد، فقال الزُّهيريّ في شعره، وهو عُرفطةُ بن عفَّان:
573,588,2,بنو عبد الله بن عليم,5,أَلا بهدلاً كانوا لها ذو فضلَّلت … إِلى بحدلٍ نفسُ الرسول المُضلَّلِ
573,588,2,بنو عبد الله بن عليم,6,فشتان إِن قايست بين ابن بحدل … وبين ابن ذي الشَّرط الأَغر المُحجلِ
573,588,2,بنو عبد الله بن عليم,7,وكان يقال لِحسَّان بن عديّ الدِّرع، وكان البيت فيهم، وفيه يقول كعبُ بن جُعيل التغلبي:
573,588,2,بنو عبد الله بن عليم,8,فما زال تشديد قواصٍ وقولهم … حسَّان حسَّان حتَّى أَنظر الدَّرعُ
573,588,2,بنو عبد الله بن عليم,9,ومنهم: هوذان بن عمرو بن زُبيد بن زيد بن سويد بن جبلة بن سلامة الشَّاعر.
573,588,2,بنو عبد الله بن عليم,10,وجبلةُ، له يقولُ الرَّاشَّاءُ العُنظُوانيّ من كلب:
574,589,2,بنو عبد الله بن عليم,1,وأَرقني والليل قد زُرَّ ساحهُ … غناءُ بني سعدٍ على زِقِّ حازمِ
574,589,2,بنو عبد الله بن عليم,2,وعبدُ عمرو بن النُّعمان بن ثعلبةَ بن عبد الله بن عُليم الشَّاعر.
574,589,2,بنو عبد الله بن عليم,3,وقنانُ بن سلامة بن عبد الله بن عُليم، كان فارساً، وكان من أَصحاب امرئ القيس بن حجر، ودخلَ معه أَرض الرُّوم.
574,589,2,بنو عبد الله بن عليم,4,ومُطرِّفُ بن وهب بن مالك بن عبد مناة بن امرئ القيس بن عبد الله ابن عُليم، الذي عقد حلف بني عبد الله، وله يقول جوَّاسُ بن القعطل:
574,589,2,بنو عبد الله بن عليم,5,ويومَ فرَّ لقُدرتنا ابن وهبٍ … وكلب يوم ذلكمُ شهودُ
574,589,2,بنو عبد الله بن عليم,6,ولم تكفرُ بنا وطحنت لمَّا … تغنَّى في حواضرك التَّريدُ
574,589,2,بنو عبد الله بن عليم,7,وذو الإِصبع، وهو حفصُ بن حبيب بن حُريث بن حسَّان بن حصن بن مالك بن عبدِ مناة بن امرئ القيس الذي يقول الأعور الكلبيّ حين هاجاهُ الكميتُ:
574,589,2,بنو عبد الله بن عليم,8,أَيا راجيا أَمَّا عرضتَ فبلِّغن … بها الأَعور الكلبيّ عنِّي القوافيا
574,589,2,بنو عبد الله بن عليم,9,وحسينُ بن عبيد الله بن همة بن أُذينة بن حارثة بن جندلِ بن عُبيدة بن امرئ القيس بن عبد الله بن عُليم، كان شريفاً بالكوفة؛ وله يقول ابنُ بيض:
574,589,2,بنو عبد الله بن عليم,10,وقبرٍ بسفح الحيرة والحدبةِ التي … لفقدِ حُسينٍ حلَّ ساحتها الجذبُ
575,590,2,بنو زهير بن جناب,1,وعبد الله بن عُمير بن عاش بن جبلة بن عبد قيس بن لوذان بن عبد الله بن عُليم بن جناب، قُتل مع الحُسين بن علي ﵇ بالطَّفِ.
575,590,2,بنو زهير بن جناب,2,"والنُّعمان بن زرعة بن عباس بن جيلاء؛ وله يقول مصعب بن الزبير: "" هدَّ حالي وبه أُباهي "" وكان جميلاً."
575,590,2,بنو زهير بن جناب,3,هؤلاء بنو عُليم بن جناب
575,590,2,بنو زهير بن جناب,4,وهؤلاءِ
575,590,2,بنو زهير بن جناب,5,بنو زُهير بن جناب
575,590,2,بنو زهير بن جناب,6,وولد زهيرُ بن جناب: امرأ القيس؛ أُمُّه: لميس بنت عَميت ابن عديّ بن عبد بن كنانة.
575,590,2,بنو زهير بن جناب,7,وأَبا النُّعمان، وأَبا جابر، وعامراً؛ أُمُّهم: عاتكةُ بنت عبد مناة بن هُبل بها يُعرفون، ولها يقول زُهير بن جناب:
575,590,2,بنو زهير بن جناب,8,أَلا قولا لعاتكة اعذريني … ولو في جيشما عند القبابِ
575,590,2,بنو زهير بن جناب,9,وقزعةُ بن زهير، وهو عبد الله.
575,590,2,بنو زهير بن جناب,10,"وخداشاً، وكان يحمقُ، وله يقولُ السموءَل بن عادياءَ: "" ليس لقلبِ خداشٍ أُذنان "" وهو مثلٌ في كلب."
575,590,2,بنو زهير بن جناب,11,وأُمهما: لميس الأراشيَّة، ولها يقول زُهير بن جناب:
575,590,2,بنو زهير بن جناب,12,طال الثواءُ وما وقفتُ … على لميس الأَراشية
576,591,2,بنو زهير بن جناب,1,وسعدُ بن زُهير؛ أُمُّه العتيبةُ، فهم في عاملة ويُنسبون فيهم.
576,591,2,بنو زهير بن جناب,2,فولد امرؤُ القيس بن زُهير: الحارثَ؛ أُمُّه أُمّ الكُهيف بنت مالك ابن عبد مناة بن هبل.
576,591,2,بنو زهير بن جناب,3,وصُهبانَ، وأُبيَّاً، أُمُّهما: سلمى بنت عُليم.
576,591,2,بنو زهير بن جناب,4,فولد الحارث بن امرئ القيس: بحراً، بطن، فيهم العدد والشرف؛ وقطناً، بطن؛ ومرثداً، بطن. أُمُّهم: فكهةُ بنت قنان بن سلامة بن عبد الله بن عُليم.
576,591,2,بنو زهير بن جناب,5,وسلامةَ، بطن، أُمُّه: أُمُّ الجُلاس بنت سلامة بن عبد الله بن عُليم.
576,591,2,بنو زهير بن جناب,6,وعامراً، وعمراً، درج؛ أُمُّهما الصُحاريَّة بها يُعرفون.
576,591,2,بنو زهير بن جناب,7,فمن بني بحرٍ: مسعودٌ، وامروُّ القيس ابني بحر؛ وهما ابنا جملةُ بنت منجاس بن هُذيم بن عديّ بن حيال بها يُعرفون، وقد رأس، وله يقول الرَّقاصُ العدويّ الجنابيّ:
576,591,2,بنو زهير بن جناب,8,رأَيتُ لمسعود بن بحرٍ مزيَّةً … وبيتاً وفيضاً ترتجيه الدَّعائمُ
576,591,2,بنو زهير بن جناب,9,والجرنفس بن كنانة بن بحرٍ إليه البيت من بني بحر.
576,591,2,بنو زهير بن جناب,10,وسيَّارُ بن بحرٍ الذي يقولُ لهُ الفرزدقُ:
577,592,2,بنو زهير بن جناب,1,فَنما لابن بحرٍ من قلاصٍ أَشدَّها … بسيفين أَغشى رأَسهُ لم يُعمُّمِ
577,592,2,بنو زهير بن جناب,2,وقبيصةُ بن أَبي امرئ القيس بن بحر الشَّاعر.
577,592,2,بنو زهير بن جناب,3,وعبد الله بن عُمير بن قيس بن بحر، كان شريفاً.
577,592,2,بنو زهير بن جناب,4,من ولده: خالد بن الأَصفح بن عبد الله بن عمير بن قيس بن بحر، وليَ واسط لأَبي جعفرٍ عبد الله بن مُحمَّد المنصور.
577,592,2,بنو زهير بن جناب,5,وبُغامُ بن قتادة بن قيس بن بحر، الذي أَسرتهُ بنو شيبان.
577,592,2,بنو زهير بن جناب,6,ومن بني سلامة بن الحارث: مشجعةُ، وهو أَبو حارثةَ بن زُبيد ابن لُقمان بن سلامة بن الحارث بن امرئ القيس بن زُهير الشَّاعر.
577,592,2,بنو زهير بن جناب,7,ومن بني مرثد بن الحارث بن امرئ القيس بن زهير بن جناب: الحُرّ بن مرثد، الذي ذكرهُ المُسيبُ بن الرَّفل بن حارثة بن جناب بين قيس بن أَبي جابر بن زُهير.
577,592,2,بنو زهير بن جناب,8,وبنو قُلة إِليهم البيت من بني قطن، وهي قُلة بنت عُروة بن عمرو ابن ثعلبةَ من بني الرَّباب.
577,592,2,بنو زهير بن جناب,9,وحُريثُ بن عامر بن الحارث بن امرئ القيس بن زُهير الشَّاعر.
577,592,2,بنو زهير بن جناب,10,وولد صُهبانُ بن امرئ القيس بن زهير: جناداً الشاعر، وكان أَول كلبيّ نجب على قومهِ.
577,592,2,بنو زهير بن جناب,11,والحزنيلُ بن سلامة بن زهير بن سعد الشاعر وعرفطةُ بن دعص
578,593,2,بنو زهير بن جناب,1,ابن جنادة بن صهبان، كان شريفاً، وهو الذي أَنذر قومه يوم عنارة، وكان مُجاوراً في بني شيبان.
578,593,2,بنو زهير بن جناب,2,وولد عامرُ بن زُهير بن جناب: يزن، بطن، وهنداً، بطن، وشييماً، بطن، وهم قليلٌ؛ ولبني هند خطَّةُ بالكوفة في محارب الباطنة؛ ويزن أَعراب.
578,593,2,بنو زهير بن جناب,3,وولدَ أَبو النُّعمان بن زهير بن جناب: أُبيَّاً.
578,593,2,بنو زهير بن جناب,4,وولد أَبَيُّ بن أَبي النُّعمان: سلامة.
578,593,2,بنو زهير بن جناب,5,وولد سلامةُ بن أَبيّ: عرفجة، بطن.
578,593,2,بنو زهير بن جناب,6,منهم: جُميعُ بن حصن بن عرار بن عرفجة، إليه بيت بني عرفجة، كان شريفاً، وله يقولُ الطَّائيّ:
578,593,2,بنو زهير بن جناب,7,ما أَدري جُميعٌ ما جميع … ولكني أَرى الماء الأَجم
578,593,2,بنو زهير بن جناب,8,وحُداجةُ بن عرار، له يقولُ ربيع بن مسعودٍ، أَحدُ بني كعب بن عُليم:
578,593,2,بنو زهير بن جناب,9,نحنُ أَخذنا من حُداجةَ عرشهُ … وقيساً فقأنا عَينه ابن عرين
578,593,2,بنو زهير بن جناب,10,وزرُّ بن حُداجة الشاعر.
578,593,2,بنو زهير بن جناب,11,وعرفجةُ بن سلامة بن عرفجة بن سلامة، وهو اللَّحَّام، وكان فارساً في الجاهليَّة، وهو قتل كُردوساً وهانئاً التغلبيَّينِ يوم سيف.
578,593,2,بنو زهير بن جناب,12,وسمَّالُ بن حصن بن عرفجةَ، كان فارساً.
578,593,2,بنو زهير بن جناب,13,وولد أَبو جابر بن زهير بن جناب: قيساً، بطن، وعريناً، بطن، وحارثةَ، بطن، وعديّاً، وهم أَهل بيت.
579,594,2,بنو زهير بن جناب,1,فمن بني أَبي جابر بن زُهير: وسوَّاسُ بن قيس بن أَبي جابر، ولهم شرفٌ بالبادية.
579,594,2,بنو زهير بن جناب,2,وكُلثوم بن مطوي بن وسواس بن أَبي رُهم بن قيس، إليه البيت من بني أَبي جابر.
579,594,2,بنو زهير بن جناب,3,والمُسَيَّب بن الرِّفل بن حارثة بن جناب بن قيس بن أبي جابر الشَّاعر.
579,594,2,بنو زهير بن جناب,4,وفروةُ بن وهب بن شراحيل بن عرين بن أَبي جابر الذي ذكره المُسيب بن الرفل فقال:
579,594,2,بنو زهير بن جناب,5,وفروة قال للجيران إِنِّي … على الخيرات منقطع الحبالِ
579,594,2,بنو زهير بن جناب,6,وتويل بن بشر بن حنظلة بن علقمة بن شراحيل بن عرين، قُتل يوم صفين مع معاوية بن أَبي سفيان ومعهُ اللِّواء.
579,594,2,بنو زهير بن جناب,7,من ولده: بشرُ، وحنظلة، وعبد الله بنو صفوان بن تويل؛ كان هشام قد استعمل حنظلة على إِفريقيَّة، ثم عزلهُ فلما عاتبة أَبو الخطَّار العدويّ في قصيدته التي يقولُ فيها:
579,594,2,بنو زهير بن جناب,8,أَقادت بنو مروان قيساً دماءنا … وفي الله إن لم تُنصفوا حكمٌ عدلُ
579,594,2,بنو زهير بن جناب,9,وكان هشامُ نزع حنظلة واستعملَ عُبيدةُ بن عبد الرَّحمان بن عبد الله بن أَبي الأَعور السُّلميّ، فلما قرأَ هذا الشعر عزل عُبيدة واستعمل عبد الله بن صفوان بن نوفل بن بشر، ولهم شرفٌ بدمشق.
579,594,2,بنو زهير بن جناب,10,والفحلُ بن عَيَّاش بن حَسَّان بن سُمير بن شراحيل بن عرين،
580,595,2,بنو حارثة بن جناب,1,وهو الذي قتل يزيد بن المهلب يوم التلِ، ولهُ يقولُ المُسيب بن الرَّفل:
580,595,2,بنو حارثة بن جناب,2,قتلنا يزيدَ بن المُهلَّب بعدما … تمنيتُمُ أَن يَغلب الحقَ باطِلُه
580,595,2,بنو حارثة بن جناب,3,فما كان من أَهل العراقِ مُنافقٌ … عن الدين إِلاَّ من فُضالةَ قاتلُه
580,595,2,بنو حارثة بن جناب,4,فَجلَّلهُ فحلُ بأبيض صارمٍ … حُسامٍ جلا عن شفرتيهِ صياقله
580,595,2,بنو حارثة بن جناب,5,وشراحيلُ بن مُزيلفة بن حبيب بن جميل بن النُّعمان بن قيس بن عرين، كان سيِّد أَهل مصر في زمانهِ، وهو أَولُ من سوَّد بالحوفِ.
580,595,2,بنو حارثة بن جناب,6,هؤلاءِ بنو زُهير بن جناب.
580,595,2,بنو حارثة بن جناب,7,وهؤلاءِ
580,595,2,بنو حارثة بن جناب,8,بنو حارثةَ بن جناب
580,595,2,بنو حارثة بن جناب,9,وولدَ حارثةُ بن جناب: عَدياً، يُقالُ لهم عديّ الجماعةِ.
580,595,2,بنو حارثة بن جناب,10,وثعلبةَ، وجبَلةَ، وزُهيراً.
580,595,2,بنو حارثة بن جناب,11,فولدَ زُهيرُ بن حارثة: عديَّاً، وطُفيلاً، وعوفاً، وحُبيشاً، وثعلبةَ.
580,595,2,بنو حارثة بن جناب,12,فولدَ عديُّ بن زهير: عريناً، وإِسافاً، وفايوسَ.
581,596,2,بنو حارثة بن جناب,1,وولدَ عديُّ بن حارثةَ: قنانة، وحصناً.
581,596,2,بنو حارثة بن جناب,2,فولدَ قنانةُ بن عديّ: دُلجةَ، وأُنيفاً، وأُبيّاً، وعوانةَ.
581,596,2,بنو حارثة بن جناب,3,فولدَ أُنيفُ بن قنانة: بحدلاً، ومصاداً.
581,596,2,بنو حارثة بن جناب,4,منهم: ميسون بنت بحدل أُمّ يزيد بن معاوية بن أَبي سفيان.
581,596,2,بنو حارثة بن جناب,5,وحسَّان بن مالك بن بحدل، كان سيِّد كلب في زمانه؛ وهو الذي شدَّ الخلافةَ لمروان بن الحكم؛ وكان سُلِّم عليه بالخلافةِ أَربعونَ يوماً ثم سلَّمها إِلى مروان بن الحكم، فقال رجلٌ من كلب:
581,596,2,بنو حارثة بن جناب,6,فإِن لايكن فينا الخليفةُ نفسهُ … فما نالها إِلاَّ ونحنُ شُهودُ
581,596,2,بنو حارثة بن جناب,7,وقال بعض الكلبيين:
581,596,2,بنو حارثة بن جناب,8,نزلنا لكُم عن منبرٍ قد علمتُمُ … وحسَّان إِذ لا تستطيعون منبراً
581,596,2,بنو حارثة بن جناب,9,وأَخوهُ سعيدُ بن مالك بن بحدل.
581,596,2,بنو حارثة بن جناب,10,وحُميد بن حُريث بن بحدل. كان على شُرط يزيد بن معاوية، وهو صاحب بني فزارة أَغار عليهم فقتل من قتل بسحلٍ اختلقهُ على الصدقة، وقال في ذلك أَرطاة بن سُهيَّة المُريّ:
581,596,2,بنو حارثة بن جناب,11,أَلقتل شيخاً ورَّى حميدكم … رخي البال يستبئ الخُمورَ
581,596,2,بنو حارثة بن جناب,12,وشيخهم الذي عنا سعيد بن عُتبة بن حصن بن حُذيفة بن بدر.
581,596,2,بنو حارثة بن جناب,13,ومنهم: خالدُ بن عُثمان بن سعيد بن مالك، وهو المحراس،
582,597,2,بنو حارثة بن جناب,1,وكان على شُرط هشام بن عبد الملكِ، وحضَرَ نَهر أَبي فُطرُس مع بني أُميَّة فقتل معهم.
582,597,2,بنو حارثة بن جناب,2,ومنهم: عوانةُ بن النُّعمان بن عبدة بن قنانةَ الذي يقولُ لهُ جوَّاسُ:
582,597,2,بنو حارثة بن جناب,3,فإِن تُدبر عوان فعير أَرضٍ … فإِنِّي في مودتهِ زهيدُ
582,597,2,بنو حارثة بن جناب,4,ودُلجةُ بن قنانة، فيما تَزعُم بنو حارثةَ، هو الذي قتل الحارث بن زُهير العبسيّ يوم عُرار.
582,597,2,بنو حارثة بن جناب,5,وحسَّان بن دُلجة بن قنانة، كان شريفاً.
582,597,2,بنو حارثة بن جناب,6,وسُفيان بن الأَبردِ بن أَبي أُمامةَ بن قابوس بن سُفيان بن ثعلبة بن حارثةَ، الذي قتل شبيب بن يزيد الخارجيّ، وقطريَّ بن الفُجاةِ الخارجيّ، وهو الأَصمُّ الذي يقولُ فيهِ عُبيدةُ بن هلالٍ اليَشكُريّ:
582,597,2,بنو حارثة بن جناب,7,لعمري لقد قامَ الأَصمُّ بخطبةٍ … لها في صدورِ المسلمينَ عليلُ
582,597,2,بنو حارثة بن جناب,8,وأَخوهُ الجهمُ بن الأبرد كان على مُجنبةِ مُصعب بن الزُّبير يوم قُتل.
582,597,2,بنو حارثة بن جناب,9,ويزيدُ بن أَبي صخر بن أَبي أُمامة بن قابوس بن سفيان، كان من أَشراف أَهل الجزيرة، اليوم منزلهم حصنين.
582,597,2,بنو حارثة بن جناب,10,هؤلاءِ بنو حارثةَ بن جَناب.
582,597,2,بنو حارثة بن جناب,11,وهم آخر بني جَناب بن هُبل.
583,598,2,وهؤلاء بنو عبد مناة بن هبل,1,وهؤلاءِ بنو عَبد مناة بن هُبل
583,598,2,وهؤلاء بنو عبد مناة بن هبل,2,وولدَ عبدُ مناة بن هُبل: مالكاً، وأُريقاً، والحارثَ وحيشماً.
583,598,2,وهؤلاء بنو عبد مناة بن هبل,3,فولدَ مالكُ بن عبدَ مناة: صخراً، إِليه البيت من بني عبد مناة.
583,598,2,وهؤلاء بنو عبد مناة بن هبل,4,منهم: جنابُ بن حارثةَ بن صخر بن مالك، الذي هاجر إِلى المدينةِ فبكى عليهِ أَبوهُ حارثةَ.
583,598,2,وهؤلاء بنو عبد مناة بن هبل,5,ومنهم: بنو تُلج بن عمرو بن مالك بن عبد مناة لهم عددُ.
583,598,2,وهؤلاء بنو عبد مناة بن هبل,6,وطردُ بن شُريح بن سُليمان بن علهان بن مالك الذي أّخذَ سعد بن الأَصبغ بلحيتهِ فَهلبها.
583,598,2,وهؤلاء بنو عبد مناة بن هبل,7,ومنهم: صخرُ بن حيش بن صخر بن مالك بن عبد مناة.
583,598,2,وهؤلاء بنو عبد مناة بن هبل,8,ومنهم: طارشُ بن فرعاة بن تُويل بن حارثةَ بن أُريق، لهم شرفٌ وعدد.
583,598,2,وهؤلاء بنو عبد مناة بن هبل,9,هؤلاءِ بنو عبد مناة بن هُبل.
583,598,2,وهؤلاء بنو عبد مناة بن هبل,10,وهؤلاءِ بنو عُبيدة بن هُبل
583,598,2,وهؤلاء بنو عبد مناة بن هبل,11,وولدَ عُبيدةُ بن هُبل: مالكاً، وحارثةَ، وهو الحُمام.
583,598,2,وهؤلاء بنو عبد مناة بن هبل,12,"فولدَ الحُمام بن عبيدة: امرأ القيس الشَّاعر الذي يُقال لهُ: عدلُ الآصرةِ، وكان مع امرئ القيس بن حُجر وهو الذي يقولُ "" قفا نبكي من ذكرى حبيبٍ ومنزلِ """
584,599,2,وهؤلاء بنو عبيدة بن هبل,1,وخمسةَ أَبياتٍ من أَولها، فنحلها النَّاسُ امرأ القيس، وهو أَوَّلُ من بكى الديار فيما تزعُم كلب؛ وذلك إِنَّ امرأ القيس الكنديِّ قال:
584,599,2,وهؤلاء بنو عبيدة بن هبل,2,فيا صاحبيَّ قفا الناعج ساعةً … نبكي الديار كما بكى ابنُ حمام
584,599,2,وهؤلاء بنو عبيدة بن هبل,3,"فإِذا قلت كيف بكاها قالوا: "" قفا نبكي من ذكرى حبيبٍ "" قال هشامُ: سمعتهُ من غير واحدٍ منهمُ."
584,599,2,وهؤلاء بنو عبيدة بن هبل,4,"وهو الذي أَغارَ مع زُهير بن جناب على بني تغلب فقتل جابراً وصنبلاً فملأ يديه ثمَّ أَقبل، فقال لهُ امرؤُ القيس: "" إِقسم لي نصيبي من الغنيمةِ "" ، فقال لهُ: "" إِنَّ مهلهلاً بالأَثرِ "" ؛ وكان زُهيرُ لا يحل عُقدةً حتَّى يأمن؛ فلما انتهى إلى الكُراع قسمَ لهُ، وحَمل زُهيرُ فرسهُ على الكراع، والكراع حُرَّة، وأَقبل مُهلهلُ في الأثر فأدرك امرأ القيس فطعنهُ فأشواه فهرب وكان هجيناً لأُمِ ولدٍ؛ فقال مهلهلُ:"
584,599,2,وهؤلاء بنو عبيدة بن هبل,5,لما توعَّر في الكراع هجينهم … هلهلتُ أَثأرُ جابراً أو صنبلا
584,599,2,وهؤلاء بنو عبيدة بن هبل,6,وكأنه نارٌ علتهُ كبرةٌ … يهدي بسكَّتِهِ الرَّعيل الأوَّلا
584,599,2,وهؤلاء بنو عبيدة بن هبل,7,وكان من المعمَّرين.
584,599,2,وهؤلاء بنو عبيدة بن هبل,8,ومنهم: ابنُ الذِّئب الشاعر في أَول الإسلام.
584,599,2,وهؤلاء بنو عبيدة بن هبل,9,ومن بني عبيدة: سويد بن مالك بن معاوية بن عبيدة، كان في ألفين من العطاءِ.
585,600,2,وهؤلاء بنو حلاوة بن هبل,1,ورَمَّةُ، وبركةُ إبنا حيَّاش بن الأصبغ بن قيس بن سيف بن مالك، كانا فارسين مع الحجَّاج، ولهم خطَّةٌ بواسط.
585,600,2,وهؤلاء بنو حلاوة بن هبل,2,هؤلاءِ بنو عُبيدة بن هُبل.
585,600,2,وهؤلاء بنو حلاوة بن هبل,3,وهؤلاءِ بنو حلاوة بن هُبل
585,600,2,وهؤلاء بنو حلاوة بن هبل,4,وولدَحلاوةُ بن هُبل: مُهشِّماً، بطن.
585,600,2,وهؤلاء بنو حلاوة بن هبل,5,منهم: النبتان الشاعر.
585,600,2,وهؤلاء بنو حلاوة بن هبل,6,فولدَ مُهشمُ بن حلاوة: قيساً، ومالكاً.
585,600,2,وهؤلاء بنو حلاوة بن هبل,7,فولدَ قيسُ بن مهشم: عمراً، وباعثاً.
585,600,2,وهؤلاء بنو حلاوة بن هبل,8,فولدَ عمرو بن قيس: حُجراً.
585,600,2,وهؤلاء بنو حلاوة بن هبل,9,وولدَ باعثُ بن قيس: سالماً، وسُليماً.
585,600,2,وهؤلاء بنو حلاوة بن هبل,10,هؤلاءِ بنو حلاوة بن هُبل.
585,600,2,وهؤلاء بنو حلاوة بن هبل,11,وهؤلاءِ بنو عبد الله بن هُبل
585,600,2,وهؤلاء بنو حلاوة بن هبل,12,وولدَ عبد الله بن هُبل: مالكاً، وهو الوحيد الذي أسرَ جِذل الطَّعان الكنَّانيّ، فافتدى أُمُّهُ بأختهِ رُهم، فولدت فيهم.
585,600,2,وهؤلاء بنو حلاوة بن هبل,13,"منهم: أَبيُّ بن سالم. قال انطلقَ أُبيُّ ومعه مالٌ كثير فأتى قُريشاً حين أَرادوا بناء الكعبةِ فقال: "" دَعوني أَشرُكُمُ في بنائها فأذنوا لهُ فبنى جانبها الأيمن فذلك قول جوّاس:"
585,600,2,وهؤلاء بنو حلاوة بن هبل,14,لنا أَيمنُ البيت الذي يجبونهُ … وراثة ما أبقى أُبيّ بن سالم
585,600,2,وهؤلاء بنو حلاوة بن هبل,15,ومنهم: جابرُ بن حميريّ بن زاهر بن مالك بن الوحيد.
586,601,2,وهؤلاء بنو كعب بن عبد الله بن كنانة,1,هؤلاءِ بنو هُبل.
586,601,2,وهؤلاء بنو كعب بن عبد الله بن كنانة,2,وهؤلاءِ بنو كعب بن عبد الله بن كنانة
586,601,2,وهؤلاء بنو كعب بن عبد الله بن كنانة,3,وولدَ كعبُ بن عبد الله بن كنانةَ: عميتاً، وعبدَ شمسٍ، وهما بطنان.
586,601,2,وهؤلاء بنو كعب بن عبد الله بن كنانة,4,فولدَ عبدُ شمس بن كعب: المناح، ومُشمِّتاً، وعميرة، وعامراً، وربيعةَ.
586,601,2,وهؤلاء بنو كعب بن عبد الله بن كنانة,5,منهم: زيدُ بن عميرة بن عامر بن عبد شمس، جلسَ على طُنفُستهِ سبعةُ أَملاكٍ، وكان لا يُحجب عن مالكٍ.
586,601,2,وهؤلاء بنو كعب بن عبد الله بن كنانة,6,ومنهم: الأشهبُ بن مسروق بن حُجيَّة، قتلهُ القينُ بن جسرٍ.
586,601,2,وهؤلاء بنو كعب بن عبد الله بن كنانة,7,وولدَعميتُ بن كعب بن عبد الله: زيداً، وامرأ القيس.
586,601,2,وهؤلاء بنو كعب بن عبد الله بن كنانة,8,فولدَ امرأ القيس بن عميِّت: مالكاً.
586,601,2,وهؤلاء بنو كعب بن عبد الله بن كنانة,9,فولدَ مالكُ بن امرئ القيس: أَبا حُلاسٍ.
586,601,2,وهؤلاء بنو كعب بن عبد الله بن كنانة,10,فولدَ أَبن حُلاسٍ بن مالك: جعفراً، وقد رأس، وكان على بني عبد الله يوم نهادة، وهو الذي مرَّ بالسُّعير صنمٌ عنزة وهو على جملٍ فنفرت من الدِّماء فأراد هدمه فقيل لهُ: ربّ، فتركه، فذلك قول جعفر:
586,601,2,وهؤلاء بنو كعب بن عبد الله بن كنانة,11,نفرت قَلُوصي من عتائرَ ذُبحت … حول السَّعير تزورُهُ ابنا يقدُمِ
586,601,2,وهؤلاء بنو كعب بن عبد الله بن كنانة,12,وجموعُ يذكر مُهطعين جنابهُ … ما إِن يُحيرُ إليهم بتكلُّمِ
587,602,2,وهؤلاء بنو عدي بن عبد الله,1,وأُمهُ: سلمى بنت العُبيد بن تيم الله بن عامر الأجدارِ، ولها يقولُ امرؤُ القيس:
587,602,2,وهؤلاء بنو عدي بن عبد الله,2,كنانيَةٌ بانت وفي الصَّدر ودُّها … مُجاورةً غسَّان والحيَّ يعمرا
587,602,2,وهؤلاء بنو عدي بن عبد الله,3,ومنهم: يزيدُ، وسميرُ، وعياضُ، والمنذرُ، بنو زرّ بن عادية بن يزيد بن أَبي حُلاسٍ، كان ابنهُ خالد في صحابة المنصور.
587,602,2,وهؤلاء بنو عدي بن عبد الله,4,وأَرطاةُ بن سمير بن أَبي حُلاس الشاعر.
587,602,2,وهؤلاء بنو عدي بن عبد الله,5,والوليدُ بن زُرارةَ بن بحر بن يزيد بن عادية الشاعر.
587,602,2,وهؤلاء بنو عدي بن عبد الله,6,وبشرُ بن جعفر بن أَبي حُلاسٍ الذي حمى الخميلة، أَرضٌ لبني كعب بن عبد الله.
587,602,2,وهؤلاء بنو عدي بن عبد الله,7,هؤلاءِ بنو كعب بن عبد الله.
587,602,2,وهؤلاء بنو عدي بن عبد الله,8,وهؤلاءِ بنو عَديّ بن عبد الله
587,602,2,وهؤلاء بنو عدي بن عبد الله,9,وولدَ عديُّ بن عبد الله: عميتاً، بطن.
587,602,2,وهؤلاء بنو عدي بن عبد الله,10,منهم: عديُّ بن دُعيث بن حُمام بن سلمى بن حارثة بن مالك بن عميت الشَّاعر.
588,603,2,وهؤلاء بنو عوف بن كنانة بن بكر,1,ومنهم: ابنا رزاح بدمشق.
588,603,2,وهؤلاء بنو عوف بن كنانة بن بكر,2,هؤلاءِ بنو عبد الله بن كنانة بن بكر.
588,603,2,وهؤلاء بنو عوف بن كنانة بن بكر,3,[وهؤلاء بنو عوف بن كنانة بن بكر]
588,603,2,وهؤلاء بنو عوف بن كنانة بن بكر,4,وولدَ العُنظُوانُ، وهو عوف بن كنانة بن بكر: مالكاً.
588,603,2,وهؤلاء بنو عوف بن كنانة بن بكر,5,فولدَ مالكُ بن العنظوان: قطناً، وعمراً.
588,603,2,وهؤلاء بنو عوف بن كنانة بن بكر,6,منهم: الراشَّاء بن نهارٍ، الشَّاعر.
588,603,2,وهؤلاء بنو عوف بن كنانة بن بكر,7,هؤلاءِ بنو كنانة بن بكر بن عوف بن عُذرة.
588,603,2,وهؤلاء بنو عوف بن كنانة بن بكر,8,وهؤلاءِ بنو عوف بن بكر بن عوف بن عذرة
588,603,2,وهؤلاء بنو عوف بن كنانة بن بكر,9,ابن يزيد اللاَّت بن رُفيدة بن ثور وولدَ عوف بن بكر بن عوف بن عذرة بن زيد اللاَّت بن رُفيدة بن ثور: عامراً الأكبر، بطن عظيم، أُمه عمرةُ بنت عامر بن الظَّرب بن عمرو بن عبَّاد ابن يشكُر بن عدوان.
588,603,2,وهؤلاء بنو عوف بن كنانة بن بكر,10,وأَخوهُ لأُمهِ عامر بن صعصعة بن معاوية بن بيكر بن هوازن.
588,603,2,وهؤلاء بنو عوف بن كنانة بن بكر,11,"فلعمرةَ يقول القائل في المنام: "" قدَّان تلديهما إِذا ولدت، عامراً وعامراً، وقد ولدت العدد الجماهر، وقد فضلت الجُردَ الحرائر."
588,603,2,وهؤلاء بنو عوف بن كنانة بن بكر,12,"ذَكر هشامُ عن أُمهِ قال انطلقت بهما أُمُّهما إِلى كاهنةٍ فقالت "" انظري إلى ابني هذين "" فقالت أين ولدتِ هذا "" تعني عامر بن صعصعة القيسيّ، قالت: "" ولدتهُ على رمالٍ "" ؛ قالت: "" يكونُ لولدهِ عددٌ كثير "" ؛ ثم قالت: "" وأين ولدتِ هذا "" تعني عامر بن عوف الكلبيّ؛ قالت: "" ولدته في أصلِ جبلٍ "" ؛"
589,604,2,وهؤلاء بنو عوف بن بكر بن عوف بن عذرة,1,"قالت: "" يكونُ ولد هذا يمنعون ما وراء ظهورهم "" . ليس في العرب أَكثر منهما عدد."
589,604,2,وهؤلاء بنو عوف بن بكر بن عوف بن عذرة,2,فولد عامر بن عوف: بكراً، وعوفاً، ومالكاً، وربيعةَ، وثعلبةَ، وهو القاتلُ الذي قتل داودَ بن هبولة السَّليحيَّ، وكان بني ديراً، فكان ينقلُ الماء والطين على ظهرهِ فسُمِّيَ اللَّثق، فذلك قول القائلِ:
589,604,2,وهؤلاء بنو عوف بن بكر بن عوف بن عذرة,3,نحنُ الأولى أَردت ضباتُ سُيوفنا … داودَ بين القريتين مُحاربِ
589,604,2,وهؤلاء بنو عوف بن بكر بن عوف بن عذرة,4,خطرت عليه رِماحُنا فتركتهُ … لما قصدنَ لهُ كأمس الذَّاهب
589,604,2,وهؤلاء بنو عوف بن بكر بن عوف بن عذرة,5,ولذاك إِنَّا لا تزال سيوفنا … تنفي العدى وتُعيد رُغب الرَّاغبِ
589,604,2,وهؤلاء بنو عوف بن بكر بن عوف بن عذرة,6,قال عوانةُ بن الحكم: مات هشامُ وبنو عامر بن عوف في الديوانِ أَربعون أَلفاً.
590,605,2,وهؤلاء بنو عوف بن بكر بن عوف بن عذرة,1,وأُمُّ بني عامر جميعاً رقاشِ بنت كعب بن بهراء، فيقال لربيعةَ ومالك بنو رَقاش.
590,605,2,وهؤلاء بنو عوف بن بكر بن عوف بن عذرة,2,وولد عوفُ بن عامر بن عوف: كعباً، وبكراً، والعُكامسَ، وهم قليل، وأبا عُليّ، درج، والحارث وهم قليل؛ أُمُّهم سحمةُ بنت كعب بن عمرو بن خيليلِ بن غسان بها يعرفون.
590,605,2,وهؤلاء بنو عوف بن بكر بن عوف بن عذرة,3,وعامر بن عوف، وهو المُذمَّم؛ وامرأ القيس؛ أُمُّهما: ماويةُ بنت أبي جُشم بن كعب بن بهراء بها يعرفون.
590,605,2,وهؤلاء بنو عوف بن بكر بن عوف بن عذرة,4,فمن بني العُكامس: عمرو بن حارثة، كان شريفاً.
590,605,2,وهؤلاء بنو عوف بن بكر بن عوف بن عذرة,5,فولد كعبُ بن عوف بن عامر بن عوف: بكراً، وأُمهُ: ماوية بنت حوط من بني تيم اللَّه بن رفيدة؛ وأبا جُشم؛ أُمهُ: ماويةُ بنت أبي جُشم بن كعب بن بهراء، خلفَ عليها بعد أَبيه نكاح مقت؛ فالرجل من بني أبي جُشم خاصة يقال له: ماويّ جُشميّ.
590,605,2,وهؤلاء بنو عوف بن بكر بن عوف بن عذرة,6,فولد بكرُ بن كعب بن عوف بن عامر بن عوف: حارثةَ، وامرأ القيس.
590,605,2,وهؤلاء بنو عوف بن بكر بن عوف بن عذرة,7,فولدَ حارثةُ بن بكر بن كعب بن عوف: خالداً، وشراحيل، بطنان.
590,605,2,وهؤلاء بنو عوف بن بكر بن عوف بن عذرة,8,وولدَ أَبو جُشم بن كعب بن عوف بن عامر بن عوف: امرأ القيس، وأَبجر، وحديجا، وعبد الله.
591,606,2,وهؤلاء بنو عوف بن بكر بن عوف بن عذرة,1,منهم: علقمةُ بن زامل بن مروان بن زُهير بن ثعلبةَ بن أَبي جُشمَ، صاحبُ المقاسم يوم اليرموك ثم تَنصَّر ودخلَ إلى الرُّوم بعد ذلك.
591,606,2,وهؤلاء بنو عوف بن بكر بن عوف بن عذرة,2,والأصبغُ بن ذُؤَالة بن لُقيم بن نجا بن زامل، كان فارساً مع منصور بن جُمهور، ولهُ يقول ابن عيَّاش الكلبيّ لريطة أُمّ يحيى بن زيد بن عليّ بن الحُسين بن عليّ بن أَبي طالب حين قُتل زيد بن عليّ:
591,606,2,وهؤلاء بنو عوف بن بكر بن عوف بن عذرة,3,بسيف ابن عيَّاشٍ وسيف ابن زاملٍ … بدت مقتلاها والبنان المُخضَّبِ
591,606,2,وهؤلاء بنو عوف بن بكر بن عوف بن عذرة,4,واللَّذان وليا قتاله بالكوفةِ عُبيد اللَّهِ بن العباس بن يزيد بن الأسود بن سلمةَ بن حُجر بن وهب الكنديّ والأصبغ بن ذُؤالة في جماعةٍ من الناسِ بعثهم يوسفُ بن عُمر الثَّقفيّ من الحيرة وكان بها، وهو يومئذٍ على العراق؛ والحكمُ بن الصَّلتِ خليفته على الكوفةِ.
591,606,2,وهؤلاء بنو عوف بن بكر بن عوف بن عذرة,5,فأهل الكوفةِ يقولون رماهُ داودُ بن سليمان بن سُليم بن كيسان؛ وآلُ داود يدفعون ذلك يقولون رماهُ رجُلٍ من القيقانيّة، فأصاب جبهته فاحتمله
592,607,2,وهؤلاء بنو عوف بن بكر بن عوف بن عذرة,1,أَصحابه، وكان عند المساءِ ثم دعوا بحجَّام فانتزعَ النشَّابةَ وسالت نفسهُ، ﵁ .
592,607,2,وهؤلاء بنو عوف بن بكر بن عوف بن عذرة,2,وولدَ بكرُ بن عوف بن عامر بن عوف بن بكر بن عوف بن عُذرة: عامراً، وهو هرامُ، بطن.
592,607,2,وهؤلاء بنو عوف بن بكر بن عوف بن عذرة,3,"منهم: ابن هلباء الشَّاعر الذي يقولُ: "" أَنا ابنُ الهلباء وعليّ الحقنان "" وعوف بن بكر، وزيد مناة، وهم قليل."
592,607,2,وهؤلاء بنو عوف بن بكر بن عوف بن عذرة,4,فولدَ عوفُ بن بكر بن عوف بن عامر بن عوف بن بكر بن عوف بن عُذرة: عامر الجُلاحَ إليه البيت من بني سحمة، بطن، وحسلاً، بطن، وسيَّارة، بطن، وحُجراً، بطن.
592,607,2,وهؤلاء بنو عوف بن بكر بن عوف بن عذرة,5,فمن بني الجُلاح: النُّعمانُ بن جبلة بن وائل بن قيس ابن بكر بن
593,608,2,وهؤلاء بنو عوف بن بكر بن عوف بن عذرة,1,الجُلاحَ، وقد رأس، ومدحهُ النَّابغةُ، وهو الذي أَسر بشر بن أَبي خازِم الأَسديّ، وأَهداهُ إلى أَوس بن حارثة بن لأمٍ الطَّائيّ، فذاك قول ابن عيَّاش الكلبيّ.
593,608,2,وهؤلاء بنو عوف بن بكر بن عوف بن عذرة,2,رماحي كبلت بشراً لأوسِ … وأَولى المنّ من سعدٍ بطاحا
593,608,2,وهؤلاء بنو عوف بن بكر بن عوف بن عذرة,3,وهو أَبو الشَّقر، ولهُ يقول النابغةُ:
593,608,2,وهؤلاء بنو عوف بن بكر بن عوف بن عذرة,4,ولولا أَبو الشقرِ ما زالَ حالماً … يُعالج خُطَّافا بإحدى الجرائرِ
593,608,2,وهؤلاء بنو عوف بن بكر بن عوف بن عذرة,5,وأَخوه عبد عمرو بن جبلة، وهو بكرٌ، وَقدَ على النبي ﷺ .
593,608,2,وهؤلاء بنو عوف بن بكر بن عوف بن عذرة,6,من ولدهِ: سعدُ الأَبرش بن الوليد بن عمرو، صاحبُ هشام.
593,608,2,وهؤلاء بنو عوف بن بكر بن عوف بن عذرة,7,وعبدُ الرَّحمان بن سُليم بن سوادة بن بُحير بن معاوية بن حراص بن الجُلاحِ، ولاَّهُ الحجَّاج فارس؛ وهو الذي ضربَ أَسدَ بن عبد الله القسريّ الحدَّ.
593,608,2,وهؤلاء بنو عوف بن بكر بن عوف بن عذرة,8,منهم: جهبلُ بن سيف، يسكنون حضرموت، وهو الذي ذهبَ يَنعى النبي ﷺ إلى حضرموت ولهُ يقول امرؤُ القيس بن عابسٍ الكنديّ:
594,609,2,وهؤلاء بنو عامر بن عوف بن عامر,1,سمعتُ النعايا يوم أَعلن جهبلُ … بنعي أَحمد النبيّ المُهتديّ
594,609,2,وهؤلاء بنو عامر بن عوف بن عامر,2,وهو الذي يقولُ:
594,609,2,وهؤلاء بنو عامر بن عوف بن عامر,3,أَنا الكلبي ليس بحضرميٍّ … ولكنِّي أَنختُ بها ديارا
594,609,2,وهؤلاء بنو عامر بن عوف بن عامر,4,وولدَ الحارثُ بن عوف بن عامر الأَكبر: غنماً، وعصراً، وهما بطنان باليمن.
594,609,2,وهؤلاء بنو عامر بن عوف بن عامر,5,هؤلاءِ بنو سحمة.
594,609,2,وهؤلاء بنو عامر بن عوف بن عامر,6,وهؤلاءِ بنو عامر بن عوف بن عامر
594,609,2,وهؤلاء بنو عامر بن عوف بن عامر,7,وولدَ عامرُ المُذمِّم بن عوف بن عامر الأَكبر: حارثةَ، وبكراً، وامرأ القيس؛ أُمُّهم: لميس بنت الأَسعد من بني عامر الأَجدار.
594,609,2,وهؤلاء بنو عامر بن عوف بن عامر,8,ومالكاً، وهو الرَّماح، وعوفاً المشطو، أُمُّهما: عدسةُ بنت مالك بن عامر بن عوف، بها يُعرفون.
594,609,2,وهؤلاء بنو عامر بن عوف بن عامر,9,وأَبا عمرو، والحارثَ، أُمُّهما: مدرةُ أُخت عدسة بها يُعرفون.
594,609,2,وهؤلاء بنو عامر بن عوف بن عامر,10,فمن بني بكر بن عامر بن عوف: حَمَلةُ، وصلةُ، أَبنا نصر، كانا من أَشراف أَهل الشام.
594,609,2,وهؤلاء بنو عامر بن عوف بن عامر,11,وولدَ حارثةُ بن عامر بن عوف: قُرطاً، وهو العيَّار؛ والمعلَّى، وامرأ
595,610,2,وهؤلاء بنو عامر بن عوف بن عامر,1,القيس، وعامراً، وخالداً وصيفيّاً، وصفواناً، بطون صغار.
595,610,2,وهؤلاء بنو عامر بن عوف بن عامر,2,فمن بني عامر بن حارثةَ: عاصمُ بن سعد.
595,610,2,وهؤلاء بنو عامر بن عوف بن عامر,3,وجُحيشةُ بن رياح، كان من فرسان العرب مع منصور بن جُمهور، قتلهُ أَبو جعفرٍ بواسط.
595,610,2,وهؤلاء بنو عامر بن عوف بن عامر,4,ومن بني قُرط بن حارثةَ: جبَّارُ بن قُرطٍ، إليه البيت من بني ماوية؛ ولهُ يقول الأعشى:
595,610,2,وهؤلاء بنو عامر بن عوف بن عامر,5,ولا من رَهطِ جبَّار بن قُرط … ولا من رهط حارثة بن زيد
595,610,2,وهؤلاء بنو عامر بن عوف بن عامر,6,ومن ولدهِ: عمَّار بن حسَّان بن جبلة، وهو أَبو نائلة امراة معاوية بن أَبي سفيان.
595,610,2,وهؤلاء بنو عامر بن عوف بن عامر,7,وخُنيسُ بن الحُرِّ بن قرط الشَّاعر.
595,610,2,وهؤلاء بنو عامر بن عوف بن عامر,8,ومن بني امرئ القيس بن حارثةَ،: عبدُ مالك بن النُّعمان بن امرئ القيس بن حارثةَ، كان حاتمٌ عسرَ مالهُ، وهو الذي يقولُ:
595,610,2,وهؤلاء بنو عامر بن عوف بن عامر,9,يا ربِّ أَنت على الأيام مُسلطٌ … لو شئتَ أَضحوا هامدينَ جُموداً
595,610,2,وهؤلاء بنو عامر بن عوف بن عامر,10,والسَّبع ربِّي لو تشاء طويتها … طيَّ التجارِ بحضرموت بُرُودا
596,611,2,وهؤلاء بنو عامر بن عوف بن عامر,1,ومن ولدهِ: طُفيلُ بن حارثةَ بن دُعيم بن عبد مالك، كان من فرسان العرب مع منصور بن جُمهور.
596,611,2,وهؤلاء بنو عامر بن عوف بن عامر,2,وحبابُ الجُرجُمانيّ بن بشر بن شراحيل بن امريء القيس بن حارثةَ الشَّاعر، كان يقتل جَراجمةَ الشَّامِ، وهم أَنباط، فسُمِّي الجرجمانيّ.
596,611,2,وهؤلاء بنو عامر بن عوف بن عامر,3,وكلثُمُ بن المنذر بن عامر بن أَبي عامر بن عبد الله بن امريء القيس بن حارثةَ بن عامر بن عوف بن عامر، وهو الذي دعا بِمصر إلى مُحمَّد بن عبد الله ابن حسن بن حسن بن عليّ بن أَبي طالب؛ وقُتل ليلة المَسجدِ.
596,611,2,وهؤلاء بنو عامر بن عوف بن عامر,4,وولدَ امرؤُ القيس بن عوف: عامراً الأكبر، وأُميَّة وبحراً، وليلى.
596,611,2,وهؤلاء بنو عامر بن عوف بن عامر,5,منهم: عوف بن أَبي سَلمى، عباد بالحيرةِ معروفون يُقال لهم: بنو عوفٍ.
597,612,2,وهؤلاء بنو عامر بن عوف بن عامر,1,ومنهم: مُرادُ بن عبد الله بن كَيُسان، تزوَّج بنت جُلي بن حوط بن عبد عامر بن الحارث بن خَيبرُيّ الطائيّ، وكان شريفاً.
597,612,2,وهؤلاء بنو عامر بن عوف بن عامر,2,"وكانت قبلهُ عند سُليمان بن سُليم بن كيسان، مولى بشر بن عمارة بن حسَّان بن جابر، فضربَ بيده على ظهرها وقال: "" ما أَهزلكِ "" ، قالت: "" الهُّزالُ أَدخلني عليك "" فطلقها؛ فخطبها مرداسُ بن عبد الله بن كيسان؛ فقالت: "" كيسانان واللَّهِ لا يكونُ هذا أَبداً "" ؛ فقيل هذا رجلٌ عربيّ من كلب، فتزوَّجتهُ."
597,612,2,وهؤلاء بنو عامر بن عوف بن عامر,3,ومن بني السَّمط بن عامر بن عوف بن عامر الأكبر: البيَّاعُ بن قيس بن عبد مالك بن مخزوم بن سفيان بن السَّمطِ، الذي كان يُغير على بكر بن وائلٍ، كان آخر غارةِ غارها في زمان عليّ بن أَبي طالبٍ، ﵁ .
597,612,2,وهؤلاء بنو عامر بن عوف بن عامر,4,ولهُ يقول ابن الطَّرامةِ:
597,612,2,وهؤلاء بنو عامر بن عوف بن عامر,5,إِذا سند البيَّاعُ مهضومة الحشا … حديدية قالت أَبكر بن وائلِ
597,612,2,وهؤلاء بنو عامر بن عوف بن عامر,6,والطَّرامةُ حاضنتهُ، وهو ابن حوط، ولهُ يقولُ الحنجرُ الأَسديّ وهو يُعيرُ الأَخطل:
597,612,2,وهؤلاء بنو عامر بن عوف بن عامر,7,وقد أَنكحَ البيَّاعُ فيكم مودَّةً … ولا نسبٌ غير الرِمَّاح الشَّواجر
597,612,2,وهؤلاء بنو عامر بن عوف بن عامر,8,إِذا شاءَ كلبيٌّ رعى ثعلبيّة … على غيرِ مهرٍ باديات الحواجِر
597,612,2,وهؤلاء بنو عامر بن عوف بن عامر,9,وهدبةُ بن حارثةَ بن مخزوم بن سفيان بن السِّمط الذي حلف الأَحلاف بني ماويةَ.
598,613,2,بنو بكر بن عامر الأكبر,1,وابنهُ أَبرةُ، كانت ابنته عند معاوية بن أَبي سفيان.
598,613,2,بنو بكر بن عامر الأكبر,2,ومنهم: بالحيرةِ بنو عَمَّار بن عبد المسيح بن قيس ابن حرملة بن عُشيرة بن الرَّمَّاحِ؛ لهم قصر العدسيَّين سُمَّوا بأُمهِّم عدسة.
598,613,2,بنو بكر بن عامر الأكبر,3,هؤلاءِ بنو عوف بن عامر الأَكبر.
598,613,2,بنو بكر بن عامر الأكبر,4,وهؤلاءِ
598,613,2,بنو بكر بن عامر الأكبر,5,بنو بكر بن عامر الأَكبر
598,613,2,بنو بكر بن عامر الأكبر,6,وولدَ بكر بن عامر الأَكبر: عامراً، ومعاويةَ، وهو الجَوشن؛ أُمُّهما: هندُ بنت ذي الشقر من غسَّان.
598,613,2,بنو بكر بن عامر الأكبر,7,وجُشمَ، والحارث، وهو مُجيحٌ؛ أُمُّهما: هند بنت أَنمار بن عمرو بن حداقة بن زُهير بن أَبان يُقال لهم بنو الحُداقيَّةِ بها يُعرفون.
598,613,2,بنو بكر بن عامر الأكبر,8,فولدَ عامرُ بن بكر: العُبيد، بطن، لهم يقولُ الأَعشى:
598,613,2,بنو بكر بن عامر الأكبر,9,بنو الشَّهرِ الحرامِ فلستَ منهم … ولستَ من الكرامِ بني العُبيدِ
598,613,2,بنو بكر بن عامر الأكبر,10,وزيد مناة، وهو الخرجُ، بكثرةِ لحمهِ، بطن، وعَميرة، بطن، وثعلبةَ، بطن، وهو النعامةُ؛ بطن أُمُّهم: لميسُ بنت عامر بن غسَّان.
598,613,2,بنو بكر بن عامر الأكبر,11,فولدَ النعامةُ بن عامر: مُرَّةّ، ومُرارةَ، ومرتباً.
599,614,2,وهؤلاء بنو العبيد بن عامر,1,منهم: حسَّان بن علهان بن مالك بن مرارةَ، الذي أَسر عُميرَ بن كلثوم، أَخا عمرو بن كُلثوم الشَّاعر التغلبيّ.
599,614,2,وهؤلاء بنو العبيد بن عامر,2,ومنهم: عصامُ كان في أَلفين من العطاءِ، وكان لهُ أُكلٌ مع الخُلفاءِ.
599,614,2,وهؤلاء بنو العبيد بن عامر,3,وابنُ أَدهم الشَّاعر، الذي رَدَّ على نابغةِ بني ذُبيان:
599,614,2,وهؤلاء بنو العبيد بن عامر,4,يا لهفَ أُمك لا تلَهُّفَ غيرها … تلكَ التي هلكت ببطنِ حمارِ
599,614,2,وهؤلاء بنو العبيد بن عامر,5,ولقد رأيتُ مكانهم فكرهتُهم … ككراهةِ الخنزيرِ للإِيغارِ
599,614,2,وهؤلاء بنو العبيد بن عامر,6,ولقد رأَيتُ فوارساً من قومنا … غَنظوكَ غنظ جرادةِ العيَّارِ
599,614,2,وهؤلاء بنو العبيد بن عامر,7,منهم: دِحيةُ بن خليفة بن فروة بن فضالة بن زيد بن امرئ القيس بن الخرجِ، صَحبَ النبيّ، ﷺ ، وكان رَسولهُ إلى قيصر، وكان جبريلُ ينزل في صُورتهِ، وفيهِ أُنزلت (وإِذا رأوا تجارةً أَو لهواً انفضُّوا إليها وَتَركُوكَ قائماً) .
599,614,2,وهؤلاء بنو العبيد بن عامر,8,"وحارثةُ بن زيد بن امرئ القيس الذي يقولُ لهُ الأَعشى: "" وهو من رَهطِ حارثة بن زيدِ """
599,614,2,وهؤلاء بنو العبيد بن عامر,9,وهؤلاءِ بنو العُبيد بن عامر
599,614,2,وهؤلاء بنو العبيد بن عامر,10,وولدَ العُبيدُ بن عامر بن بكر: حارثةَ، عُمِّرَ حتى أَدرك الإِسلامَ لا يعقل.
600,615,2,وهؤلاء بنو العبيد بن عامر,1,وعبد الله، وعبد يغوثٍ، وجفنةَ.
600,615,2,وهؤلاء بنو العبيد بن عامر,2,منهم: منصور بن جُمهور بن حصن بن عمرو بن خالد بن حارثةَ، وهو المُغطرسِ بن جابر بن حارثةَ بن العُبيد، ولاَّه يزيد بن الوليد بن عبد الملك على العراق، فلما ماتَ لم يُطع مروان بن مُحمَّد، وغلبَ على العراق، وقاتل الضحَّاك ثم لحق بالسِّند.
600,615,2,وهؤلاء بنو العبيد بن عامر,3,وسِراجُ بن عمرو بن خالد بن حارثةَ بن جابر بن حارثةَ بن العُبيد، الذي قَتلَ حسَّان بن الهُذيل التغلبيّ.
600,615,2,وهؤلاء بنو العبيد بن عامر,4,وحيَّانُ بن قيس بن مرَّةَ بن قيس بن جابر بن العبيد الشَّاعر.
600,615,2,وهؤلاء بنو العبيد بن عامر,5,وأَبو الجهم بن كنانةَ بن أَربد بن الحُباب بن سويد بن خليفة بن مالك بن عبد الله بن العُبيد، كان من أَصحاب الحَجاج، وكان فارساً، وهو الذي قتلَ كُميل بن زياد صبراً.
600,615,2,وهؤلاء بنو العبيد بن عامر,6,وابنهُ حُريثُ بن أَبي الجَهم، كان في صحابةِ المنصور، وهو صاحب دار مُوسى بن عبّاد العُكليّ التاجر.
601,616,2,وهؤلاء بنو العبيد بن عامر,1,وثُمامةُ بن قيس بن حصن بن عمرو بن خالد بن حارثةَ بن جابر بن حارثةَ بن العُبيد الشَّاعر، الذي يقولُ يوم المرجِ.
601,616,2,وهؤلاء بنو العبيد بن عامر,2,فأُشهدكي أَنَّي لمروانَ سامعٌ مُطيعٌ … وللضحَّاكِ عاصٍ مُحاربُ
601,616,2,وهؤلاء بنو العبيد بن عامر,3,وولدَ عميرةُ بن عامر بن بكر بن عامر الأَكبر: مالكاً. وبنو عامر يزعمونَ أَنَّه الشَّهر الحرام الذي ذكره الأَعشى.
601,616,2,وهؤلاء بنو العبيد بن عامر,4,وقال الكلبيّ والشرقيّ: هو عبدُ ودٍّ بن عوف بن كنانةَ.
601,616,2,وهؤلاء بنو العبيد بن عامر,5,وامرأ القيس بن عميرةَ.
601,616,2,وهؤلاء بنو العبيد بن عامر,6,منهم: أَبو ظاعنةَ، وهو مصاد بن قيس بن الحارث بن جُعفي بن مالك بن امرئ القيس بن عَميرة، إليه البيت في بني عَميرة.
601,616,2,وهؤلاء بنو العبيد بن عامر,7,من ولدهِ: مَصادُ بن زياد بن عَبَّاد بن أَبي ظاعنةَ، الذي يقولُ لهُ ابن قيس الرُّقيَّات:
601,616,2,وهؤلاء بنو العبيد بن عامر,8,بتُّ أُسقى وعندي مَصادٌ … إِنَّهُ لي وللكرامِ خليلُ
601,616,2,وهؤلاء بنو العبيد بن عامر,9,وزعموا أَنَّهُ لم يذق شراباً قطّ.
601,616,2,وهؤلاء بنو العبيد بن عامر,10,وبسطامُ بن سراج، كان شريفاً.
601,616,2,وهؤلاء بنو العبيد بن عامر,11,وخوليُّ بن فروةَ. يقول أَيمنُ بن حَريم الأَسدي.
602,617,2,وهؤلاء بنو العبيد بن عامر,1,إِذا بيَّتَ الفرسانُ يا صاحَ دلَّني … عليها قُضاعيُّ تخُّبُ حماليا
602,617,2,وهؤلاء بنو العبيد بن عامر,2,فأَعطيت خولي بن فروةَ ما اشتهى … من المُشمخرَّاتِ الذُرى والرَّوابيا
602,617,2,وهؤلاء بنو العبيد بن عامر,3,ومنهم: أُمُّ الهُبل. وهو الهُبل بن عامر بن أَوس بن علقمةَ بن الحارث بن جُعفي بن مالك الشَّاعر.
602,617,2,وهؤلاء بنو العبيد بن عامر,4,ومنهم: سعدُ بن خولي بن سبرةَ بن دُريم بن قيس بن مالك بن عَميرةَ، وعدادهُ في بني أَسد بن عبد العُزَّى بن قصيّ؛ ويُقالُ: هو خولي بن القوسان بن الحارث بن مالك بن عميرةَ؛ كانت أَصابتهُ نعمةُ من حاطب بن أَبي بلتعة، حليفُ الزُّبير.
602,617,2,وهؤلاء بنو العبيد بن عامر,5,وفرضَ عُمرُ لابنهِ عبد الله بن سعد في الأَنصار.
602,617,2,وهؤلاء بنو العبيد بن عامر,6,وولدَ مُعاويةُ، وهو الجُوشنُ بن بكر بن عامر: ربيعةَ، وزيدَ مناة، وعبد الله، والحارث، وجناباً.
602,617,2,وهؤلاء بنو العبيد بن عامر,7,فولدَ الحارثُ بن معاويةَ: سياراً، وعبداً، وهما في عدوان من قيس.
602,617,2,وهؤلاء بنو العبيد بن عامر,8,فمن بني مُعاويةَ: عَيَّالُ بن سلامة بن ربيعةَ بن جناب بن معاوية، الذي كان يغير على بني عبد الله فيُكثر.
603,618,2,وهؤلاء بنو العبيد بن عامر,1,وهُبيرُ بن صخر بن ربيعةَ، الذي كان على بني عامر يوم سيف، يوم لَقوا الأَعاجمَ.
603,618,2,وهؤلاء بنو العبيد بن عامر,2,ومنهم: عَثعثُ بن بشر بن هُبيرة، وكان شريفاً، وكان نَصرانيّاً، وإليهِ البيت من بني مُعاويةَ.
603,618,2,وهؤلاء بنو العبيد بن عامر,3,وشهدَ أَبوه بشر مع الحارث بن أَبي شَمِر يوم عين أُباغ.
603,618,2,وهؤلاء بنو العبيد بن عامر,4,وثُبيتُ بن ربيعة بن هُبيرةَ، الذي يقولُ لهُ ابنُ الرِّقاع:
603,618,2,وهؤلاء بنو العبيد بن عامر,5,وتنتهي حتى تُبلِّغَ مدحتي ثُبيتاً … رَماد النَّارِ كالوزعِ الأَشبِّ
603,618,2,وهؤلاء بنو العبيد بن عامر,6,وغالبُ بن حجَّار بن مسعود بن فروة بن هُبير الشَّاعر.
603,618,2,وهؤلاء بنو العبيد بن عامر,7,وشُبيلُ بن الخيار الفارس الشَّاعر.
603,618,2,وهؤلاء بنو العبيد بن عامر,8,وولدَ جُشمُ بن بكر، وهو ابن الحُداقيَّة: عامراً، ومالكاً، وصُهيباً، وكعباً، وتُلجاً، وكان يُغير على بني عبد الله بن كلب هو وعيَّال فيأكُلوا أَموالهم.
603,618,2,وهؤلاء بنو العبيد بن عامر,9,وامرأ القيس، وقيساً.
603,618,2,وهؤلاء بنو العبيد بن عامر,10,منهم: قيسُ بن كلثوم، الذي يقولُ لهُ مُحمَّد بن القاسم الثَقفيّ:
604,619,2,وهؤلاء بنو العبيد بن عامر,1,وما كُنتُ أَخشى أَن أراني مُسلماً … وقيس بن كلثومٍ عليَّ أَميرُ
604,619,2,وهؤلاء بنو العبيد بن عامر,2,وكان قد وليَ السند بعد مُحمَّدٍ شهراً.
604,619,2,وهؤلاء بنو العبيد بن عامر,3,وقُرادُ بن جُدع، الذي ضمن الطَّائيَّ للمنذر بن ماء السَّماء، فَتنصَّر المُنذر لمَّا رأى من وفائهِ.
604,619,2,وهؤلاء بنو العبيد بن عامر,4,ومن بني الحارث بن بكر بن عامر: الوليدُ بن تُجيبٍ، الذي قتلَ جُبلةَ ابن زحر الجُعفيّ يوم دير الجماجحم، وكان على اثني عشرَ أَلفاً من القُرَّاءِ.
604,619,2,وهؤلاء بنو العبيد بن عامر,5,ومن بني ربيعةَ بن عامر الأَكبر، وهو الذي يُقالُ لهُ ابن رَقاشِ: حميد بن شملة، صاحب المِزَّةِ، مِزَّة كلب بدمشق.
605,620,2,بنو كنانة بن عوف,1,ومن بني مالك بن عامر، وهو ابن رَقاشِ: صريمُ بن حارثةَ، الذي أَسر سلمى بن جندل بن نهشل التميميّ.
605,620,2,بنو كنانة بن عوف,2,ومنهم: حسَّانُ بن الطَّرامة، وهو حارثةَ بن حوط بن صريم بن حارثةَ بن عامر بن ثعلبةَ الشَّاعر، وحضنته الطَّرامةُ فنُسب إليها.
605,620,2,بنو كنانة بن عوف,3,وولدَ الخزرجُ بن عامر بن عوف: كعباً، وصخراً؛ فانتسب بنو صخر في الأَنصارِ؛ فقالوا: صخر بن الحارث بن الخزرج.
605,620,2,بنو كنانة بن عوف,4,فولدَ كعبُ بن الخزرج: كُليباً، انتسبوا في بني الخزرجِ ايضاً.
605,620,2,بنو كنانة بن عوف,5,هؤلاءِ بنو بكر بن عامر بن عوف بن عذرة بن زيد اللَّه بن رُفيدة بن ثور بن كلب بن وبرة بن تغلب بن حلوان.
605,620,2,بنو كنانة بن عوف,6,وهؤلاءِ
605,620,2,بنو كنانة بن عوف,7,[بنو كنانة بن عوف]
605,620,2,بنو كنانة بن عوف,8,بن عُفرة بن زيد اللَّهُ
605,620,2,بنو كنانة بن عوف,9,وولدَ كنانةُ بن عوف بن عذرةَ بن زيد اللاَّت بن رُفيدة بن ثور بن كلب بن وبرة: عوفاً، وهو أَوُّلُ من ضُربت عليهِ القُبَّة، ودُفع إليه وُدّاً الصَّنم، وهو الذي أَوصى بنته.
605,620,2,بنو كنانة بن عوف,10,وعمراً، وذُهلاً، وكاهلاً، درج.
605,620,2,بنو كنانة بن عوف,11,وأَكدر، والشُّلل، دخلا في تنوخ؛ وليس بشُّلل إِياذ؛ أُمهم: أَسمى بنت قُعين بن الحارث بن ثعلبة بن دُودان بن أَسد.
605,620,2,بنو كنانة بن عوف,12,وكان من بني عمرو بن كنانةَ: عبدَ ودّ سمَّاهُ باسم صنَمِه.
606,621,2,بن عفرة بن زيد الله,1,"وعامرُ الأَجدار، وإِنَّما سُمِّيَ عامر الأَجدارِ أَن رجلاً أَقبل يريدهُ وعامر بن بكر ناحية؛ فقال الرجلُ: "" أَين عامر "" ؛ وعامر بن عوف بن كنانةَ جالس إلى جنب جدار، وهو يومئذٍ بتهامة، فقال: "" أَيّ العامرينِ تُريد! أَعامرَ ابن عوف بن بكر، أَم عامر الجادِر "" فسُمِّي عامر الأَجدر."
606,621,2,بن عفرة بن زيد الله,2,وعمرو بن عوف؛ أُمُّهم: هند بنت أَنمار بن وديعةَ بن لُكيز بن أَفصى بن عبد القيس؛ ولها يقولُ العبديّ:
606,621,2,بن عفرة بن زيد الله,3,إِنَّ بني هندٍ لعوفٍ عَمَّتي … هندٌ لأَنمارِ وأَنمارٌ أَبي
606,621,2,بن عفرة بن زيد الله,4,وولدَ ذُهل بن كنانةُ بن عوف: عوفاً، والحارثَ.
606,621,2,بن عفرة بن زيد الله,5,فولدَ عوفُ بن ذُهل بن كنانة: سالماً، وهو جيحن، لَجيحٍ في بطنهِ، بطن؛ والأَسعد، وحارثةَ.
606,621,2,بن عفرة بن زيد الله,6,فولدَ الأَسعدُ بن عوف بن ذُهل: عامراً، وذُهلاً، والحارثَ، أُمُّهم: نغوة بها يُعرفون.
606,621,2,بن عفرة بن زيد الله,7,منهم: أَبو شرٍّ، وهو عبد الله بن امرئ القيس بن ابن الحارث بن نغوة، كان فارساً في الجاهليَّةِ؛ بقيَّة ولدهِ بدمشق بداريَّا.
606,621,2,بن عفرة بن زيد الله,8,وكان بالكوفةِ منهم ذُهل بن أُسامة بن زيد بن عامر بن مُحلَّم بن عامر بن معوة، وقد دَرَجوا.
607,622,2,بن عفرة بن زيد الله,1,وولدَ عبدُ ودّ بن عوف: عوفاً، وهو الشَّخبُ أُمُّه: نفيرةُ بنت ربيعةَ بن حُويَّة بن عوصِ بن عوف بن عُذرة.
607,622,2,بن عفرة بن زيد الله,2,وعامراً، وعُمراً، أُمُّهما: أُمُّ السِّمطِ بنت عامر بن رِفاعةَ بن الحارث بن بهشَةَ بن سُليم.
607,622,2,بن عفرة بن زيد الله,3,فولدَ عامرُ بن عبد ودّ: كعباً، والوكَّاء، بطن وإِنَّما سُمِّي الوكَّاء ببيتِ قاله رجلٌ من بني عامر الأَجدار.
607,622,2,بن عفرة بن زيد الله,4,وصيفٍ قد أَتيت بغير زادٍ … ورِّقٍ قد شددّتُ لهُ الوكاء
607,622,2,بن عفرة بن زيد الله,5,وهو بطن، وزيد مناة؛ وهو مُخاشن، كان وسيماً، بطن؛ وعوفاً، وهو العرة، وحارثة؛ أُمُّهم: الحرامُ بنت معاوية بن أَهيب بن كلد بن كلب.
607,622,2,بن عفرة بن زيد الله,6,فمن بني الوكَّاء بن عمرو: خناصرةَ.
607,622,2,بن عفرة بن زيد الله,7,وأَخوه: المُسكِّر قُتل يوم نهادةَ، يوم كان بين بني عبد الله وبني عامر بن عوف وبين بني كنانةَ بن عوف.
607,622,2,بن عفرة بن زيد الله,8,والمُسيحُ، وهو حرملةُ بن أَصرم بن الحارث بن الوكَّاء الذي عقدَ حلفَ كنانةَ وبني عبد الله يوم رمّ، ولهُ يقولُ الشَّاعرُ:
607,622,2,بن عفرة بن زيد الله,9,فلو شكرت بهراءُ يوماً بنعمةٍ … إِذا شكرت يوم المُسيح بن أَصرمِ
607,622,2,بن عفرة بن زيد الله,10,حماها من الذُّلِ المُبرَّجِ بعدما … كساهُ الفزاريونَ من لونِ عظلَمِ
607,622,2,بن عفرة بن زيد الله,11,ومنهم: القَمرُ بن نُهيٍّ بن أَبي حُطيطٍ بن أَبي سلمى بن الحارث بن الوكَّاءِ، ولهُ يقولُ الشَّاعرُ:
608,623,2,بن عفرة بن زيد الله,1,وقائلةُ ودمع العين تَجري … لقد خضا على القمرِ الذِّهابا
608,623,2,بن عفرة بن زيد الله,2,ومنهم: بنو الجغجب، بطن.
608,623,2,بن عفرة بن زيد الله,3,ومن بني المحاسن بن عمرو بن عبد ودٍّ: وبرةَ بن رومانس بن معقل بن عمرو بن عبدَ ودّ أَخو النُّعمان لأُمهِ سلمى بنت وائل بن عطيَّةَ، وهو الذي أَسرَ يزيد بن الصَّعق يوم القُرنتين، وماتَ بالبردان من طريق الشامِ، ولهُ يقول عمرو بن الأَسود:
608,623,2,بن عفرة بن زيد الله,4,أَيا عين جودي بالدقاقِ … على مردي قُضاعة بالعراقِ
608,623,2,بن عفرة بن زيد الله,5,لقد تركوا على البردان قبراً … ونادوا بارتحالِ وانطلاقِ
608,623,2,بن عفرة بن زيد الله,6,فلو أَبقيتك وانيةٌ ومجدٌ … وجدٌّ صاعدٌ لوقاك واق
608,623,2,بن عفرة بن زيد الله,7,وولدَ حارثةُ بن عبد ودّ بن عوف بن كنانةَ: الحارث، ووهباً؛ أُمُّهم: سلولُ بنت زبَّان من بني كنانةَ بن القين بن جسر، بها يُعرفون.
608,623,2,بن عفرة بن زيد الله,8,وولدَ الشَّجبُ بن عبد ودّ بن عوف بن كنانةَ: عامراً؛ وهو المُتمنِّي، لأَنه
609,624,2,بن عفرة بن زيد الله,1,تمنَّى تزوُّجَ امرأَتين من عامر الأَجدار، وأَسْرَ بدًا بن الحارث بن بدَّا الكلبيّ، فتزوَّجها وأَسر بدَّا، فقالَ:
609,624,2,بن عفرة بن زيد الله,2,تمنيتُ أَن أَلقى رقاش قتلتها … وأَسر ابنَ بدَّا بالسُّيوفِ القواضبِ
609,624,2,بن عفرة بن زيد الله,3,من ولدهِ: عمرو بن زيد بن عامر المُتمنِّي، وقد رأَس وكان على بني كنانة يوم سيف.
609,624,2,بن عفرة بن زيد الله,4,وأَخوه جُلحةُ بن زيد، كان شريفاً، قتلهُ أهل فداكٍ.
609,624,2,بن عفرة بن زيد الله,5,وحارثةُ بن أَوس بن طريف بن المُتمنِّي، وهو الشَّاعر الجاهليّ الذي يقولُ:
609,624,2,بن عفرة بن زيد الله,6,ونجا أُناسُ من سُنيف مُحبَّبٌ … تراهُ إِذا ما جدَّت الخيل لَعبُ
609,624,2,بن عفرة بن زيد الله,7,أَبو أُمِّهِ التَّريب أَو هو خالهُ … إلى كل عرقٍ صالح يتنسبُ
609,624,2,بن عفرة بن زيد الله,8,فَرسٌ لبني سَلُول.
609,624,2,بن عفرة بن زيد الله,9,وأَبو شهلة بن عبد الله بن المُتمنِّي، الشَّاعر الجاهليّ.
609,624,2,بن عفرة بن زيد الله,10,ومنظورُ بن أَفعى بن زيد بن خالد بن معاوية، ومرضَ هو وحسَّانُ بن مالك فعادهما عبد الملك بن مروان وهو خليفةٌ، ثم انصرف وهو يقولُ:
610,625,2,بن عفرة بن زيد الله,1,ومالي في دمشقَ ولا قُراها … مبيتٌ إِن عرضتُ ولا مقيلُ
610,625,2,بن عفرة بن زيد الله,2,ومالي بعد حسَّان بن عمروٍ … ومالي بعد منظورٍ خليلُ
610,625,2,بن عفرة بن زيد الله,3,وكان المُتمنِّي طبيب العرب في زمانهِ، ولهُ يقولُ قَتادة بن عمرو حين قتلت كلب إِياسَ بن خصف الطائيّ من بني جديلةَ:
610,625,2,بن عفرة بن زيد الله,4,لعمرُكَ ما عارُ ابن خصفٍ بذاهبٍ … ولا مُبرئٍ منهُ طبيبَ بني السخب
610,625,2,بن عفرة بن زيد الله,5,دعا دعوةَ مُصورَّةً نآلِ عامرٍ … وقد خرجت منهُ بواقدُ كالسَّعب
610,625,2,بن عفرة بن زيد الله,6,لعمركَ ما أَبكيهِ من حنظي بهِ … ولكنَّني أَبكيه للضيفِ والسبب
610,625,2,بن عفرة بن زيد الله,7,وولدَ عامرُ بن عبد ودّ بن عوف بن كنانة: النُّعمان، حوطاً؛ أُمُّهما: سلمى بنت عامر الأَجدارِ بن عوف بن كنانة.
610,625,2,بن عفرة بن زيد الله,8,وولدَ النُّعمان بن عامر بن عبد ودِّ بن عوف بن كنانة: عامراً، وعمراً.
610,625,2,بن عفرة بن زيد الله,9,فولدَ عمرو بن النُّعمان بن عامر بن عبد ودّ بن عوف: سلمة، بطن، والحُريثَ.
610,625,2,بن عفرة بن زيد الله,10,فولدَ سلمةُ بن عمرو بن النُّعمان بن عامر بن عبد ودّ: خيبريّا، ومالكاً، وعامراً، وزيداً.
610,625,2,بن عفرة بن زيد الله,11,منهم: عُميرُ بن الكبح. كان شريفاً.
611,626,2,بن عفرة بن زيد الله,1,فولدَ زيدُ بن سلمة بن عمرو بن النُّعمان بن عامر بن عبد ودّ: قيساً، وشأساً، أُمُّهما المدنيَّة الحبشيَّة بها يُعرفون.
611,626,2,بن عفرة بن زيد الله,2,ومنهم: مسعود بن زيد الراجز.
611,626,2,بن عفرة بن زيد الله,3,ومن بني زيد سلمة بن عمرو: العكيس بن خليفةَ بن روَّاد بن موقنةَ بن مالك، وهو دليلُ حُميد بن حُويت بن بحدلٍ على فزارة حين أَغار عليهم.
611,626,2,بن عفرة بن زيد الله,4,ومن بني خيبريّ بن سلمة بن عمرو بن النُّعمان بن عامر بن عبد ودٍّ: ثعلبةُ بن خيبريّ، رئيس بني كنانة يوم نهادة.
611,626,2,بن عفرة بن زيد الله,5,ومن ولد ثعلبة بن خيبريّ بن سلمة بن عمرو بن النُّعمان: الحكم بن عوانةَ بن عياض بن ورد بن عبدِ الحارث بن أَبي حصن بن ثعلبة بن خيبريّ بن سلمة بن عمرو وليَ السِّند، وقُتل بها، وكان علامةً بالأخبارِ والأَنسابِ.
611,626,2,بن عفرة بن زيد الله,6,وماطلُ بن خيبريّ، وهو بطن، إليه تُنسب الأَبِل الماطليَّة.
611,626,2,بن عفرة بن زيد الله,7,وابنهُ النُّعمانُ بن خالدُ، قتله ماطل بن الوليد المخزُميّ يوم بعثه النبي ﷺ ، لكسر ودّ، الصَّنم.
611,626,2,بن عفرة بن زيد الله,8,وابنهُ قِرفةُ بن ماطل صاحب الحمالةِ.
611,626,2,بن عفرة بن زيد الله,9,والأَغرُّ بن خيبريّ، بطن.
611,626,2,بن عفرة بن زيد الله,10,وولدَ عامرُ بن النُّعمان بن مر بن عبد ودّ بن عوف بن كنانة: امرأ القيس.
611,626,2,بن عفرة بن زيد الله,11,فولدَ امرؤُ القيس بن عامر بن النُّعمان بن عامر بن عبد ودّ بن عوف بن
612,627,2,بن عفرة بن زيد الله,1,كِنانة: عبد العزَّى، وكعباً، وعمراً أُمُّهم: ليلى بنت عَريج بن عبد رُضا بن حسل بن عامر بن عمرو بن عوف بن كنانة؛ وحضنتهم المدنيَّةُ وكانت سوداءاً فغلبت عليهم.
612,627,2,بن عفرة بن زيد الله,2,وكان عبد العزَّى جميلاً شريفاً، وفد على بعض بني جفنة بأقواسٍ فقبلها، وأعجبه حديثه وكان سامره.
612,627,2,بن عفرة بن زيد الله,3,"فقتلت بنو الحميم بن عامر بن عمرو بن عوف بن كنانة ابنا لهُ، فقال لعبد العزَّى: "" آتني بهم "" فقال: "" إِنَّهم قومٌ أَحرار ليس لي عليهم فضلٌ إِلاَّمال وعُدد "" ، فكتب إلى قومه يُنذرهم؛ فقال في شعر لهُ طويل:"
612,627,2,بن عفرة بن زيد الله,4,جزاني جزاهُ اللَّهُ خيرَ جزايةِ … جزاء سنمَّار ما كان ذا ذنبِ
612,627,2,بن عفرة بن زيد الله,5,ومن بني عبد العزَّى بن امرئ القيس: زيدُ الحبّ، حبُّ رسول اللهِ ﷺ ؛ وجبلةُ، ابنا حارثة بن شراحيل بن عبد العزَّى بن امرئ القيس بن عامر، شهدَ بدراً مع النبي ﷺ .
613,628,2,بن عفرة بن زيد الله,1,وابنهُ أُسامةُ بن زيد الرِّدفُ.
613,628,2,بن عفرة بن زيد الله,2,وولدَه مُحمَّد، والحُسين، وزيد، بنو أُسامة.
613,628,2,بن عفرة بن زيد الله,3,ومصادُ بن عتَّاب بن قيس بن كعب بن شراحيل الشَّاعر.
613,628,2,بن عفرة بن زيد الله,4,وشرُ بن عمرو بن الحارث بن عبد العزَّى بن امرئ القيس بن عامر بن النُّعمان بن عامر بن النُّعمان بن عامر بن عبد ودٍّ، شهدَ الجملَ وصفِّين مع أمير المؤمنين عليّ بن أَبي طالب، ﵇ ، ومعهُ بنوه: السَّائبُ، وعبدُ الرَّحمان، وعُبيدُ، بنو بشرٍ.
613,628,2,بن عفرة بن زيد الله,5,فقُتل السَّائبُ مع مُصعب بن الزُّبير بالكوفة، ولهُ يقولُ ورقاءُ النخعيّ:
613,628,2,بن عفرة بن زيد الله,6,من مُبلغاً عنَّي عُبيداً بأنَّني … علوتُ أَخاهُ بالحُسام المُهنَّدِ
613,628,2,بن عفرة بن زيد الله,7,فإن كُنت تبغي العلم عنهُ فإنَّه … مُقيمٌ لدى الدَّيرين غير مُوسدِ
613,628,2,بن عفرة بن زيد الله,8,وعمداً علوتُ الرَّأس منه بِصارمٍ … فأَثكلتهُ سُفيانَ بعَد مُحمَّدِ
614,629,2,بن عفرة بن زيد الله,1,وابنهُ مُحمَّد بن السَّائب، صاحب التفسير والانساب.
614,629,2,بن عفرة بن زيد الله,2,وأَخوهُ سُفيان بن السَّائب.
614,629,2,بن عفرة بن زيد الله,3,وابنهُ هشامُ بن مُحمَّد بن السائب، الراوي عن أبيه.
614,629,2,بن عفرة بن زيد الله,4,ومن بني عمرو بن أمرئ القيس بن عامر بن النُّعمان بن عامر: الشرقيُّ، وهو الوليدُ بن القطاميّ، وهو الحُصين بن جمال بن حبيب بن جابر بن مرابق، وهو مالك بن عمرو بن أمرئ القيس النسَّابة، كان في صحابةِ أَبي جعفرٍ المنصور والمهديّ جميعاً.
614,629,2,بن عفرة بن زيد الله,5,وكان القطاميُّ شاعراً، أَفلت يوم بناتِ قينٍ على رجليه، وله يقولُ الرَّاعي النُّميريّ:
614,629,2,بن عفرة بن زيد الله,6,طلبنَ فأدركنَ الحُصين وواصلاً … وبانَ على الماءِ الذُّرى والرَّوابيا
614,629,2,بن عفرة بن زيد الله,7,برزنا لصغَّابي فلم ندع … كلبٍ ولا أَفناء تغلب باقيا
614,629,2,بن عفرة بن زيد الله,8,وللقطاميّ يقول سنانُ بن مُكمَّل النُميريّ:
615,630,2,وهؤلاء بنو عامر الأجدار بن كنانة,1,لولا سَوادٌ يا حُصين لصبَّحت … بنو عبد ودٍّ مثل راغيةِالبكرِ
615,630,2,وهؤلاء بنو عامر الأجدار بن كنانة,2,سوادُ من بني عبد الله بن كنانةَ بن كلبٍ.
615,630,2,وهؤلاء بنو عامر الأجدار بن كنانة,3,ومن بني كعب بن أمرئ القيس: حرملة بن الصمح بن كعب بن امرئ القيس، دليلُ كلب.
615,630,2,وهؤلاء بنو عامر الأجدار بن كنانة,4,وعبدُ الأَعلى بن زيد بن الشجاع بن كعب، قتلَ مع الحُسين بن عليّ بالطَّفِّ، ﵇ .
615,630,2,وهؤلاء بنو عامر الأجدار بن كنانة,5,وولدَ حوطُ بن عامر بن عبد ودٍّ بن عوف بن كنانة: زيداً؛ أُمُّه: هدمُلةُ بنت الثُعيل بن أَبي جُشم بن كعب بن عمرو بن يحيون بن يام مناة بن شبيب بن دُريم بن القين بن أَهود بن بهراء، بها يُعرفون.
615,630,2,وهؤلاء بنو عامر الأجدار بن كنانة,6,منهم: الحبَّةُ بن بثربيّ بن عُبيد بن ثعلبة بن عديّ بن زيد بن حوط، كان شريفاً في الجاهليَّةِ.
615,630,2,وهؤلاء بنو عامر الأجدار بن كنانة,7,هؤلاءِ بنو عبد ودّ بن عوف.
615,630,2,وهؤلاء بنو عامر الأجدار بن كنانة,8,وهؤلاءِ بنو عامر الأَجدار بن كنانة
615,630,2,وهؤلاء بنو عامر الأجدار بن كنانة,9,وولدَ عامرُ الأَجدار بن عوف بن كنانة: مالكاً، وعوفاً، وسبعاً، وعبد العزَّى، وعبدَ مناة يُقالُ لهؤلاءِ الخمسةِ التَّوائم، وهم بطون.
615,630,2,وهؤلاء بنو عامر الأجدار بن كنانة,10,وتيم اللَّهِ، وحبيباً، ومرَّةَ بطون.
616,631,2,وهؤلاء بنو عامر الأجدار بن كنانة,1,وبطون مُرَّة هم الذين قتلوا بني وابش بن زيد بن عدوان في وقعةٍ كانت بينهم، وفيها يقولُ القائلُ:
616,631,2,وهؤلاء بنو عامر الأجدار بن كنانة,2,يا مُرَّةَ بن وابشٍ يا مرَّهْ … كُلُّ قتيلٍ وابشيٍّ عُرَّه
616,631,2,وهؤلاء بنو عامر الأجدار بن كنانة,3,فولدَ تيمُ اللَّهِ بن عامر الأَجدار: ثعلبة، ومالكاً، ورقبة، وعنمة، لم يكن في الأَرضِ كلبيُّ أَمنع منه في زمانهِ، كان لا يُورد حوضُهُ، قتله بنو تيم اللَّهِ بن رُفيدة؛ فجرَّ قتلهُ حلف كلب وتميم.
616,631,2,وهؤلاء بنو عامر الأجدار بن كنانة,4,والأَسعدُ بن ثعلبة؛ وتمَّاً، وهو الاحج الشَّاعر.
616,631,2,وهؤلاء بنو عامر الأجدار بن كنانة,5,فمن بني عنمة: عمرو بن عروةَ بن الغدَّاء بن كعب بن بهوش بن عامر بن عنمة الشَّاعر.
616,631,2,وهؤلاء بنو عامر الأجدار بن كنانة,6,وولدَ رُقبةُ بن تيم اللَّهِ بن عامر الأجدار بن عوف بن كنانة: الحارث، وحيّاً.
616,631,2,وهؤلاء بنو عامر الأجدار بن كنانة,7,فولدَ الحارثُ بن رُقبة: أَصرم، وزالانَ، وعامراً، وعبد الله، والأَزين.
616,631,2,وهؤلاء بنو عامر الأجدار بن كنانة,8,فولدَ الأَصرمُ بن الحارث بن رُقبةَ: صفواناً، وواسعاً، وعفارة، وأبا عُذرةَ.
616,631,2,وهؤلاء بنو عامر الأجدار بن كنانة,9,فولدَ صفوانُ بن الأَصرم: جعداً، وشيبان، ودجاجةَ، ولبيداً، وسبطاً.
616,631,2,وهؤلاء بنو عامر الأجدار بن كنانة,10,منهم: خُزيمةُ بن حرب بن دجاجةَ الشَّاعر.
616,631,2,وهؤلاء بنو عامر الأجدار بن كنانة,11,وولدَ واسعُ بن الأَصرم بن الحارث بن رقبة بن تيم اللَّهِ: جبلةَ، وعُبيدة، وقطناً.
616,631,2,وهؤلاء بنو عامر الأجدار بن كنانة,12,فولد عُفارة بن الأَصرم: عامراً، وزيد مناة.
617,632,2,وهؤلاء بنو عامر الأجدار بن كنانة,1,وولدَ رالانُ بن الحارث بن رقبةَ: الحارثَ ومبذولاً، وضمرةَ، وأَوساً، ووهباً، ونضلةَ.
617,632,2,وهؤلاء بنو عامر الأجدار بن كنانة,2,فولدَ مبذول بن رالان بن الحارث بن رقبةَ: نجبةَ، ومسعوداً، ونُعيماً، وصبرةَ.
617,632,2,وهؤلاء بنو عامر الأجدار بن كنانة,3,وولدَ مالكُ بن تيم اللَّهِ بن عامر الأجدار بن عوف بن كنانة: الحارثَ، وهو أَبو حرزٍ: وأَبا مالكٍ، وربيعةَ.
617,632,2,وهؤلاء بنو عامر الأجدار بن كنانة,4,فولدَ الحارثُ بن مالك بن تيم اللَّهِ: العُبيدَ، بطن.
617,632,2,وهؤلاء بنو عامر الأجدار بن كنانة,5,فولدَ العُبيدُ بن الحارث بن مالك بن تيم اللَّهِ: عَوفاً، وكلبةَ.
617,632,2,وهؤلاء بنو عامر الأجدار بن كنانة,6,وولدَ مالكُ بن تيم اللَّهِ بن عامر الأَجدار: حارثةَ، وخُديجاً.
617,632,2,وهؤلاء بنو عامر الأجدار بن كنانة,7,منهم: زُهير بن مكحول بن حارثةَ بن أبي مالك، وقد رأس.
617,632,2,وهؤلاء بنو عامر الأجدار بن كنانة,8,وأَخوهُ كُليبُ بن مكحول، قُتل مع زيد بن حارثةَ بمؤتةَ، ولهُ يقولُ الشَّاعرُ:
617,632,2,وهؤلاء بنو عامر الأجدار بن كنانة,9,دعاني ابنُ مكحول لأَشهدَ أمره … فقلتُ يئيسِ صُرَّع دار آثمِ
617,632,2,وهؤلاء بنو عامر الأجدار بن كنانة,10,فإِن عبدَ ودٍّ ثائرٌ فيكم به … أَذا ريبه يدعون دينَ الأَعاجمِ
617,632,2,وهؤلاء بنو عامر الأجدار بن كنانة,11,وهو الذي يقولُ ويمنُّ على معاويةَ بن أَبي سُفيان، وعلى عليّ بن أَبي طالبٍ ﵇ ؛ وعبد ودٍّ، وجعلَ معهما الحُلاسَ بن عُمير من بني عَديّ ابن جناب، كاتباً لهما يُصدِّقون من كان في طاعةَ عليّ من كلب وبكر بن وائلٍ، فأخذوا على شاطئ الفُراتِ حتَّى شارفوا أَرض كلب، فنذرَ
618,633,2,وهؤلاء بنو عمرو بن عوف بن كنانة,1,بهم زُهيرُ بن مكحولُ، فخرج إليهم، فَقُتل الأَشجعيُّ، وأفلتَ الحلاسُ، وحملَ عُروة من العشيَّة على فرسين فأَتى عَليَّاً، ﵇ ، بالكوفةِ فأخبره بخبرهِ، وقال: تعصَّبتَ، ففارقه فأَتى مُعاوية بن أَبي سُفيان وقال:
618,633,2,وهؤلاء بنو عمرو بن عوف بن كنانة,2,أَبلغ أَبا حَسنٍ إِذا ما جئتهُ … ذاك الصياع إِليكَ والأبساءُ
618,633,2,وهؤلاء بنو عمرو بن عوف بن كنانة,3,ولو كنت رأيتنا عشيَّةَ جعفرٍ … جاشت إِليك النفس والأَحساءُ
618,633,2,وهؤلاء بنو عمرو بن عوف بن كنانة,4,إِذ نحسِبُ الصحراءَ خلفَ ظُهورنا … خيلاً، وإِنَّ أَمامنا صحراءُ
618,633,2,وهؤلاء بنو عمرو بن عوف بن كنانة,5,ومرَّ الحُلاسُ براعي فأعطاهُ جُبَّةَ خزٍّ، وأخذ منه عباءةَ فلبسها، وأخذ نعليه في يدهِ فأخذ منهُ الخيل، فقالوا: أَين أَخذها هؤلاء البراثيون فأَشار إليهم خذوها ها هُنا؛ ثمَّ أَقبل إلى الكوفةِ، فقال جوَّاس بن القعطلِ:
618,633,2,وهؤلاء بنو عمرو بن عوف بن كنانة,6,نجا حُلاسُ وعليه عباءةٌ … وقوَّال إِني جيِّدُ الصَّرِّ حالبُ
618,633,2,وهؤلاء بنو عمرو بن عوف بن كنانة,7,ولو تبعتهُ بالكتيبِ خُيُولهم … لأَودى كما أَودى سُمير وحاطِبُ
618,633,2,وهؤلاء بنو عمرو بن عوف بن كنانة,8,وصارَ لغار القبر ميتٍ مُسلماً … خياراً ولم يثأَر به الدَّهر طالبُ
618,633,2,وهؤلاء بنو عمرو بن عوف بن كنانة,9,هؤلاءِ بنو عامر الأَجدار بن عوف بن كنانة
618,633,2,وهؤلاء بنو عمرو بن عوف بن كنانة,10,وهؤلاءِ بنو عَمرو بن عوف بن كنانة
618,633,2,وهؤلاء بنو عمرو بن عوف بن كنانة,11,وولدَعَمرو بن عوف بن كنانة: عامراً، وحسلاً، دخل في عبدِ القيس؛ فقالوا: حِسل بن عمرو بن بكرة بن عوف بن أَنمار.
618,633,2,وهؤلاء بنو عمرو بن عوف بن كنانة,12,ويعمَرَ، دَرج.
618,633,2,وهؤلاء بنو عمرو بن عوف بن كنانة,13,وحُبشيَّاً، دخل في بني حسل بن عامر بن عوف، وحُباشةَ، درج.
618,633,2,وهؤلاء بنو عمرو بن عوف بن كنانة,14,وحجلاً، وهو الحارثُ، كان أَوَّلَ كلبيّ ربع؛ وإِنَّما سُمِّي حجلاً لأَنَّ
619,634,2,وهؤلاء بنو عمرو بن عوف بن كنانة,1,"كلباً جعلوه ربيئةً، فقال: "" إِنْ جئتكُم أَحجل فقد أُتيتُم "" فسُمِّي حجلاً؛ ولهُ يقول هُبل بن عبد الله:"
619,634,2,وهؤلاء بنو عمرو بن عوف بن كنانة,2,يا رُبَّ يومٍ فرَّعني فيه هُبل … لهُ نوال وداود وحول
619,634,2,وهؤلاء بنو عمرو بن عوف بن كنانة,3,كأَنَّه في العِزِّ عوفٌ أَو حجل عوف هو الشَّخبُ بن عبد ودٍّ.
619,634,2,وهؤلاء بنو عمرو بن عوف بن كنانة,4,فولدَ عامرُ بن عوف بن كنانةَ: حُبيلاً، وعوفاً، وهو الحميم، بطن مع عبد مناف بن حُبيل.
619,634,2,وهؤلاء بنو عمرو بن عوف بن كنانة,5,فولدَ حُبيلُ بن عامر بن عمرو: عبدَ مناة، وعبدَ رُضا، وعبد العزَّى، وعبد الله، ومنقذاً، ورَوَاحةَ، وسعداً.
619,634,2,وهؤلاء بنو عمرو بن عوف بن كنانة,6,فولدَ عبدُ رُضا بن حُبيل بن عمر بن عمرو بن عوف بن كنانة: مُعاويةَ، وهو عُريج، إليهِ البيتُ والعدد؛ وكعباً، ورثة، وامرأ القيس.
619,634,2,وهؤلاء بنو عمرو بن عوف بن كنانة,7,فمن بني عُريج بن عبد رُضا: نُعيمُ بن حارثةَ، كان شريفاً مع بني أُميَّة.
619,634,2,وهؤلاء بنو عمرو بن عوف بن كنانة,8,وولد كعبُ بن عبد رُضا: ربيعاً، بطن.
619,634,2,وهؤلاء بنو عمرو بن عوف بن كنانة,9,منهم: الفدعمل بن ربيع بن حارثةَ، وقد رأَسَ، وهو الذي قتل جعفر بن أبي خُلاسٍ من بني عبد الله يوم نهادة.
619,634,2,وهؤلاء بنو عمرو بن عوف بن كنانة,10,والربيعُ بن مُحمَّد بن عامر بن ربيع بن حارثةَ، الذي قتله بنو تغلب فقالت ابنته:
620,635,2,وهؤلاء بنو عمرو بن عوف بن كنانة,1,نفيتَ عن الأَولادِ بكر بن وائلٍ … وتغلب قد أَحجرتها كُلَّ محجرِ
620,635,2,وهؤلاء بنو عمرو بن عوف بن كنانة,2,وحكيمُ بن عبَّاس بن بشر بن حبتر بن كعب بن ربيع الأَعور الشَّاعر.
620,635,2,وهؤلاء بنو عمرو بن عوف بن كنانة,3,وولدَحارثةُ بن عبد رضا: مُرَّةَ، رَهط مُحمَّد بن عِرار بن أَوس بن ثعلبة بن مُرَّة، ولي السِّند، وقتلهُ منصور بن جُمهور.
620,635,2,وهؤلاء بنو عمرو بن عوف بن كنانة,4,ومسعودُ بن عوف بن زيد بن رِثة، ولي لهام بن عبد الملك بن مروان.
620,635,2,وهؤلاء بنو عمرو بن عوف بن كنانة,5,وولدَ عبد الله بن حُبيل: قطناً، ووادعاً.
620,635,2,وهؤلاء بنو عمرو بن عوف بن كنانة,6,وولدَ عبد مناف بن حُبيل: الأَعسر، بطن؛ والأَمحضَ، بطن، وكعباً، وامرأ القيس.
620,635,2,وهؤلاء بنو عمرو بن عوف بن كنانة,7,فولدَ كعبُ بن عبد مناة: عمراً، وهو الزيدُ، بطن، يعدل إلى الكلاع.
620,635,2,وهؤلاء بنو عمرو بن عوف بن كنانة,8,فولدَ الأَعسر بن عبد مناة بن حُبيل: نُعمان، وعصاماً، وجابراً.
620,635,2,وهؤلاء بنو عمرو بن عوف بن كنانة,9,فولدَ نُعمانُ بن الأعسر: فروةَ، وجابراً، ومعدان.
620,635,2,وهؤلاء بنو عمرو بن عوف بن كنانة,10,وولدَ حجلُ بن عمرو بن عوف بن كنانة: مالكاً، وهو اثمُ.
620,635,2,وهؤلاء بنو عمرو بن عوف بن كنانة,11,فولدَ مالكُ بن حجل: عمراً، وعبد العزَّى، وخالداً، وعامراً.
620,635,2,وهؤلاء بنو عمرو بن عوف بن كنانة,12,منهم: خالد بن مالك بن حجل الشَّاعر.
620,635,2,وهؤلاء بنو عمرو بن عوف بن كنانة,13,والكنفُ بن المحران بن جندل، كان أَشدَّ فارس كان في زمانهِ جاهليّ.
620,635,2,وهؤلاء بنو عمرو بن عوف بن كنانة,14,وحُرقةُ بن أَوس بن عبد رُضا بن مالك بن حجل، وهما اللَّذان قتلا يزيد بن هاشم بن حرملة الأَشعر بن إِياس بن صرمةَ بن مُرَّة.
620,635,2,وهؤلاء بنو عمرو بن عوف بن كنانة,15,هؤلاءِ بنو عُذرة بن زيد اللاَّت بن رُفيدة بن ثور بن كلب.
621,636,2,وهؤلاء بنو أسود بن زيد اللات,1,وهؤلاءِ بنو أَسود بن زيد اللاَّت
621,636,2,وهؤلاء بنو أسود بن زيد اللات,2,وولدَ أَبو سُود بن زيد اللاَّت بن رُفيدة بن ثور بن كلب: بكراً، بطن، وهو الذي سَفَر عن ابن أَخيه قميصةُ وهو مُنبطح، فسُمِّي سافراً؛ ومالكاً.
621,636,2,وهؤلاء بنو أسود بن زيد اللات,3,فولدَ مالكُ بن أَبي سُود: سافراً: بطن.
621,636,2,وهؤلاء بنو أسود بن زيد اللات,4,فولدَ سافرُ بن مالك بن أبي سُود بن زيد اللاَّت: عوفاً، بطن يعدِل إلى ثَمودُة، يقولون هو عوف بن سافر بن المُنذر بن دُوان بن عمرو بن لبيد بن حَراس بن زُميل بن الميلِ بن الغوث بن ثُمودةَ، وهم في بني عامر؛ أُمُّه: أُمامةُ بنت بكر بن عوف بن عُذرة بن زَيد اللاَّت بن رُفيدة بن ثور بن كلب بن وبرة.
621,636,2,وهؤلاء بنو أسود بن زيد اللات,5,فولدَ بكرُ بن أَبي سُود: الحارثُ، وذُهلاً.
621,636,2,وهؤلاء بنو أسود بن زيد اللات,6,منهم: قُدامةُ بن زيد بن أَوس بن حارثةَ بن الجعد بن عامر بن رُقبة بن أَبي عَديّ بن عوف بن الحارث بن بكر بن أَبي سُود.
621,636,2,وهؤلاء بنو أسود بن زيد اللات,7,ومنهم: مُلحةُ: وهو أَبو حَشيشةَ بن قيس بن الحارث بن بكر بن أَبي سُد، لَهُم شَرَفٌ وشعر.
621,636,2,وهؤلاء بنو أسود بن زيد اللات,8,وعَديُّ بن جبلة بن عركي بن حنجرة بن خلاوةَ بن ثعلبة بن قيس بن الحارث بن بكر بن أَبي سُود، وهو الذي قتلته طيِّئ، فقالت المرأُة تَرثيةُ:
621,636,2,وهؤلاء بنو أسود بن زيد اللات,9,يا عَديّاً يا عَديّاً من لخيلِ وسبى … جاءت الخضراءُ تُردى وبها نضحُ الدِّما
621,636,2,وهؤلاء بنو أسود بن زيد اللات,10,والخضراءُ فرسهُ، وإِليهِ البيت من بني بكر بن أَبي سُود.
621,636,2,وهؤلاء بنو أسود بن زيد اللات,11,وعَطَّافُ بن أَبي حَبيبة الشَّاعر.
621,636,2,وهؤلاء بنو أسود بن زيد اللات,12,وعبدُ الرَّحمان بن سعفرةِ الشَّاعر.
621,636,2,وهؤلاء بنو أسود بن زيد اللات,13,هؤلاءِ بنو زيد اللاَّت بن رُفيدة بن ثور بن كلب بن وبرة.
622,637,2,وهؤلاء بنو وهب اللات بن رفيدة,1,وهؤلاءْ بنو وهب اللاَّت بن رُفيدة
622,637,2,وهؤلاء بنو وهب اللات بن رفيدة,2,وولدَ وهبُ اللاَّت بن رُفيدة بن ثور بن كلب بن وبَرةَ بن تغلب: غَنماً، ووذَمَ، ويعمر، والمُنتجعُ، والمُجذَّع.
622,637,2,وهؤلاء بنو وهب اللات بن رفيدة,3,فولدَ غنمُ بن وهب اللاَّت: عمراً.
622,637,2,وهؤلاء بنو وهب اللات بن رفيدة,4,فولدَ عمرو بن غنم بن وهب اللاَّت: مالكاً.
622,637,2,وهؤلاء بنو وهب اللات بن رفيدة,5,فولدَ مالكُ بن عمرو بن غنم: الكسرَ، وعوفاً، وعُبيداً، ورزاحاً، بنو مالك.
622,637,2,وهؤلاء بنو وهب اللات بن رفيدة,6,فَولدَ عَوفُ بن مالك بن عمرو بن غنم: سلامةَ، وواسعاً.
622,637,2,وهؤلاء بنو وهب اللات بن رفيدة,7,فولدَ واسعُ بن عوف بن مالك بن عمرو بن غنم: خَلَاوةَ، وعامراً، ومُهشِّماً.
622,637,2,وهؤلاء بنو وهب اللات بن رفيدة,8,وولدَ سلامةُ بن عوف بن مالك بن عمرو بن غنم: قيساً، وعبدَ عمرو، والحَوَّال.
622,637,2,وهؤلاء بنو وهب اللات بن رفيدة,9,وولدَ عامرُ بن واسع بن عوف بن مالك بن عمرو: عَدياً، وعلقَمَةَ.
622,637,2,وهؤلاء بنو وهب اللات بن رفيدة,10,فولدَ عَديُّ بن عامر بن واسع: جبَلَةَ، وعَلاثَةَ، وأَبا أُمامَةَ، وسِناناً.
622,637,2,وهؤلاء بنو وهب اللات بن رفيدة,11,وَولدَ عُبيدُ اللَّه بن مالك بن عمرو بن غنم بن وهب اللاَّت بن رُفيدةَ: عَديّاً، وأَسفعَ، بطن.
622,637,2,وهؤلاء بنو وهب اللات بن رفيدة,12,فَوَلدَ عَديُّ بن عُبيد بن مالك بن عمرو: سَلامةَ، وشمَّاخاً، بطنان عَظيمان.
623,638,2,وهؤلاء بنو وهب اللات بن رفيدة,1,وولدَ الكسرُ بن مالك بن عمرو بن غنم بن وهب اللاَّت: عميتاً.
623,638,2,وهؤلاء بنو وهب اللات بن رفيدة,2,وولدَ وذَمُ بن وهب اللاَّت: مالكاً، وتيم اللاَّت، دَرجَ، في تغلب.
623,638,2,وهؤلاء بنو وهب اللات بن رفيدة,3,والحزر، وربانةَ، دَرَجَ، في تَغِلب.
623,638,2,وهؤلاء بنو وهب اللات بن رفيدة,4,فولدَ الحارثُ بن وذمَ: هنبة، دَرَجَ في بني الحارث بن زُهير بن تيم بن أُسامةَ بن مالك بن بكر بن حبيب بن عمرو بن غنم بن تَغلِب.
623,638,2,وهؤلاء بنو وهب اللات بن رفيدة,5,وولدَ وَذَمُ بن وهب اللاَّت: المنجابَ، بطن، ومَرَّان، بطن، معَ بني المنجاب.
623,638,2,وهؤلاء بنو وهب اللات بن رفيدة,6,فولدَ المِنجابُ بن مالك بن وذم: رَبيعةَ، وكعباً.
623,638,2,وهؤلاء بنو وهب اللات بن رفيدة,7,فَولدَ رَبيعةُ بن المِنجاب: حَراماً، وأَثربيَّاً.
623,638,2,وهؤلاء بنو وهب اللات بن رفيدة,8,فوَلَدَ أَثربيُّ بن ربيعة بن المنجاب: خالداً، والأَخنسَ، وربيعة.
623,638,2,وهؤلاء بنو وهب اللات بن رفيدة,9,فولَدَ حَرامُ بن ربيعةَ بن المنجاب: مُورقاً.
623,638,2,وهؤلاء بنو وهب اللات بن رفيدة,10,فوَلَدَ مُورقٌ بن حرام بن ربيعة بن المنجاب: بَدَلةَ، وحبلَةَ، ومُعلساً.
623,638,2,وهؤلاء بنو وهب اللات بن رفيدة,11,وولدَ كعبُ بن المنجاب: لقطاً، والصُّباحَ.
623,638,2,وهؤلاء بنو وهب اللات بن رفيدة,12,فولدَ الصباحُ بن كعب: مُرَّةَ، ويزيد.
623,638,2,وهؤلاء بنو وهب اللات بن رفيدة,13,وولدَ لقيطُ بن بن كعب: زُهيراً، ومسعوداً.
623,638,2,وهؤلاء بنو وهب اللات بن رفيدة,14,وولدَ تيمُ اللَّهِ بن وذم: زُهيراً.
623,638,2,وهؤلاء بنو وهب اللات بن رفيدة,15,فولدَ زُهير بن تيم اللَّهِ: الحارثَ.
623,638,2,وهؤلاء بنو وهب اللات بن رفيدة,16,فولدَ الحارثُ بن زُهير: هَنيةَ، وعبدَ بكرٍ؛ أُمُّهما: هندُ بنت مسلم بن شَكل بن الحارث بن عُرينةَ بن ثور بن كلب بن كلب؛ ولها يقولُ الحارثُ:
623,638,2,وهؤلاء بنو وهب اللات بن رفيدة,17,قالوا من نكحتَ فقلتُ خيراً … عجوزاً من عُرينةَ ذات مالِ
623,638,2,وهؤلاء بنو وهب اللات بن رفيدة,18,فانتَسَبَت بنو هنيَةَ، وعبد بكر في تغلِب؛ فقالوا: هُنيَةُ وعبد بكر ابنا
624,639,2,وهؤلاء بنو تيم اللات بن رفيدة,1,الحارث بن زُهير بن تيم بن أُسامة بن مالك بن بكر بن حبيب بن عمرو بن غنم بن تغلب، ولهم يقولُ الأَخطلُ بن عوف التغلبيّ:
624,639,2,وهؤلاء بنو تيم اللات بن رفيدة,2,هُنَّية في الضَّلالِ وعبد بكرٍ … ومنجابٍ كرَاعيَةِ الجِمالِ
624,639,2,وهؤلاء بنو تيم اللات بن رفيدة,3,هؤلاءِ بنو وهب اللات بن رُفيدة بن ثور بن كلب.
624,639,2,وهؤلاء بنو تيم اللات بن رفيدة,4,وهؤلاءِ بنو تَيم اللاَّت بن رُفيدَة
624,639,2,وهؤلاء بنو تيم اللات بن رفيدة,5,وولدَ تيمُ اللاَّت بن رُفيدَة بن ثور بن كلب: تَدولاً، وعمراً، وبكراً، والعدانَ.
624,639,2,وهؤلاء بنو تيم اللات بن رفيدة,6,فولدَ غُبرُ بن بكر: حُرداً، وثعلبةَ، وحيَّاناً، وقيساً، والحيدَرَةَ.
624,639,2,وهؤلاء بنو تيم اللات بن رفيدة,7,فولدَ حيَّانُ بن غُبر: نسراً، وعبدَ يغوث، وعمراً.
624,639,2,وهؤلاء بنو تيم اللات بن رفيدة,8,فولدَ ثعلبةُ بن غُبر بن بكر بن تيم اللاَّتِ: مسعوداً، وشُريحاً.
624,639,2,وهؤلاء بنو تيم اللات بن رفيدة,9,وولدَ قيسُ بن غُبر بن بكر بن تيم اللاَّت: يزيدَ ونضلةَ، وزُبيداً.
624,639,2,وهؤلاء بنو تيم اللات بن رفيدة,10,فولدَ نضلةُ بن قيس: شريكاً، وزُبيداً، وعقيلاً، ويزيد.
624,639,2,وهؤلاء بنو تيم اللات بن رفيدة,11,فولدَ يزيدُ بن نضلةَ: حَملاً، وعائذاً، والأَعمى، وعبد الله.
624,639,2,وهؤلاء بنو تيم اللات بن رفيدة,12,وولدَ تَدُولُ بن تيم اللاَّت بن رُفيدة بن ثور بن كلب: أَسلم، وثعلبةَ، والأَخدَرَ.
624,639,2,وهؤلاء بنو تيم اللات بن رفيدة,13,فولدَ ثعلبةُ بن تدول بن تيم اللاَّت: الأَحزب.
624,639,2,وهؤلاء بنو تيم اللات بن رفيدة,14,فولدَ الأَحزبُ بن ثعلبةَ بن تدول بن تيم اللاَّت: الأحزب فولدَ الأحزب بن الأحزب بن ثعلبة: حاميةً، ومازناً.
624,639,2,وهؤلاء بنو تيم اللات بن رفيدة,15,وولدَ أَسلمُ بن تدول: كاهلاً، وغنماً، وهنداً، والكُييّسَ.
625,640,2,وهؤلاء بنو تيم اللات بن رفيدة,1,فولدَ كاهلُ بن أَسلم: عَمراً، وكعباً.
625,640,2,وهؤلاء بنو تيم اللات بن رفيدة,2,فولدَ عَمرو بن كاهل: حبيباً، ومازناً.
625,640,2,وهؤلاء بنو تيم اللات بن رفيدة,3,فولدَ حَبيبُ بن عَمرو بن كاهل بن أَسلم: جُشمَ، والأَسعدَ، وحارثةَ؛ أُمُّهم: العامليَّةُ.
625,640,2,وهؤلاء بنو تيم اللات بن رفيدة,4,وجَذيمةَ، وحوطاً؛ أُمُّهما الغَسَّانيَّة.
625,640,2,وهؤلاء بنو تيم اللات بن رفيدة,5,فولدَ جُشمُ بن حبيب بن عمرو: ثعلبةَ، ووهباً، وذُهلاً.
625,640,2,وهؤلاء بنو تيم اللات بن رفيدة,6,فولدَ ثعلبةُ بن جُشم بن عمرو: زيداً، والحزمرَ، وجُشماً.
625,640,2,وهؤلاء بنو تيم اللات بن رفيدة,7,فولدَ زَيدُ بن ثعلبةَ بن جُشم: سلَمةَ، وأَذنمَ، وشَرعاً.
625,640,2,وهؤلاء بنو تيم اللات بن رفيدة,8,فولدَ سَلمةُ بن زيد بن ثعلبةَ: مَسعوداً، ومُفرضاً وحكماً، ومُشمتاً، وشمَّاساً.
625,640,2,وهؤلاء بنو تيم اللات بن رفيدة,9,فولدَ مسُعودُ بن سلمةَ بن زيد بن ثعلبةَ: حارثةَ.
625,640,2,وهؤلاء بنو تيم اللات بن رفيدة,10,وولدَ شَمَّاسُ بن سلمةَ بن زيد بن ثعلبةَ: جُشمَ، وعُميراً، ومسعوداً.
625,640,2,وهؤلاء بنو تيم اللات بن رفيدة,11,منهم: سُليمُ بن حنجر بن عطيَّةَ بن زيد بن ثعلبة بن جُشم الشَّاعر، كان شريفاً بالشَّام.
625,640,2,وهؤلاء بنو تيم اللات بن رفيدة,12,وولدَ وهبُ بن جُشم بن حبيب بن عمرو: سلمانَ وأَسلمَ، وحَبَّةَ، وخالداً، ومعدَّاً.
625,640,2,وهؤلاء بنو تيم اللات بن رفيدة,13,منهم: المُقطَّعُ بن سُنين بن خالد بن مالك بن سالم بن وهب، لهُ خِطَّةٌ بالكوفةِ، وكان مطعاماً للطعامِ، ولهُ يقولُ عَديُّ بن الرِّقاع العامليّ:
625,640,2,وهؤلاء بنو تيم اللات بن رفيدة,14,على ذي منارٍ يَعرفُ العيسُ منَّةً … كما يعرفُ الأَضيافُ دار المُقطَّعِ
626,641,2,وهؤلاء بنو تيم اللات بن رفيدة,1,وزُحنةُ بن عبد الله، الذي قتل الضَّحاكَ بن قيس الفهريّ يوم مرج راهطٍ؛ وأَخذ رأَسهُ عُليم بن رُقيم التيميِّ، فقال البلويُّ، وهو رويفعُ وهو القدَّافُ البلويّ:
626,641,2,وهؤلاء بنو تيم اللات بن رفيدة,2,ويومٍ على الضَّحاكِ يوماً تأَلبتْ … علينا العدى من كُلِّ شرقٍ ومغربِ
626,641,2,وهؤلاء بنو تيم اللات بن رفيدة,3,كساهُ ابن تيم اللاَّتِ زُحنةَ ثعلباً … طريراً كعنف القابسِ المُتَلَّهبِ
626,641,2,وهؤلاء بنو تيم اللات بن رفيدة,4,وولدَ الأَسعدُ بن حبيب بن عمرو: حُجراً، وبرسماً.
626,641,2,وهؤلاء بنو تيم اللات بن رفيدة,5,فولدَ برسمُ بن الأسعد بن حبيب: ثعلبةَ، وعبد الأعلم.
626,641,2,وهؤلاء بنو تيم اللات بن رفيدة,6,فولدَ عبدُ الأعلمِ بن برسم: إِياساً.
626,641,2,وهؤلاء بنو تيم اللات بن رفيدة,7,فولدَ إياسُ بن عبد الأعلم: أَحمداً، وتمرةَ، وعُرفُطة؛ أُمُّهم: الطَيِّبةُ.
626,641,2,وهؤلاء بنو تيم اللات بن رفيدة,8,وأبا ليلى، وثابتاً، أُمُّهما: كبشةُ.
626,641,2,وهؤلاء بنو تيم اللات بن رفيدة,9,منهم: جبلةُ بن الخمَّةِ بن إياس، الذي شدَّدَ الحلف بين كلب وتميمَ
627,642,2,وهؤلاء بنو تيم اللات بن رفيدة,1,في الإسلامِ، هو ومُحمَّد بن عُمير بن عُطارد التَميميّ.
627,642,2,وهؤلاء بنو تيم اللات بن رفيدة,2,وولدَ خُزيمةُ بن حبيب بن عمرو: أَباناً.
627,642,2,وهؤلاء بنو تيم اللات بن رفيدة,3,فولدَ أَبانُ بن جذيمةَ: خلاوةَ، والحارثَ.
627,642,2,وهؤلاء بنو تيم اللات بن رفيدة,4,فولدَ الحارثُ بن أَبان: جبلةَ.
627,642,2,وهؤلاء بنو تيم اللات بن رفيدة,5,فولدَ جبلةُ بن الحلرث: عبد الله.
627,642,2,وهؤلاء بنو تيم اللات بن رفيدة,6,فولدَ عبد الله بن جبلةَ: عَديَّاً، وجباراً، وحسناً.
627,642,2,وهؤلاء بنو تيم اللات بن رفيدة,7,وولدَ خلاوةُ بن أَبان بن جذيمةَ: مالكاً، وجبلةَ، وعبدَ رضا، ورضا.
627,642,2,وهؤلاء بنو تيم اللات بن رفيدة,8,وولدَ مازنُ بن عمرو بن كاهل: أَبا حُجر، ولأياً.
627,642,2,وهؤلاء بنو تيم اللات بن رفيدة,9,فولدَ لأيُّ بن مازن: خيبرياً.
627,642,2,وهؤلاء بنو تيم اللات بن رفيدة,10,فولدَ خيبريُّ بن لأي: وهباً، وقائداً.
627,642,2,وهؤلاء بنو تيم اللات بن رفيدة,11,فولدَ وهبُ بن خيبريّ: أَبا قيسٍ، وأَرقمَ.
627,642,2,وهؤلاء بنو تيم اللات بن رفيدة,12,فولدَ أَبو قيس بن وهب: شُنيفاً، وسويداً، وزايداً، وأبا قيس، وحيساً.
627,642,2,وهؤلاء بنو تيم اللات بن رفيدة,13,وولدَ أَبو حُجر بن مازن بن عمرو: مالكاً، والحارثَ.
627,642,2,وهؤلاء بنو تيم اللات بن رفيدة,14,وولدَ عمرو بن تيم اللاَّت بن رُفيدةَ بن ثور بن كلب: جُشمَ، وامرأ القيس.
627,642,2,وهؤلاء بنو تيم اللات بن رفيدة,15,فولدَ امرؤُ القيس بن عمرو: قيساً.
627,642,2,وهؤلاء بنو تيم اللات بن رفيدة,16,وولدَ جُشمُ بن عمرو بن تيم اللاَّت: عبدَ مُنبِّه.
627,642,2,وهؤلاء بنو تيم اللات بن رفيدة,17,فولدَ عبد مُنبِّه بن جُشم: مُرَّةَ.
627,642,2,وهؤلاء بنو تيم اللات بن رفيدة,18,فولدَ مُرَّةُ بن عبد منبِّه: زياداً.
627,642,2,وهؤلاء بنو تيم اللات بن رفيدة,19,فولدَ زيادُ بن مُرَّة: حنظلةَ.
627,642,2,وهؤلاء بنو تيم اللات بن رفيدة,20,هؤلاءِ بنو تيم اللاَّت بن رُفيدةَ.
628,643,2,بنو تغلب بن وبرة,1,وهؤلاءِ
628,643,2,بنو تغلب بن وبرة,2,[بنو تغلب بن وبرة]
628,643,2,بنو تغلب بن وبرة,3,وولدَ تغلبُ بن وبرةَ: عمراً؛ وهو طابخةُ كلب، أُمُّهُ: طابخةُ بنت كعب ابن عُلة بن مَذحج.
628,643,2,بنو تغلب بن وبرة,4,إخوتُه لأُمِّه: بنو الهُون بن سُود بن جُشم بن حرام؛ وعامرُ بن عبد بن عزَّة بن دُها، طابخةَ دُها.
628,643,2,بنو تغلب بن وبرة,5,فولدَ عامرُ بن تغلب: منشياً، ومعاوية؛ وأَسلمَ، درج؛ أُمُّهم: هند بنت أُهيب بن كلد بن كلب.
628,643,2,بنو تغلب بن وبرة,6,فولدَ منشبُ بن عامر بن تغلب: حبيباً، والنَطَّار.
628,643,2,بنو تغلب بن وبرة,7,فولدَ حبيبُ بن منشب بن عامر إياساً، وعمراً، وجُشَمَ.
628,643,2,بنو تغلب بن وبرة,8,فولدَ عمرو بن حبيب: سالماً، وراشداً، وحرباً، وصخراً، فيهم العَدد؛ أُمُّهم: عَمرةُ بنت ثعلبةَ بن مالك بن كنانةَ بن القين؛ وأُمُّها العصميَّة.
628,643,2,بنو تغلب بن وبرة,9,وولدَ جُشمُ بن حبيب بن منشب: حبيباً، وزيداً؛ أُمُّهما: عَمرةُ بنت مشجعةَ بن التيم بن النَّمر بن وبَرةَ.
628,643,2,بنو تغلب بن وبرة,10,وولدَ معاويةُ بن عامر بن طابخَةَ: رهماً، وأَسيداً، والعبقر، ومسعوداً؛ أُمُّهم: ماويةُ بنت رُفيدةَ بن ثور بن كلب.
628,643,2,بنو تغلب بن وبرة,11,هؤلاءِ بنو طابخةَ، وهم في كلب.
628,643,2,بنو تغلب بن وبرة,12,وهؤلاءِ بنو أَسد بن وبرةَ بن تغلب
628,643,2,بنو تغلب بن وبرة,13,وولدَ أَسدُ بن وبرةَ بن تغلب: شيعَ اللاَّت، وتيم اللاَّت، أُمُّهُما: الطوالةُ بنت تهد بن زيد بن ليث بن أَسلم بن الحاف بن قُضاعةَ.
629,644,2,وهؤلاء بنو أسد بن وبرة بن تغلب,1,فولدَ تيمُ اللات بن أَسد: فهماً، وقشماً، وهم بالجزيرةِ حُلفاء لبني تغلب بن وائل.
629,644,2,وهؤلاء بنو أسد بن وبرة بن تغلب,2,فولدَ فهمُ بن تيم اللاَّتِ: عَمراً، ومالكاً، والحُرَّ، والشُّلل.
629,644,2,وهؤلاء بنو أسد بن وبرة بن تغلب,3,فولدَ مالكُ بن فهم: زُرعةَ، وثعلبةَ، والحارثَ، وكنانةَ، وأَسداً.
629,644,2,وهؤلاء بنو أسد بن وبرة بن تغلب,4,فولدَ ثعلبةُ بن مالك بن فهم: عَدياً، وزُرعةَ، وعمراً.
629,644,2,وهؤلاء بنو أسد بن وبرة بن تغلب,5,وولدَ كنانةُ بن مالك بن فهم: عَمراً، وعوفاً، والخزرج.
629,644,2,وهؤلاء بنو أسد بن وبرة بن تغلب,6,فولدَ عَمرو بن كنانةَ: عَدياً، وهم بنو السَّاطع بالحيرةِ منهم ناسٌ.
629,644,2,وهؤلاء بنو أسد بن وبرة بن تغلب,7,وثعلبةَ، وعوفاً، والحارثَ.
629,644,2,وهؤلاء بنو أسد بن وبرة بن تغلب,8,وولدَ زُرعةُ بن مالك بن فهم: عمراً، وربيعةَ، وجُردَ؛ أُمُّهم: أَروى بنت عمرو بن يزيد بن خُذافَةَ بن زُهر بن إِياد.
629,644,2,وهؤلاء بنو أسد بن وبرة بن تغلب,9,وولدَ الحارثُ بن مالك بن فهم: ذُبيانَ؛ أُمُّهُ: العَسوفُ بنت ذُبيان بن شبابة بن سعد اللاَّت بن أَشيب بن ودّ بن أَفصى بن دُعمي بن إِياد.
629,644,2,وهؤلاء بنو أسد بن وبرة بن تغلب,10,فولدَ ذُبيانُ بن الحارث بن مالك بن فهم: عَديَّاً، وعوفاً؛ أُمُّهما: أسماءُ بنت سيف بن عمرو بن دُعمي بن معاويةَ بن معدّ بن سعد مناة بن زُهر بن إِياد.
629,644,2,وهؤلاء بنو أسد بن وبرة بن تغلب,11,فولدَ عوفُ بن ذُبيان: مَردماً، وحيَّةَ؛ أُمُّهما: هندُ بنت النجدةِ بن عوف ابن حُوت بن الحارث بن مُعاوية الكنديّ.
630,645,2,وهؤلاء بنو أسد بن وبرة بن تغلب,1,فولدَ مَردمُ بن عوف: حبيباً، وحكماً؛ أُمُّهما: أَسماءُ بنت ثُمامةَ بن ربيعة بن شُكامةَ بن شبيب بن سكن بن كندة.
630,645,2,وهؤلاء بنو أسد بن وبرة بن تغلب,2,وولدَ حيَّةُ بن عوف: وهباً، وربيعةَ؛ أُمُّهما: رملةُ بنت عوف بن وذمَ بن ذُبيان بن هُميم بن هُنيّ بن بليّ.
630,645,2,وهؤلاء بنو أسد بن وبرة بن تغلب,3,وقعيداً؛ أُمُّه: ضبَّةُ بنت قتب بن جمل بن حِمَار بن سَليح.
630,645,2,وهؤلاء بنو أسد بن وبرة بن تغلب,4,وجُداعةَ، أُمُّهُ: رملةُ بنت عبد الله بن غفار بن مُليل بن ضمرةَ بن بكر بن عبد مناة بن كنانةَ بن خُزيمةَ.
630,645,2,وهؤلاء بنو أسد بن وبرة بن تغلب,5,وولدَ عَديُّ بن ذُبيان: ظفراً؛ أُمُّهُ: عَمرةُ بنت مالك بن حيَّة بن عمرو بن خزيمةَ بن بُريح بن تيم اللَّهِ.
630,645,2,وهؤلاء بنو أسد بن وبرة بن تغلب,6,فولدَ ظفرُ بن عَديُّ: رفاعةَ، وزيداً؛ أُمُّهما: عَمرةُ بنت محدوج بن الحارث بن فهم.
630,645,2,وهؤلاء بنو أسد بن وبرة بن تغلب,7,وولدَ الشُّليلُ بن فهم: الأوسَ، وذُبيانَ.
630,645,2,وهؤلاء بنو أسد بن وبرة بن تغلب,8,فولدَ ذُبيانُ بن الشُّللِ: الدول، وعُكابةَ، وامرأ القيس، وأُهيباً، أُمُّهم: سلمى بنت النَّبيت بن منصور بن يقدم بن أَفصى.
630,645,2,وهؤلاء بنو أسد بن وبرة بن تغلب,9,فولدَ الدولُ بن ذُبيان بن الشُّلل: أَوساً، وعبد حَمل.
630,645,2,وهؤلاء بنو أسد بن وبرة بن تغلب,10,وولدَ الأَوسُ بن الشُّللِ: جَديلةَ، وغامداً، وعمراً، وشعثانَ.
630,645,2,وهؤلاء بنو أسد بن وبرة بن تغلب,11,وولدَ عمرو بن فهم: غَطفانَ، وزُهيراً؛ وهم بنو أُمِّ الأسدِ؛ والحارثَ.
631,646,2,وهؤلاء بنو أسد بن وبرة بن تغلب,1,فولدَ الحارثُ بن عَمرو بن فهم: صُبحاً، ويحيى، ومُريطاً، أُمُّهم: صُبحةُ بنت صُبح بن الحارث بن مُنبِّه بن النَّبيت بن منصور بن يَقدمَ.
631,646,2,وهؤلاء بنو أسد بن وبرة بن تغلب,2,فولدَ يحيى بن الحارث: منافاً، وعوفاً، وسبيلاً وقدَّاً، وكدادة؛ أُمُّهم: عَمرةُ بنت عوف بن ذُبيان بن الحارث بن مالك بن فهم.
631,646,2,وهؤلاء بنو أسد بن وبرة بن تغلب,3,فولدَ مَنافُ بن يحيى: عبد الله، وأنساً، وتيماً؛ أُمُّهم: أَروى بنت ملكان بن عبد الله بن يحيَّاد بن سكن.
631,646,2,وهؤلاء بنو أسد بن وبرة بن تغلب,4,وولدَ غطفانُ بن عمرو بن فهم: عَديَّاً، وقيساً، وعائدةَ.
631,646,2,وهؤلاء بنو أسد بن وبرة بن تغلب,5,وولدَ زُهير بن عمرو بن فهم: مالكاً، وعليهِ وعلى مالك بن فهم تَنَخت تَنُوخ؛ والتَنُوخ: المُقام.
631,646,2,وهؤلاء بنو أسد بن وبرة بن تغلب,6,وولدَ عَوفُ بن نزار: بكراً، ومالكاً، وسعداً؛ أُمُّهم: عَمرةُ بنت سعد بن قنب بن سَليح.
631,646,2,وهؤلاء بنو أسد بن وبرة بن تغلب,7,وولدَ جَديلةُ بن نزار: غالباً، وعنزةَ، وغفاراً، وولدَ هانِيَةُ بن نزار: جُرداً، وسُليمةَ، وحَريماً، وهو حزيمةُ.
631,646,2,وهؤلاء بنو أسد بن وبرة بن تغلب,8,وولدَ الحارثُ بن فهم: ثوراً، وعوكلان، ومحدُوجاً.
631,646,2,وهؤلاء بنو أسد بن وبرة بن تغلب,9,هذهِ تَنُوخ.
632,647,2,وهؤلاء بنو شيع اللات بن أسد,1,وهؤلاءِ بنو شَيع اللاَّت بن أَسد
632,647,2,وهؤلاء بنو شيع اللات بن أسد,2,وولدَ شَيعُ اللاَّت بن أَسد: جسراً.
632,647,2,وهؤلاء بنو شيع اللات بن أسد,3,فولدَ جسرُ بن شيع اللاَّت: النُّعمانَ، حضنهُ عبدُ يُقالُ لهُ القين فغلبَ عليهِ؛ أُمُّهُ: الصُّموتُ بنت مُنبِّه بن النَّمر بن وبرةَ.
632,647,2,وهؤلاء بنو شيع اللات بن أسد,4,فولدَ ألقينُ بن جسر: كعباً، وكنانةَ، وصعباً؛ أُمُّهم: سحام بنت تغلب بن وائل بن قاسط بن هنب بن أَفصى بن دُعمي بن جديلةَ بن أَسد بن ربيعةَ بن نزار بن معدّ بن عدنان.
632,647,2,وهؤلاء بنو شيع اللات بن أسد,5,فولدَ كعبُ بن القين: مالكاً؛ أُمُّهُ: أَسماءُ بنت ليث بن بكر بن عبد مَناة بن كنانةَ بن خُزيمةَ.
632,647,2,وهؤلاء بنو شيع اللات بن أسد,6,فولدَ مالكُ بن كعب بن القين: جُشمَ، وزُعيزعَةَ، بطن، وأَنساً، بطن، وثعلبةَ، بطن، وإباحةَ، وقارحاً، يُقالُ لهم: الأنباء الأَجشم.
632,647,2,وهؤلاء بنو شيع اللات بن أسد,7,فمن بني قارح: عقيلُ: ومالكُ، ابنا قارح اللَّذان جاءا بعمرو بن عَديّ إلى جذيمةَ، ولهما يقولُ مُتمِّمُ بن نويرةَ:
632,647,2,وهؤلاء بنو شيع اللات بن أسد,8,وكُنَّا كندماني جَذيمةَ حُقبةً من الدَهرِ … حتى قيلَ لن يتصدَّعا
632,647,2,وهؤلاء بنو شيع اللات بن أسد,9,وقالَ الهُذليُّ من غير قولِ الكلبيّ:
632,647,2,وهؤلاء بنو شيع اللات بن أسد,10,أَلم تعلما أَن قد تفرَّقَ قبلنا … خليلا صفاءٍ مالكٌ وعقيلُ
632,647,2,وهؤلاء بنو شيع اللات بن أسد,11,فولدَ جُشمُ بن مالك: وائلاً؛ أُمُّهُ: هندُ بنت نبت بن الرَّائش بن
633,648,2,وهؤلاء بنو زغبة بن عصية,1,الحارث بن مُعاويةَ بن ثور بن مُرَتَّع بن كندةَ؛ والأخوةَ، بطن؛ ومُضا بن، بطن؛ وهلالاً، بطن؛ وذُهلاً، بطن.
633,648,2,وهؤلاء بنو زغبة بن عصية,2,فولدَ وائلُ بن جُشم: حُييُّ؛ أُمُّهُ: رَقاشِ بنت الحارث بن صحب بن ثور بن كلب بن وبرةَ.
633,648,2,وهؤلاء بنو زغبة بن عصية,3,وعوفاً، وقُطيعةَ، بطنانِ؛ أُمُّهما: هندُ بنت عَمرو بن تميم بن مُرّ بن أُدِّ بن طابخةَ بن خندِف.
633,648,2,وهؤلاء بنو زغبة بن عصية,4,وعُرانيةَ؛ أُمُّهُ: أُمُّ خارجةَ، كبشة بنت سعد بن عبد الله بن قُداد بن ثعلبةَ بن مُعاويةَ بن زيد بن الغوث بن أَنمار.
633,648,2,وهؤلاء بنو زغبة بن عصية,5,وعَريفاً، وثعلبةَ؛ أُمُّهما: هندُ بنت مالك بن عُرينةَ بن نذيرِ بن قسر بن بَجيلَةَ.
633,648,2,وهؤلاء بنو زغبة بن عصية,6,فولدَ حُييُّ بن وائل بن جُشمَ: هُصيصاً، وعوفاً؛ أُمُّهما: رَقاش بنت نُمير بن أُسامةَ بن مالك بن نصر بن قُعين بن الحارث بن ثعلبةَ بن دُودانِ بن أَسد بن خُزيمةَ.
633,648,2,وهؤلاء بنو زغبة بن عصية,7,فولدَ هُصيصُ بن حُييّ: عُصيَّةَ، وحصناً، وعوفاً، ونائلاً، والحارثَ، واسنانَ.
633,648,2,وهؤلاء بنو زغبة بن عصية,8,فولدَ عُصيَّةُ بن هُصيص بن حُييّ: أُمَيَّةَ، بطن، ومبذولاً، وزغبة، بطن، ومالكاً، وعَديَّاً، وهو الصُّويتُ، بطن.
633,648,2,وهؤلاء بنو زغبة بن عصية,9,وهؤلاءِ بنو زَغبة بن عُصيَّة
633,648,2,وهؤلاء بنو زغبة بن عصية,10,فولدَ زَغبةُ بن عُصيَّةَ بن هُصيص: كبيراً، وحُذيفةَ.
633,648,2,وهؤلاء بنو زغبة بن عصية,11,فولدَ حُذيفةُ بن زغبةَ: صخراً.
634,649,2,وهؤلاء بنو مبذول بن عصية,1,فولدَ صخرُ بن حُذيفة: أَبا عمرو.
634,649,2,وهؤلاء بنو مبذول بن عصية,2,فولدَ أَبو عمرو بن صخر بن حُذيفةَ بن زَغبةَ: سعداً.
634,649,2,وهؤلاء بنو مبذول بن عصية,3,فولدَ سعدُ بن أَبي عمرو: الحكمَ، وفروةَ.
634,649,2,وهؤلاء بنو مبذول بن عصية,4,فولدَ الحكمُ بن سعد بن أَبي عَمرو: عَمراً.
634,649,2,وهؤلاء بنو مبذول بن عصية,5,فولدَ عمرو بن الحكم: ذُهلاً.
634,649,2,وهؤلاء بنو مبذول بن عصية,6,وكان سعدُ بن أَبي عمرو، صخر بن حُذيفةَ سيِّدهم.
634,649,2,وهؤلاء بنو مبذول بن عصية,7,وابنهُ الحكمُ، وإِياه عنى حسان بن ثابتٍ الأنصاري في قولهِ لربيعةَ بن أَبي براء، عامر بن مالك بن جعفر بن كلاب:
634,649,2,وهؤلاء بنو مبذول بن عصية,8,أَبوك أَخو الفعالِ أبو براءِ … وخالُكَ ماجدٌ حكمُ بن سعدِ
634,649,2,وهؤلاء بنو مبذول بن عصية,9,وولدَ كبيرُ بن زُغبةَ: قُرطاً، وحُصيناً.
634,649,2,وهؤلاء بنو مبذول بن عصية,10,فولدَ حُصينُ بن سعد: حارثةَ، والمُسيَّبَ، وهاديةَ، وسلامةَ.
634,649,2,وهؤلاء بنو مبذول بن عصية,11,هؤلاءِ بنو زَغبة بن عُصيَّة.
634,649,2,وهؤلاء بنو مبذول بن عصية,12,وهؤلاءِ بنو مَبذُول بن عُصيَّة
634,649,2,وهؤلاء بنو مبذول بن عصية,13,وولدَ مَبذُولُ بن عُصيَّةَ: حارثةَ، وقُنفذاً، والحارثَ، وعُصيَّةَ، وحسَّانَ، ومُعاويةَ، ومالكاً.
635,650,2,وهؤلاء بنو الحارث بن مبذول بن عصية,1,فولدَ حسَّانُ بن مَبذول: صامتاً؛ أُمُّهُ: أُمُّ عُديس بنت يقالُ بن حارثةَ بن سعد بن زَبَّان بن امرئ القيس بن ثعلبةَ بن مالك بن كنانةَ بن القين؛ وأُمُّهما: رضوى بنت حُذيفةَ بن غُزيَّة بن زَغبةَ بن عُصيَّةَ.
635,650,2,وهؤلاء بنو الحارث بن مبذول بن عصية,2,وقيساً؛ أُمُّهُ من نهد بن زيد.
635,650,2,وهؤلاء بنو الحارث بن مبذول بن عصية,3,وهؤلاءِ بنو الحارث بن مبذول بن عُصيَّة
635,650,2,وهؤلاء بنو الحارث بن مبذول بن عصية,4,فولدَ الحارثُ بن مبذول: عَديَّاً، وحيَّاً، ومالكاً، وحارثةَ، وجُندباً.
635,650,2,وهؤلاء بنو الحارث بن مبذول بن عصية,5,فولدَ عَديُّ بن الحارث: أَنساً، وفيه العدد، وكُلثوماً، وزيداً، ومُدلجاً، وأَبا عمرو، وعُصيَّةَ، وحيَّا، وثعلبةَ.
635,650,2,وهؤلاء بنو الحارث بن مبذول بن عصية,6,فولدَ أُسنُ بن عَديٍّ: حَشرجَ، وجباراً.
635,650,2,وهؤلاء بنو الحارث بن مبذول بن عصية,7,فولدَ حشرجُ بن لأَنس: يزيدَ، وحُريثاً، وسمالاً، وثوراً، وحيَّانَ، وعَديَّاً، وزُرعةَ، وعَباساً، وعبسيَّاً، ومُليحاً، وحِلساً، وحارداً.
635,650,2,وهؤلاء بنو الحارث بن مبذول بن عصية,8,فولدَ يزيدُ بن حشرج: عيَّاشاً، وزُرعةَ،، ودُليساً، وحُويصاً.
635,650,2,وهؤلاء بنو الحارث بن مبذول بن عصية,9,وولدَ سمالُ بن حشرج: عُقبةَ، وعمرانَ، ووهباً، وأَسعدَ، دَرجَ.
635,650,2,وهؤلاء بنو الحارث بن مبذول بن عصية,10,وولدَ زَرعةُ بن حشرج: وثيمةَ، وعبد الرَّحمان، والوليدَ.
635,650,2,وهؤلاء بنو الحارث بن مبذول بن عصية,11,وولدَ جبَّار بن أَنس بن عَديّ بن الحارث: هَرماً وغنياً، ورباباً، وفُراتاً.
635,650,2,وهؤلاء بنو الحارث بن مبذول بن عصية,12,فولدَ فُراتُ بن جبَّار: سعيداً، وأَزيد.
635,650,2,وهؤلاء بنو الحارث بن مبذول بن عصية,13,وولدَ غَنيُّ بن جبار: بشيراً، وروَّاداً، ومسنوراً.
635,650,2,وهؤلاء بنو الحارث بن مبذول بن عصية,14,وولدَ هرمُ بن جبار: بعثراً، وجباراً، وأَبردَ، ومرثداً، وخديجاً، سلامةَ، وسلامةَ، وعبد الله.
636,651,2,وهؤلاء بنو الحارث بن مبذول بن عصية,1,وولدَ ربابُ بن جبَّار: حسَّانَ، وجوَّاساً، ووائلاً، وكنديَّاً.
636,651,2,وهؤلاء بنو الحارث بن مبذول بن عصية,2,فولدَ كنديُّ بن رباب: حسَّان.
636,651,2,وهؤلاء بنو الحارث بن مبذول بن عصية,3,وولدَ الأَبردُ بن هرم: مُنيعاً، وأَبا جرثم، وأبا ضُبيسٍ.
636,651,2,وهؤلاء بنو الحارث بن مبذول بن عصية,4,فولدَ أبو ضُبيسٍ بن الأبردِ: خيوانَ.
636,651,2,وهؤلاء بنو الحارث بن مبذول بن عصية,5,وولدَ عبد الله بن هرم: نُبيةَ، وأبا الحسن.
636,651,2,وهؤلاء بنو الحارث بن مبذول بن عصية,6,وولدَ جابرُ بن هرم: عليَّاً.
636,651,2,وهؤلاء بنو الحارث بن مبذول بن عصية,7,وولدَ بعثرُ بن هرم: مُصدراً، وجوشناً، وهرماً، ومُسوِّراً.
636,651,2,وهؤلاء بنو الحارث بن مبذول بن عصية,8,وولدَ خُديجُ بن هرم: كعباً.
636,651,2,وهؤلاء بنو الحارث بن مبذول بن عصية,9,وولدَ مرثدُ بن هرم: مسلمةَ، وسُليمانَ، وسعداً، ويزيدَ.
636,651,2,وهؤلاء بنو الحارث بن مبذول بن عصية,10,وولدَ كُلثومُ بن عديّ بن الحارث بن مبذولٍ: عمراً.
636,651,2,وهؤلاء بنو الحارث بن مبذول بن عصية,11,فولدَ عمرو بن كلثومٍ: قيساً.
636,651,2,وهؤلاء بنو الحارث بن مبذول بن عصية,12,فولدَ قيسُ بن عمرو: أَسداً.
636,651,2,وهؤلاء بنو الحارث بن مبذول بن عصية,13,فولدَ أَسدُ بن قيس: مُراداً.
636,651,2,وهؤلاء بنو الحارث بن مبذول بن عصية,14,فولدَ مُرادُ بن أَسد: واقداً.
636,651,2,وهؤلاء بنو الحارث بن مبذول بن عصية,15,وولدَ أبو عمرو بن عديٍّ: قسامةَ، وأَثربياً.
636,651,2,وهؤلاء بنو الحارث بن مبذول بن عصية,16,فولدَ أَثربيُّ بن أَبي عمرو: حسَّانَ بن أَثربيّ بن أبي عمرو؛ ومسعوداً، والحكمَ. فولدَ الحكمُ بن حسَّان بن أَثربيّ: حجَّاراً، ورزاماً، وعمراً، والحجاج، والحكمَ؛ أُمُّهم حيَّة بنت الحجاج بن عامر بن حُذيفةَ بن سعد بن سهم بن عمرو بن هُصيص بن كعب بن لؤيّ بن غالب بن فهر؛ وأُمُّهما: زينبُ بنت عُميلةَ بن السبَّاق بن عبد الدار بن أفصى.
636,651,2,وهؤلاء بنو الحارث بن مبذول بن عصية,17,فولدَ رزامُ بن الحكم: مالكاً، وعبد الرّحمان، وأَباناً، ومُحمداً.
637,652,2,وهؤلاء بنو الحارث بن مبذول بن عصية,1,وولدَ مسعودُ بن حسان بن أَثربيّ: الأخنسَ، وحسان، والسَّمهريّ، وهُدبةَ، وعبد الله، وعوفاً.
637,652,2,وهؤلاء بنو الحارث بن مبذول بن عصية,2,وولدَ عَلقمةُ بن قَسامةَ: إِياساً، وعبد الله، وغوثاً.
637,652,2,وهؤلاء بنو الحارث بن مبذول بن عصية,3,فولدَ عبد الله بن علقمة: حُميلاً، وشُعيثاً.
637,652,2,وهؤلاء بنو الحارث بن مبذول بن عصية,4,وولدَ إِياسُ بن علقمةَ: دُكينا، ومرزاً، ويونسَ.
637,652,2,وهؤلاء بنو الحارث بن مبذول بن عصية,5,وولدَ ثعلبةُ بن عديّ بن الحارث بن مبذول: مسعوداً.
637,652,2,وهؤلاء بنو الحارث بن مبذول بن عصية,6,فولدَ مسعودُ بن ثعلبةُ: جمريَّاً، وجمرةَ، وثعلبةَ.
637,652,2,وهؤلاء بنو الحارث بن مبذول بن عصية,7,فولدَ جَمريُّ بن مسعود: جبَّاراً.
637,652,2,وهؤلاء بنو الحارث بن مبذول بن عصية,8,فولدَ جبارُ بن جمريّ: قائداً، وملاحاً، وطرفةَ، وطريفاً، ومُطرِّفاً.
637,652,2,وهؤلاء بنو الحارث بن مبذول بن عصية,9,وولدَ جمرةُ بن مسعود بن ثعلبةَ بن عَديّ: أُسامةَ.
637,652,2,وهؤلاء بنو الحارث بن مبذول بن عصية,10,فولدَ أُسامةُ بن جمرةَ: أَسداً، وحارثةَ، وجبلةَ، وعبد الرَّحمان، وسعداً، والحارثَ.
637,652,2,وهؤلاء بنو الحارث بن مبذول بن عصية,11,وولدَ مُدلجُ بن عَديّ بن الحارث بن مبذول: زياداً، وخديجاً، وخشخاشاً.
637,652,2,وهؤلاء بنو الحارث بن مبذول بن عصية,12,فولدَ زيادُ بن مُدلج: يزيداً، وبشراً، وأسبطَ ومعاويةَ.
637,652,2,وهؤلاء بنو الحارث بن مبذول بن عصية,13,فولدَ معاويةُ بن زياد: عَميرةَ، وعمراً، وزياداً، والسِّمطَ.
637,652,2,وهؤلاء بنو الحارث بن مبذول بن عصية,14,فولدَ عَميرةُ بن معاويةَ بن زياد: نهيكاً، وطلحةَ، وصخراً، وعيسى، وهشاماً.
637,652,2,وهؤلاء بنو الحارث بن مبذول بن عصية,15,وولدَ يزيد بن زياد: عُبيداً، وبشراً، وأسبطَ، وبلالاً، وهشاماً.
638,653,2,وهؤلاء بنو الحارث بن مبذول بن عصية,1,فولدَ عُبيدُ بن يزيد: كثيراً، وبلالاً، ويزيدَ، وزياداً، وضحَّاكاً، وحسَّانَ، وبِشراً، دَرَجَ.
638,653,2,وهؤلاء بنو الحارث بن مبذول بن عصية,2,وولدَ خشخاشُ بن مُدلج بن عَديّ: عمراً.
638,653,2,وهؤلاء بنو الحارث بن مبذول بن عصية,3,فولدَ عمرو بن خشخاش: عُقبةَ، وحيَّاناً، وقيساً، وسُليماً، وخشخاشاً، والحارثَ.
638,653,2,وهؤلاء بنو الحارث بن مبذول بن عصية,4,فولدَ سُليمُ بن عمور: عثمانَ، والنجادَ، وحبيباً، وسفيان، وعمراً.
638,653,2,وهؤلاء بنو الحارث بن مبذول بن عصية,5,وولدَ جُديعُ بن مدلج بن عَديّ: معاويةَ، وبهدلاً، ودرباساً، وطليقاً، والوليدَ.
638,653,2,وهؤلاء بنو الحارث بن مبذول بن عصية,6,فولدَ طليقُ بن جُديع: جرولاً، والغمرَ.
638,653,2,وهؤلاء بنو الحارث بن مبذول بن عصية,7,وولدَ عُصيَّةُ بن عَديّ: سميراً، وأَرطاةَ.
638,653,2,وهؤلاء بنو الحارث بن مبذول بن عصية,8,فولدَ سميرُ بن عُصيَّةَ: قُرطاً، ومسعوداً، وصبرةَ.
638,653,2,وهؤلاء بنو الحارث بن مبذول بن عصية,9,فولدَ قُرطُ بن سُمير: معقلاً، وعبساً.
638,653,2,وهؤلاء بنو الحارث بن مبذول بن عصية,10,فولدَ عبسُ بن قُرط: جزءاً، وبشراً.
638,653,2,وهؤلاء بنو الحارث بن مبذول بن عصية,11,وولدَ معقلُ بن قُرط: يزيد، وأسوداً.
638,653,2,وهؤلاء بنو الحارث بن مبذول بن عصية,12,فولدَ يزيد بن معقل: بُكيراً، وهيثماً.
638,653,2,وهؤلاء بنو الحارث بن مبذول بن عصية,13,وولدَ أَسودُ بن معقل: يزيدَ، ومُرارةَ، وجعفراً.
638,653,2,وهؤلاء بنو الحارث بن مبذول بن عصية,14,وولدَ أَرطاةُ بن عُصيَّةَ: حُذيفةَ، ونعيماً.
638,653,2,وهؤلاء بنو الحارث بن مبذول بن عصية,15,فولدَ نعيمُ بن أَرطاة: عطاءاً، ونياطاً، دَرجَ.
638,653,2,وهؤلاء بنو الحارث بن مبذول بن عصية,16,فولدَ عطاءُ بن نعيم بن أَرطاة: جهماً، وعبد الرَّحمان، وحارثةَ، ونياطاً، دَرجَ.
639,654,2,وهؤلاء بنو الحارث بن مبذول بن عصية,1,فولدَ حُذيفةُ بن أَرطاة: مُحمداً، ورزاحاً.
639,654,2,وهؤلاء بنو الحارث بن مبذول بن عصية,2,فولدَ رزاحُ بن حُذيفةَ بن أَرطاة: رُزيقاً، وهدبةَ وجميلاً، ونميلاً، وصدَقَةَ.
639,654,2,وهؤلاء بنو الحارث بن مبذول بن عصية,3,وولدَ حارثةُ بن الحارث: بكراً، وعُصيمةَ.
639,654,2,وهؤلاء بنو الحارث بن مبذول بن عصية,4,فولدَ عُصيمةُ بن حارثةَ: الأَصبغ، يعدلُ إلى كلب، ورحكاً.
639,654,2,وهؤلاء بنو الحارث بن مبذول بن عصية,5,فولدَ بكرُ بن حارثةَ: هرماً، ومعقلاً، وصلمعاً.
639,654,2,وهؤلاء بنو الحارث بن مبذول بن عصية,6,فولدَ معقلُ بن بكر: وديعةَ.
639,654,2,وهؤلاء بنو الحارث بن مبذول بن عصية,7,فولدَ وديعةُ بن معقل: شريكاً.
639,654,2,وهؤلاء بنو الحارث بن مبذول بن عصية,8,فولدَ شريكُ بن وديعةَ: عُصيمةَ، وقيساً، وحُميلاً وسراجاً؛ أُمُّهم: جلحاءُ.
639,654,2,وهؤلاء بنو الحارث بن مبذول بن عصية,9,ومعقلاً، وعقيلاً، وهجماً.
639,654,2,وهؤلاء بنو الحارث بن مبذول بن عصية,10,وولدَ هَرمُ بن بكر: هَزملاً.
639,654,2,وهؤلاء بنو الحارث بن مبذول بن عصية,11,وولدَ جُندبُ بن الحارث: مُخصباً، ومُطلقاً.
639,654,2,وهؤلاء بنو الحارث بن مبذول بن عصية,12,وولدَ حيُّ بن الحارث: عوفاً.
639,654,2,وهؤلاء بنو الحارث بن مبذول بن عصية,13,فولدَ عوفُ بن حَيٍّ: قَتَّالاً، وسناراً، وعديَّاً.
639,654,2,وهؤلاء بنو الحارث بن مبذول بن عصية,14,فولدَ عديُّ بن عوف: عمراً.
639,654,2,وهؤلاء بنو الحارث بن مبذول بن عصية,15,فولدَ عمرو بن عديّ: زيداً، ولبيقاً، وهم القطمان.
639,654,2,وهؤلاء بنو الحارث بن مبذول بن عصية,16,فولدَ لبيقُ بن عمرو: قُليداً، وسُبحانَ، وعبد الله، وعطيَّة، وحارثةَ.
639,654,2,وهؤلاء بنو الحارث بن مبذول بن عصية,17,وولدَ زيدُ بن عمرو: معقلاً، وسهراً.
639,654,2,وهؤلاء بنو الحارث بن مبذول بن عصية,18,وولدَ معقلُ بن زيد: مكحولاً.
639,654,2,وهؤلاء بنو الحارث بن مبذول بن عصية,19,ومن ولدهِ: الأَميلُ بن شهاب بن مكحول الشَّاعر.
640,655,2,وهؤلاء بنو حارثة بن مبذول بن عصية,1,هؤلاءِ بنو الحارث بن مبذول بن عُصيَّة.
640,655,2,وهؤلاء بنو حارثة بن مبذول بن عصية,2,وهؤلاءِ بنو حارثةَ بن مبذول بن عُصيَّة
640,655,2,وهؤلاء بنو حارثة بن مبذول بن عصية,3,فولدَ حارثةُ بن مبذول بن عُصيَّة بن هُصيص بن حُييّ بن وائل: نُعمانَ، وقيساً، ومُجاشعاً، وجابراً، وجبَّاراً، وضباباً، درجَ؛ وجموعاً.
640,655,2,وهؤلاء بنو حارثة بن مبذول بن عصية,4,فولدَ يعمرُ بن حارثةَ: مُجاشعاً، ووبرةَ، ويزيدَ، وأَجدعاً.
640,655,2,وهؤلاء بنو حارثة بن مبذول بن عصية,5,فولدَ مُجاشعُ بن نُعمان: هُدبةَ.
640,655,2,وهؤلاء بنو حارثة بن مبذول بن عصية,6,فولدَ هُدبةُ بن مُجاشع: تميماً، وقسامةَ، وجُديعاً وعمراً.
640,655,2,وهؤلاء بنو حارثة بن مبذول بن عصية,7,فولدَ عمرو بن هدبةَ: حنيفاً، وكنانةَ، ومعاويةَ.
640,655,2,وهؤلاء بنو حارثة بن مبذول بن عصية,8,فولدَ حبيبُ بن عمرو: عسعساً، وهدبةَ، وكنانةَ وهلباءَ، وعماماً، وهاشماً، وصُرداً.
640,655,2,وهؤلاء بنو حارثة بن مبذول بن عصية,9,فولدَ تميمُ بن هدبةَ بن مُجاشع: عُوصاً، وجذيمةَ، وبُريمَةَ.
640,655,2,وهؤلاء بنو حارثة بن مبذول بن عصية,10,فولدَ بُريمةُ بن تميم: رزاحاً، وقائداً، وعُوصاً، ووشيبانَ.
640,655,2,وهؤلاء بنو حارثة بن مبذول بن عصية,11,فولدَ بن بريمةَ: جُشمَ، صبرةَ، وعبد الله، ورواحةَ، وغُطيفاً.
640,655,2,وهؤلاء بنو حارثة بن مبذول بن عصية,12,وولدَ قسامةُ بن هُدبةَ بن مُجاشع: جبلةَ وحنظلةَ، وسيَّاراً، والقريط، وأَسودَ.
641,656,2,وهؤلاء بنو عصية بن مبذول بن عصية,1,فولدَ سيَّارُ بن قسامةَ: حارثةَ، والمُنتشرَ، وماداً وسمالاً، وتميماً، وعبد الله.
641,656,2,وهؤلاء بنو عصية بن مبذول بن عصية,2,وولدَ جُديعُ بن هُدبةَ بن مُجاشع: عُبيداً، وطهيَةَ.
641,656,2,وهؤلاء بنو عصية بن مبذول بن عصية,3,فولدَ طهيَةُ بن جُديع: الأَعلم، ومعوداً.
641,656,2,وهؤلاء بنو عصية بن مبذول بن عصية,4,وولدَ عُبيدُ بن جُديع: يقف.
641,656,2,وهؤلاء بنو عصية بن مبذول بن عصية,5,وولدَ يقف بن عُبيد: العدَّاءَ، وبركةَ، والكروَّسَ، ومسلمةَ، وشبيباً ئمةَ، وولدَ الأعلمُ بن طهيَةَ: معناً، وجُديعاً، وسلامةَ وناناً، وعلوانَ، ونبهان.
641,656,2,وهؤلاء بنو عصية بن مبذول بن عصية,6,هؤلاءِ بنو حارثةَ بن مبذول.
641,656,2,وهؤلاء بنو عصية بن مبذول بن عصية,7,وهؤلاءِ بنو عُصيَّة بن مبذول بن عُصيَّة
641,656,2,وهؤلاء بنو عصية بن مبذول بن عصية,8,وولدَ عُصيَّةُ بن مبذول بن عُصيَّة بن هُصيص بن حُييّ بن وائل: مُطاعناً، وجعفراً، والحارث.
641,656,2,وهؤلاء بنو عصية بن مبذول بن عصية,9,فولدَ مالكُ بن مبذول: رقيةَ، وعبد عمرو.
641,656,2,وهؤلاء بنو عصية بن مبذول بن عصية,10,فولدَ رَقيةُ بن مالكٍ: عبد الله، ومُشمتاً.
641,656,2,وهؤلاء بنو عصية بن مبذول بن عصية,11,فولدَ مُشمتُ بن رَقيةَ: قُرطا.
641,656,2,وهؤلاء بنو عصية بن مبذول بن عصية,12,وولدَ عبد الله بن عبدِ عمرو بن مالك بن مبذول: أَبا محجن.
641,656,2,وهؤلاء بنو عصية بن مبذول بن عصية,13,فولدَ أَبو محجن بن عبد الله: عِلاقاً؛ وفد على النبي ﷺ .
641,656,2,وهؤلاء بنو عصية بن مبذول بن عصية,14,فولدَ عِلاقُ بن أبي محجن: المُستوردَ.
641,656,2,وهؤلاء بنو عصية بن مبذول بن عصية,15,فولدَ المُستوردُ بن علاق: فاكهَ دَرجَ؛ أُمّهُ بنت الفاكه بن
642,657,2,وهؤلاء بنو زغبة بن عصية,1,المُغيرةَ بن عبد الله بن عُمر بن مخزوم بن يقظةَ بن مُرَّة بن كعب بن لؤيّ بن غالب بن فهر.
642,657,2,وهؤلاء بنو زغبة بن عصية,2,وهِشاماً، درجَ؛ أُمُّهُ بنت الحارث بن هشام بن المُغيرة بن عبد الله بن عُمر بن مخزوم بن يقظةَ بن مُرَّةَ بن كعب بن لؤيَ بن غالب بن هِر.
642,657,2,وهؤلاء بنو زغبة بن عصية,3,وعمراً، درجَ؛ أُمُّهُ بنت الحارث بن هشام بن المُغيرة بن عبد الله بن عمر بن مخزوم أخرى.
642,657,2,وهؤلاء بنو زغبة بن عصية,4,وولدَ معاويةُ بن مبذول بن عُصيَّة بن هُصيص بن حُييّ بن وائل: صفواناً، وشهاباً، وخيبريَّاً.
642,657,2,وهؤلاء بنو زغبة بن عصية,5,فولدَ شهابُ بن معاويةَ: ضَبَّة، وبغيضاً.
642,657,2,وهؤلاء بنو زغبة بن عصية,6,فولدَ ضبَّةُ بن شهاب: لبيداً، وقُرطاً، ومصاداً.
642,657,2,وهؤلاء بنو زغبة بن عصية,7,فولدَ لبيدُ بن ضبَّة: معبداً، وسعد، ومسعوداً، وحسَّانَ.
642,657,2,وهؤلاء بنو زغبة بن عصية,8,فولدَ سعدُ بن لبيد بن ضبَّة بن شهاب أَبردةَ، ويزيد، وبدراً، وشدَّاداً، ومسعدةَ، درجَ.
642,657,2,وهؤلاء بنو زغبة بن عصية,9,وولدَ قُرط بن ضبة بن شهاب: هَيساً، وفروةَ.
642,657,2,وهؤلاء بنو زغبة بن عصية,10,فولدَ هيسُ بن قُرط بن ضبَّة بن شهاب: عُميلةَ.
642,657,2,وهؤلاء بنو زغبة بن عصية,11,فولدَ عُميلةُ بن هيس: عَتَّاباً، والوليد، وعفانَ.
642,657,2,وهؤلاء بنو زغبة بن عصية,12,وولدَ مصاد بن قُرط: عَدوةِ.
642,657,2,وهؤلاء بنو زغبة بن عصية,13,هؤلاءِ بنو مبذول بن عُصيَّة.
642,657,2,وهؤلاء بنو زغبة بن عصية,14,وهؤلاءِ بنو زغبة بن عُصيَّة
642,657,2,وهؤلاء بنو زغبة بن عصية,15,وولدَ زَغبَةُ بن عُصيَّة بن هُصيص بن حُييّ بن وائل: كبيراً، وحُذيفةَ.
643,658,2,وهؤلاء بنو الصويت بن عصية,1,فولدَ حُذيفة بن زَغبة: صخراً.
643,658,2,وهؤلاء بنو الصويت بن عصية,2,فولدَ صخرُ بن حُذيفة: أَبا عَمرو.
643,658,2,وهؤلاء بنو الصويت بن عصية,3,فولدَ أَبو عمرو بن صخر بن حُذيفة: سعداً.
643,658,2,وهؤلاء بنو الصويت بن عصية,4,فولدَ سعدُ بن أَبي عمرو: فَروةَ، والحكم.
643,658,2,وهؤلاء بنو الصويت بن عصية,5,وهؤلاءِ بنو الصُّويت بن عُصيَّة
643,658,2,وهؤلاء بنو الصويت بن عصية,6,وولدَ الصُّويتُ بن عُصيَّة بن هُصيص بن حيّ بن وائل: مالكاً ومعاوية.
643,658,2,وهؤلاء بنو الصويت بن عصية,7,وولدَ معاوية بن الصُّويت: أَصرماً، أُمُّه: أَسماءُ بنت مُدلج ابن عَدي بن الحارث بن مبذول.
643,658,2,وهؤلاء بنو الصويت بن عصية,8,وحسَّان، ورافعاً، وأَبا ليلى، وحكماً، وأَطراً؛ أُمُّهم: الرَّباب بنت جُندب بن الحارث بن مبذول.
643,658,2,وهؤلاء بنو الصويت بن عصية,9,وولدَ أَصرمُ بن ذُهل بن معاوية: مُرارة، وعرجفةَ، وجعولاً، دَرجَ، وقُرطاً.
643,658,2,وهؤلاء بنو الصويت بن عصية,10,فولدَ مُرارةُ بن أَصرم بن ذُهل بن معاوية بن الصُّويت: خُزيمة، وهُزيمةَ، وظَبيان، وقُرطاً.
643,658,2,وهؤلاء بنو الصويت بن عصية,11,وولدَ هانئ بن أَصرم بن ذُهل بن معاويةَ بن الصُّويت: زياداً، وعرفجةَ، وأَصهبَ.
643,658,2,وهؤلاء بنو الصويت بن عصية,12,فولدَ عرفجةُ بن هانئ: حارثةَ.
643,658,2,وهؤلاء بنو الصويت بن عصية,13,فولدَ حارثةُ بن عرفجةَ: سعتراً، ولعثراً، وعنبسَةَ، ومُقدَّماً، درجا.
643,658,2,وهؤلاء بنو الصويت بن عصية,14,وولدَ رافعُ بن ذُهل بن معاوية: قائداً، وفائداً.
643,658,2,وهؤلاء بنو الصويت بن عصية,15,وولدَ مذعورُ بن معاويةَ بن الصُّويت: سلمَةَ، وسالماً، وسلمانَ، وسلامةَ.
644,659,2,وهؤلاء بنو قنفذ بن عصية بن هصيص,1,فولدَ سلمانُ بن مذعورُ: عَراً، وعَراً، وجبلةَ، وثعلبة.
644,659,2,وهؤلاء بنو قنفذ بن عصية بن هصيص,2,هؤلاءِ بنو الصُّويت.
644,659,2,وهؤلاء بنو قنفذ بن عصية بن هصيص,3,وهؤلاءِ بنو قُنفذ بن عُصيَّة بن هصيص
644,659,2,وهؤلاء بنو قنفذ بن عصية بن هصيص,4,وولدَ قُنفذ بن عصيَّة بن هُصيص بن حُييّ بن وائل: أُمَيَّةَ.
644,659,2,وهؤلاء بنو قنفذ بن عصية بن هصيص,5,فولدَ أُميَّة بن قُنفذ: عبد الله، وامرأ القيس.
644,659,2,وهؤلاء بنو قنفذ بن عصية بن هصيص,6,فولدَ عبد الله بن أُميَّة: الأقشر.
644,659,2,وهؤلاء بنو قنفذ بن عصية بن هصيص,7,فولدَ الأقشر بن عبد الله بن أُميَّة بن قُنفذ: قصيراً، وطلحةَ، وربعياً.
644,659,2,وهؤلاء بنو قنفذ بن عصية بن هصيص,8,فولدَ طلحةُ بن عمرو بن الأَقشر: حُوياً، وأَبا الأَسود، وحُجراً، وحسَّان.
644,659,2,وهؤلاء بنو قنفذ بن عصية بن هصيص,9,فولدَ حُويُّ بن طلحة بن عمرو: هاشماً، وأبو سودٍ، وحجراً، وطَلقاً، وعاصِماً، وكثيراً.
644,659,2,وهؤلاء بنو قنفذ بن عصية بن هصيص,10,وولدَ كثيرُ بن حَويُّ بن طلحةَ: يزيدَ، وزيادةَ، وزياداً.
644,659,2,وهؤلاء بنو قنفذ بن عصية بن هصيص,11,وولدَ هاشمُ بن حُويّ: عِقالاً، وعَقيلاً، ومعقلاً، ونظاماً، ودارماً.
644,659,2,وهؤلاء بنو قنفذ بن عصية بن هصيص,12,وولدَ أَبو سُود بن حُويّ: وقَّاصاً، وثابتاً، وتوبةَ.
644,659,2,وهؤلاء بنو قنفذ بن عصية بن هصيص,13,وولدَ حسَّان بن طلحةَ: سُليمانَ، وفتيانَ.
644,659,2,وهؤلاء بنو قنفذ بن عصية بن هصيص,14,وولدَ حارثةُ بن الأشقر: عَدياً، ويزيدَ، وثعلبةَ.
644,659,2,وهؤلاء بنو قنفذ بن عصية بن هصيص,15,وولدَ امرؤ القيس بن أُميَّة بن منقذ بن عُصيَّة بن هُصيص: سيفاً، وحِميريَّاً.
644,659,2,وهؤلاء بنو قنفذ بن عصية بن هصيص,16,فولدَ سيفُ بن امرئ القيس بن أُميَّة: قيساً، وبَردُعاً، وثعلبةَ.
644,659,2,وهؤلاء بنو قنفذ بن عصية بن هصيص,17,فولدَ قيسُ بن سيف بن امرئ القيس: بُحيراً.
645,660,2,وهؤلاء بنو أمية بن عصية بن هصيص,1,فولدَ بُحيرُ بن قيس: عُميراً.
645,660,2,وهؤلاء بنو أمية بن عصية بن هصيص,2,فولدَ عُمير بن بُحير: نُعيماً.
645,660,2,وهؤلاء بنو أمية بن عصية بن هصيص,3,فولدَ نُعيمُ بن عُمير بن بُحير: عيدَالملك، وعمراً.
645,660,2,وهؤلاء بنو أمية بن عصية بن هصيص,4,فولدَ عَمرو بن عُمير بن بَحير بن قيس: يزيدَ.
645,660,2,وهؤلاء بنو أمية بن عصية بن هصيص,5,وولدَ حميريُّ بن امرئ القيس بن أُمية بن منقذ بن عُصيَّة: أَبا هِرٍّ، وسيفاً.
645,660,2,وهؤلاء بنو أمية بن عصية بن هصيص,6,فولدَ أَبو هِرٍّ: حِميريَّاً، ويزيدَ.
645,660,2,وهؤلاء بنو أمية بن عصية بن هصيص,7,فولدَ يزيدُ بن أَبي هِرٍّ: سرحانَ.
645,660,2,وهؤلاء بنو أمية بن عصية بن هصيص,8,فولدَ سرحانُ بن يزيد: أَصهب، وزياداً، وعُقبةَ، ومَسعدةَ، وربيعةَ، وذُميلاً.
645,660,2,وهؤلاء بنو أمية بن عصية بن هصيص,9,وولدَ ثعلبةُ بن سيف بن امرئ القيس: نُعيماً.
645,660,2,وهؤلاء بنو أمية بن عصية بن هصيص,10,فولدَ نُعيمُ بن ثعلبةَ: زَحاماً.
645,660,2,وهؤلاء بنو أمية بن عصية بن هصيص,11,فولدَ زَحامُ بن الوليد بن نُعيم بن ثعلبةَ: ميَّاساً.
645,660,2,وهؤلاء بنو أمية بن عصية بن هصيص,12,هؤلاءِ بنو قُنفذ بن عُصيَّة.
645,660,2,وهؤلاء بنو أمية بن عصية بن هصيص,13,وهؤلاءِ بنو أُميَّة بن عُصيَّة بن هُصيص
645,660,2,وهؤلاء بنو أمية بن عصية بن هصيص,14,وولدَ أُميَّةُ بن عُصيَّة بن هُصيص بن حيّ بن وائل: عبدَ شمس.
645,660,2,وهؤلاء بنو أمية بن عصية بن هصيص,15,فولدَ عبدُ شمس بن أُميَّة: قطناً، وصُباحاً، وثعلبةَ.
645,660,2,وهؤلاء بنو أمية بن عصية بن هصيص,16,فولدَ قطنُ بن عبدَ شمس: حارثةَ، وعمراً.
645,660,2,وهؤلاء بنو أمية بن عصية بن هصيص,17,فولدَ عَمرو بن قطن: عدةُ، وهيثمةَ.
646,661,2,وهؤلاء بنو نائل بن هصيص بن حي بن وائل,1,فولدَ هيثمةُ بن عَمرو: معقلاً.
646,661,2,وهؤلاء بنو نائل بن هصيص بن حي بن وائل,2,فولدَ معقلُ بن هيثمةَ: دحملاً.
646,661,2,وهؤلاء بنو نائل بن هصيص بن حي بن وائل,3,فولدَ دحملُ بن معقل: تميماً.
646,661,2,وهؤلاء بنو نائل بن هصيص بن حي بن وائل,4,فولدَ تميمُ بن دحمل: زيداً.
646,661,2,وهؤلاء بنو نائل بن هصيص بن حي بن وائل,5,فولدَ زيدُ بن تميم: تميماً، صاحب الهند، ذَكرهُ الفرزدقُ بن غالب التميميّ فقالَ:
646,661,2,وهؤلاء بنو نائل بن هصيص بن حي بن وائل,6,تميمُ بن زَيدٍ لا تَكونَنَّ حاجبي … فتظهر لا يخفى علي جوابها
646,661,2,وهؤلاء بنو نائل بن هصيص بن حي بن وائل,7,وولدَ رَجاءُ بن حارثةَ: حمالاً.
646,661,2,وهؤلاء بنو نائل بن هصيص بن حي بن وائل,8,فولدَ حمال بن رَجاء بن حارثةَ بن قطن: المُستطّلَ.
646,661,2,وهؤلاء بنو نائل بن هصيص بن حي بن وائل,9,وولدَ وهب بن أُميَّة بن عُصيَّة: أَوفى.
646,661,2,وهؤلاء بنو نائل بن هصيص بن حي بن وائل,10,فولدَ أَوفى بن وهب: سميعاً.
646,661,2,وهؤلاء بنو نائل بن هصيص بن حي بن وائل,11,فولدَ سميعُ بن أَوفى: محموداً.
646,661,2,وهؤلاء بنو نائل بن هصيص بن حي بن وائل,12,فولدَ محمودُ بن سميع: تَميماً.
646,661,2,وهؤلاء بنو نائل بن هصيص بن حي بن وائل,13,فولدَ تميمُ بن محمود: عمراً وعِدادهُ في الأَنصارِ.
646,661,2,وهؤلاء بنو نائل بن هصيص بن حي بن وائل,14,هؤلاءِ بنو أُميَّة بن عُصَيَّة.
646,661,2,وهؤلاء بنو نائل بن هصيص بن حي بن وائل,15,وهؤلاءِ بنو نَائل بن هُصيص بن حَيّ بن وائل
646,661,2,وهؤلاء بنو نائل بن هصيص بن حي بن وائل,16,وولدَ نائل بن هُصيص بن حَي بن وائل بن جُشم بن مالك بن كعب بن القين: حِصناً.
646,661,2,وهؤلاء بنو نائل بن هصيص بن حي بن وائل,17,هذهِ حَيُّ بن وائل.
647,662,2,وهؤلاء بنو عوف بن وائل بن جشم بن مالك بن القين,1,وهؤلاءِ بنو عَوف بن وائل بن جُشم بن مالك بن القين
647,662,2,وهؤلاء بنو عوف بن وائل بن جشم بن مالك بن القين,2,وولد عوفُ بن وائل بن جُشم بن مالك بن القين: زيداً.
647,662,2,وهؤلاء بنو عوف بن وائل بن جشم بن مالك بن القين,3,فولد زيد بن عوف بن وائل بن جُشم بن مالك بن كعب بن القين: حبيباً، وشُييماً.
647,662,2,وهؤلاء بنو عوف بن وائل بن جشم بن مالك بن القين,4,فولد حبيبُ بن زيد بن عوف: تربطاً، وقردصاً، وعُبيداً، وعُجيفاً.
647,662,2,وهؤلاء بنو عوف بن وائل بن جشم بن مالك بن القين,5,فولد تربط بن حبيب: عمراً، وعامراً، وزيدة، وشفيقاً، ومسعوداً، ومذعوراً.
647,662,2,وهؤلاء بنو عوف بن وائل بن جشم بن مالك بن القين,6,فولد مذعور بن تربط: طريفاً، ومُشمتاً، وأَصعد، وبدراً، ومصاداً.
647,662,2,وهؤلاء بنو عوف بن وائل بن جشم بن مالك بن القين,7,فولد طريفُ بن مذعور بن تربط: جُرواً.
647,662,2,وهؤلاء بنو عوف بن وائل بن جشم بن مالك بن القين,8,فولد جُرو بن طريف: الحكم، ومدلَّة، كانت عند طريف بن الأَصغر بن مذعور بن تربط، فلها ولده.
647,662,2,وهؤلاء بنو عوف بن وائل بن جشم بن مالك بن القين,9,فولد الحكم بن جرو بن طريف: الوليد، وسرحاً، وواصلاً، وعفاقاً، وعجرمة، وعيّاً.
647,662,2,وهؤلاء بنو عوف بن وائل بن جشم بن مالك بن القين,10,فولد الوليد بن الحكم: قُدامة، وبياضة.
647,662,2,وهؤلاء بنو عوف بن وائل بن جشم بن مالك بن القين,11,وولد واصل بن الحكم بن جرو: الهذيل، والمريح؛ أُمهما: طيبةُ، والشَّهدان.
647,662,2,وهؤلاء بنو عوف بن وائل بن جشم بن مالك بن القين,12,فولد المُريح بن واصل بن الحكم: المختار، والمدراء، والهُذيل، ويزيد، وزرارة؛ أُمهم أُم ولدٍ تدعى خيرة أَو عجلة، كانت عند عمديّ بن سراح بن الحكم فولدت له.
647,662,2,وهؤلاء بنو عوف بن وائل بن جشم بن مالك بن القين,13,وفي المريح بن واصل يقول الشَّاعر:
648,663,2,وهؤلاء بنو عوف بن وائل بن جشم بن مالك بن القين,1,إِن يكسني جُرو بن حسَّان حلةً … فعلّ، والاَّ فالمريح بن واصل
648,663,2,وهؤلاء بنو عوف بن وائل بن جشم بن مالك بن القين,2,وولد سراح بن الحكم بن جرو: غُزياً، ومُليساً، وحيَّاً، وفضيلاً.
648,663,2,وهؤلاء بنو عوف بن وائل بن جشم بن مالك بن القين,3,فولد غُزيُّ بن سراح: سعيداً، وغُزيَّة، ومسلمة وشافعاً، وسُليمان؛ أُمهم: سعيدةُ بنت العوَّام.
648,663,2,وهؤلاء بنو عوف بن وائل بن جشم بن مالك بن القين,4,وشريحاً، وسليطاً، وكبيراً؛ أُمهم أُمِّ ولدٍ تدعى أُمَّ كبير.
648,663,2,وهؤلاء بنو عوف بن وائل بن جشم بن مالك بن القين,5,وبدراً، وحجَّاجاً، ومسوِّر؛ أُمهم: أُمُّ عجلة بنت المريح بن واصل بن الحكم بن جرو.
648,663,2,وهؤلاء بنو عوف بن وائل بن جشم بن مالك بن القين,6,فولد حيُّ بن سراح بن الحكم: جُليحاً، وسندحاً.
648,663,2,وهؤلاء بنو عوف بن وائل بن جشم بن مالك بن القين,7,فولد الأَصغر بن مذعور بن تربط: طريفاً.
648,663,2,وهؤلاء بنو عوف بن وائل بن جشم بن مالك بن القين,8,فولد طريفُ بن الأَصغر بن مذعور: عبَّاداً، وروحاً، وعمراً، وسعيداً، وصاباناً؛ أُمهم: أُمُّ أَبان بنت حجَّار الجُدسيّ.
648,663,2,وهؤلاء بنو عوف بن وائل بن جشم بن مالك بن القين,9,وواصلاً، ويحيى، وحكماً، ودُلجة؛ أُمهم: مدلة بنت جرو بن طريف بن مذعور؛ وعليَّاً.
648,663,2,وهؤلاء بنو عوف بن وائل بن جشم بن مالك بن القين,10,فولد عبَّاد بن طريف بن الأَصغر: يزيد، وجعداً، وبشراً، وماجداً، وأَخنس.
648,663,2,وهؤلاء بنو عوف بن وائل بن جشم بن مالك بن القين,11,وولد مُشمت بن مذعور بن تربط: أَرطاة، ودُلجة، وفد على النبيّ ﷺ ، وحسن اسلامه؛ وعقد له رايةٌ وشتى بها في بلد الرُّوم سنة ستٍ وثلاثين.
648,663,2,وهؤلاء بنو عوف بن وائل بن جشم بن مالك بن القين,12,فولد دُلجة بن مشمت بن مذعور: حسَّان، وحبيشاً، أَمير المدينة، قتلهُ الحنتف بن السَّجف التميميّ ثم الحنظلي
649,664,2,وهؤلاء بنو عوف بن وائل بن جشم بن مالك بن القين,1,فولدَ حسَّان بن دُلجة: جُرواً، وعمراً.
649,664,2,وهؤلاء بنو عوف بن وائل بن جشم بن مالك بن القين,2,فولد جُرو بن حسَّان: الحكم، وهاشماً، لأُم ولدٍ؛ وسليمان، أُمه الكلبيَّة.
649,664,2,وهؤلاء بنو عوف بن وائل بن جشم بن مالك بن القين,3,ويحيى أُمه من القين من بني الحارث.
649,664,2,وهؤلاء بنو عوف بن وائل بن جشم بن مالك بن القين,4,وعبد الواحد، ومُصعباً، وزُفر.
649,664,2,وهؤلاء بنو عوف بن وائل بن جشم بن مالك بن القين,5,وولد حُبيشُ بن دُلجة: عبد الرَّحمان، وبرحاً، وغزيَّاً، وهاشماً، وجرواً، أُمهم المدنيَّة.
649,664,2,وهؤلاء بنو عوف بن وائل بن جشم بن مالك بن القين,6,وولد أَرطاةُ بن مُشمت بن مذعور: سُليّاً، وحمران.
649,664,2,وهؤلاء بنو عوف بن وائل بن جشم بن مالك بن القين,7,فولد بشر بن أَرطاة: شبيباً، وحمران، وجُليحة.
649,664,2,وهؤلاء بنو عوف بن وائل بن جشم بن مالك بن القين,8,وولد حُمران بن بشر بن أَرطاة: زُهيراً.
649,664,2,وهؤلاء بنو عوف بن وائل بن جشم بن مالك بن القين,9,فولد زُهير بن حمران: العرق.
649,664,2,وهؤلاء بنو عوف بن وائل بن جشم بن مالك بن القين,10,فولد العرق بن زهير: شرقيَّاً.
649,664,2,وهؤلاء بنو عوف بن وائل بن جشم بن مالك بن القين,11,وولد بدر بن مذعور: تميماً، وشراً.
649,664,2,وهؤلاء بنو عوف بن وائل بن جشم بن مالك بن القين,12,وولد عامر بن تربط بن حبيب: مذعوراً، ومُرارة.
649,664,2,وهؤلاء بنو عوف بن وائل بن جشم بن مالك بن القين,13,فولد مذعور بن عامر بن تربط: حارثة.
649,664,2,وهؤلاء بنو عوف بن وائل بن جشم بن مالك بن القين,14,فولد حارثةُ بن مذعور: عبَّاساً، وإِياساً، وباعثاً، وهلالاً.
649,664,2,وهؤلاء بنو عوف بن وائل بن جشم بن مالك بن القين,15,فولد هلالُ بن حارثة: زبَّان، وزواداً، وبياضة.
649,664,2,وهؤلاء بنو عوف بن وائل بن جشم بن مالك بن القين,16,وولد مُرارةُ بن عامر بن تربط: عبَّاداً.
649,664,2,وهؤلاء بنو عوف بن وائل بن جشم بن مالك بن القين,17,فولد عبَّاد بن مرارة: الأَصبغ، وزيداً.
649,664,2,وهؤلاء بنو عوف بن وائل بن جشم بن مالك بن القين,18,فولد الأَصبغ بن عبَّاد: الفُرافصة، ووسميَّاً، وغنيَّاً.
649,664,2,وهؤلاء بنو عوف بن وائل بن جشم بن مالك بن القين,19,وولد سُريق بن تربط بن حبيب بن زيد بن عوف بن وائل: زياداً.
650,665,2,وهؤلاء بنو عوف بن وائل بن جشم بن مالك بن القين,1,فولد زيادُ بن سُريق: حصناً، وربعيَّاً، ونُعيماً، وحُماماً.
650,665,2,وهؤلاء بنو عوف بن وائل بن جشم بن مالك بن القين,2,وولد زيدةُ بن تربط بن حبيب بن زيد بن عوف بن وائل: أَوفى، وعُريناً، وسُليماً.
650,665,2,وهؤلاء بنو عوف بن وائل بن جشم بن مالك بن القين,3,فولد عُرين بن زيدة بن تربط: زيادة، وزيدة، وحُميساً، ومصاداً.
650,665,2,وهؤلاء بنو عوف بن وائل بن جشم بن مالك بن القين,4,وولد عمرو بن تربط بن حبيب بن زيد بن عوف بنوائل: النعَّار، وسُنيحاً.
650,665,2,وهؤلاء بنو عوف بن وائل بن جشم بن مالك بن القين,5,فولد سُنيحُ بن عمرو: تربطاً، وحسَّان.
650,665,2,وهؤلاء بنو عوف بن وائل بن جشم بن مالك بن القين,6,فولد حسَّان بن سُنيح: عمراً.
650,665,2,وهؤلاء بنو عوف بن وائل بن جشم بن مالك بن القين,7,فولد عمرو بن حسَّان: الدلهات.
650,665,2,وهؤلاء بنو عوف بن وائل بن جشم بن مالك بن القين,8,وولد مسعودُ بن تربط بن حبيب بن زيد بن عوف بن وائل: حارثةَ، وقيساً، وحصناً.
650,665,2,وهؤلاء بنو عوف بن وائل بن جشم بن مالك بن القين,9,وولد عُبيدُ بن حبيب بن زيد بن وائل: نفراً، ومولةَ.
650,665,2,وهؤلاء بنو عوف بن وائل بن جشم بن مالك بن القين,10,فولد نفرُ بن عُبيد: بُجر، وحارثة وهلالاً.
650,665,2,وهؤلاء بنو عوف بن وائل بن جشم بن مالك بن القين,11,فولد حارثةُ بن نفر: عمراً.
650,665,2,وهؤلاء بنو عوف بن وائل بن جشم بن مالك بن القين,12,فولد عمرو بن حارثة: مُرَّة، وحارثة.
650,665,2,وهؤلاء بنو عوف بن وائل بن جشم بن مالك بن القين,13,وولد شُييَّمُ بن زيد بن عمرو بن وائل: عُصيفا، وقتادة.
650,665,2,وهؤلاء بنو عوف بن وائل بن جشم بن مالك بن القين,14,فولد عُصيفُ بن شُييَّم: الحارث، وقتَّالاً.
650,665,2,وهؤلاء بنو عوف بن وائل بن جشم بن مالك بن القين,15,فولد الحارثُ بن عُصيف: مالكاً.
650,665,2,وهؤلاء بنو عوف بن وائل بن جشم بن مالك بن القين,16,فولد مالكُ بن الحارث: حملة.
650,665,2,وهؤلاء بنو عوف بن وائل بن جشم بن مالك بن القين,17,فولد حملةُ بن مالك بن الحارث: شجاراً، وجرداً.
651,666,2,وهؤلاء بنو عوف بن وائل بن جشم بن مالك بن القين,1,فولد شجارُ بن حملة بن مالك بن الحارث: ضبَّاً.
651,666,2,وهؤلاء بنو عوف بن وائل بن جشم بن مالك بن القين,2,فولد ضبُّ بن شجار: عمراً، ووهدان، وزياداً، وجبَّاراً.
651,666,2,وهؤلاء بنو عوف بن وائل بن جشم بن مالك بن القين,3,فولد وهدانُ بن ضبٍّ: عداماً، وزيدة، ومحمداً وأَشعث، ومنقذاً، ومعلناً، وجوَّاساً، وسيدان.
651,666,2,وهؤلاء بنو عوف بن وائل بن جشم بن مالك بن القين,4,وولد عمرو بن ضبِّ بن شجارٍ: أَصبعاً، وسعداً وعُصبةَ، وعبد الله، وعبد الملك.
651,666,2,وهؤلاء بنو عوف بن وائل بن جشم بن مالك بن القين,5,وولد قتادةُ بن شُييَّم بن زيد بن عوف بن وائل: سلمةَ، وحُبيشاً، ورُمحاً.
651,666,2,وهؤلاء بنو عوف بن وائل بن جشم بن مالك بن القين,6,وولد جُرد بن حملة: ربيعاً.
651,666,2,وهؤلاء بنو عوف بن وائل بن جشم بن مالك بن القين,7,فولد ربيعُ بن جرد بن حملة: زيداً، وبركة.
651,666,2,وهؤلاء بنو عوف بن وائل بن جشم بن مالك بن القين,8,هؤلاءِ بنو عوف بن وائل.
651,666,2,وهؤلاء بنو عوف بن وائل بن جشم بن مالك بن القين,9,وهؤلاءِ
651,666,2,وهؤلاء بنو عوف بن وائل بن جشم بن مالك بن القين,10,بنو عُرانية بن وائل
651,666,2,وهؤلاء بنو عوف بن وائل بن جشم بن مالك بن القين,11,وولد عُرانيةُ بن وائل بن جُشم: قُطيعة، وزغبة، وحيَّاً.
651,666,2,وهؤلاء بنو عوف بن وائل بن جشم بن مالك بن القين,12,فولد حيُّ بن عُرانية: عبودة، وحُميصاً.
651,666,2,وهؤلاء بنو عوف بن وائل بن جشم بن مالك بن القين,13,فولد عبودة بن حيٍّ بن عُرانية: عودة.
651,666,2,وهؤلاء بنو عوف بن وائل بن جشم بن مالك بن القين,14,فولد عودةُ بن عبودة: عامراً، وزيداً، وكعباً.
651,666,2,وهؤلاء بنو عوف بن وائل بن جشم بن مالك بن القين,15,فولد عامر بن عودة: حصناً، ومحصناً، وأَبا حصن.
651,666,2,وهؤلاء بنو عوف بن وائل بن جشم بن مالك بن القين,16,فولد أَبو حصن بن عامر بن عودة: مصاداً، وعرفطة.
651,666,2,وهؤلاء بنو عوف بن وائل بن جشم بن مالك بن القين,17,فولد عرفطةُ بن أَبي حصن: كُلثوماً، وتميماً، ووثيمة.
651,666,2,وهؤلاء بنو عوف بن وائل بن جشم بن مالك بن القين,18,وولد حصن بن عامر بن عودة: عمراً، وشدَّاداً.
652,667,2,وهؤلاء بنو عوف بن وائل بن جشم بن مالك بن القين,1,فولد عمرو بن حصن: المددا، وجسَّاساً، ومرثداً، وعُتبان، وعمراً.
652,667,2,وهؤلاء بنو عوف بن وائل بن جشم بن مالك بن القين,2,فولد قُطيعةُ بن عُرانيةَ بن وائل بن جُشم بن مالك بن كعب بن القين: مالكاً وحارثة، وعديَّاً، وعوفاً.
652,667,2,وهؤلاء بنو عوف بن وائل بن جشم بن مالك بن القين,3,فولد مالك بن قُطيعة: كعباً، ومودعة، وحارثة؛ وسلمان.
652,667,2,وهؤلاء بنو عوف بن وائل بن جشم بن مالك بن القين,4,فولد مودعةُ بن مالك بن قُطيعة: المستطل.
652,667,2,وهؤلاء بنو عوف بن وائل بن جشم بن مالك بن القين,5,فولد المُستطل بن مودعة: قُرطاً، وأَوفى، وعمراً.
652,667,2,وهؤلاء بنو عوف بن وائل بن جشم بن مالك بن القين,6,وولد كعبُ بن قُطيعة بن عرانية: حارثة وزيداً، وربيعةَ، وعُبيداً، وسيَّاراً.
652,667,2,وهؤلاء بنو عوف بن وائل بن جشم بن مالك بن القين,7,فولد حارثةُ بن كعب: عُبيدة، وعبيداً، ويعمر.
652,667,2,وهؤلاء بنو عوف بن وائل بن جشم بن مالك بن القين,8,فولد يعمر بن حارثة بن كعب: زيداً.
652,667,2,وهؤلاء بنو عوف بن وائل بن جشم بن مالك بن القين,9,فولد زيدُ بن يعمر بن حارثةَ: حيَّاساً.
652,667,2,وهؤلاء بنو عوف بن وائل بن جشم بن مالك بن القين,10,فولد حيَّاسُ بن زيد بن يعمر بن حارثة: عُرانية، وسيَّاراً، وسيَّاحاً.
652,667,2,وهؤلاء بنو عوف بن وائل بن جشم بن مالك بن القين,11,وولد عُبيدُ بن حارثة بن كعب بن مالك بن قُطيعة: سُليماً.
652,667,2,وهؤلاء بنو عوف بن وائل بن جشم بن مالك بن القين,12,فولد سُليمُ بن عُبيدة بن حارثة بن كعب بن مالك: عمراً، وأَبا قرقرا.
652,667,2,وهؤلاء بنو عوف بن وائل بن جشم بن مالك بن القين,13,وولد عُبيدُ بن حارثة بن كعب بن مالك بن قُطيعة: يزيد.
652,667,2,وهؤلاء بنو عوف بن وائل بن جشم بن مالك بن القين,14,وولد حارثةُ بن قُطيعة بن عرانية بن وائل: عديَّاً، وضبعاً؛ أُمهما: يزيمة.
652,667,2,وهؤلاء بنو عوف بن وائل بن جشم بن مالك بن القين,15,فولد عديُّ بن حارثة: مهانة، وقيساً، وحصناً.
652,667,2,وهؤلاء بنو عوف بن وائل بن جشم بن مالك بن القين,16,فولد حصنُ بن عديّ: خنساً.
653,668,2,بنو عرانية بن وائل,1,فولد خنس بن حصن: عبد الله، وجبلةَ، وشبيباً.
653,668,2,بنو عرانية بن وائل,2,هؤلاءِ
653,668,2,بنو عرانية بن وائل,3,بنو عرانية بن وائل.
653,668,2,بنو عرانية بن وائل,4,وهؤلاءِ بنو قُطيعة بن وائل بن جُشم
653,668,2,بنو عرانية بن وائل,5,ابن مالك بن كعب بن القين وولد قُطيعةُ بن وائل بن جُشم بن مالك بن كعب بن القين: ثعلبةَ.
653,668,2,بنو عرانية بن وائل,6,وولد ثعلبةُ بن قُطيعة بن وائل: مودعة، ونُويرة، وجُمهوراً، وشجاعاً، وعقيلاً، ومالكاً.
653,668,2,بنو عرانية بن وائل,7,فولد مودعة بن ثعلبة بن قُطيعة: جابراً، وسعداً.
653,668,2,بنو عرانية بن وائل,8,فولد جابرُ بن مودعة بن ثعلبة بن قطيعة: حُلالاً، وامرأ القيس.
653,668,2,بنو عرانية بن وائل,9,فولد حُلالُ بن جابر بن مودعة: زُهيراً، وزيداً، وسلمةَ.
653,668,2,بنو عرانية بن وائل,10,فولد زُهيرُ بن حُلال بن جابر: يزيد، وحارثة، وعَميرة.
653,668,2,بنو عرانية بن وائل,11,فولد عميرةُ بن زُهير بن حُلالٍ: ضمضماً، وسُويداً، وصبرة، وكُلثوماً.
653,668,2,بنو عرانية بن وائل,12,فولد ضمضمُ بن عَميرة: عُفيراً، وشقيقاً، وجهماً، وقائداً، وسفَّاحاً.
653,668,2,بنو عرانية بن وائل,13,فولد شفيقُ بن ضمضم بن عميرة: زُبيراً، ورياباً.
653,668,2,بنو عرانية بن وائل,14,وولد عُفيرُ بن ضمضم بن عميرة بن زُهير بن خرل بن ضمضم: دورة، ومُساوراً، وثابتاً، ومُسافعاً، ومنهاصر، وعفراس.
653,668,2,بنو عرانية بن وائل,15,فولد دروةُ بن عُفير: مُحمداً؛ وكان رضيع عبسي بن علي، وأَقطعهُ
654,669,2,وهؤلاء بنو قطيعة بن وائل بن جشم,1,ويزيداً؛ وضمضماً، وعيسى، ويزيد، ورزاحاً، وبنو عُفير بن ضمضم بالسَّراة.
654,669,2,وهؤلاء بنو قطيعة بن وائل بن جشم,2,وولد سويدُ بن عميرة بن زُهير بن حُلال: ناملاً، وثمامة، وتميماً؛ أُمهم: جنوبُ بنت عمرو.
654,669,2,وهؤلاء بنو قطيعة بن وائل بن جشم,3,وشريكاً، وأَشيم؛ أُمهما مقراءُ.
654,669,2,وهؤلاء بنو قطيعة بن وائل بن جشم,4,فولد ناملُ بن سويد: زُهيراً، وأزهر، ومارداً، وسليطاً، وجازماً، درج.
654,669,2,وهؤلاء بنو قطيعة بن وائل بن جشم,5,وولد تميمُ بن سويد بن عميرة: عليطاً، ومُزاحماً، ومُسوِّاراً، وعقيلاً، درجاً؛ والأَضبع، درجَ.
654,669,2,وهؤلاء بنو قطيعة بن وائل بن جشم,6,وولد ثُمامةُ بن سويد بن عميرة بن زُهير: رُزيناً، وشبيباً، درج، ودلهاباً، درج، ورزاحاً ومريحاً، وعُمارة.
654,669,2,وهؤلاء بنو قطيعة بن وائل بن جشم,7,وولد شريكُ بن سويد: كنانة، وحبيباً، وخليفةَ.
654,669,2,وهؤلاء بنو قطيعة بن وائل بن جشم,8,وولد أَشيمُ بن سويد: بشراً.
654,669,2,وهؤلاء بنو قطيعة بن وائل بن جشم,9,وولد صبرةُ بن عميرة: شعلاً.
654,669,2,وهؤلاء بنو قطيعة بن وائل بن جشم,10,فولد شعلُ بن صبرة: معروفاً، ومذعوراً، وصلتاً، وعميرة، ومعاركَ، درج، وعركيَّاً، درج، وجهضماً درج.
654,669,2,وهؤلاء بنو قطيعة بن وائل بن جشم,11,فولد مذعورُ بن شعل بن صبرة بن عميرة: يأخذاَ، ومُنجداً، وغالباً.
654,669,2,وهؤلاء بنو قطيعة بن وائل بن جشم,12,وولد يزيدُ بن زُهير بن حلال: حمالة، وسُليماً.
654,669,2,وهؤلاء بنو قطيعة بن وائل بن جشم,13,فولد سُليمُ بن يزيد بن زُهير بن خُلال: عبد الله، ومُسلماً، وحسَّان، وأَبا أُمامة.
654,669,2,وهؤلاء بنو قطيعة بن وائل بن جشم,14,وولد حارثةُ بن زُهير بن خلال: طريفاً، والأحنف، وجبلة، ومسعوداً.
655,670,2,وهؤلاء بنو قطيعة بن وائل بن جشم,1,فولد طريفُ بن حارثةَبن زُهير: خُلالاً.
655,670,2,وهؤلاء بنو قطيعة بن وائل بن جشم,2,فولد خُلالُ بن طريف: علقمةَ، ومعرةَ، ووزراً فولد معرةُ بن خُلال: زُهيراً، وشافعاً، وواسعاً، وواصلاً.
655,670,2,وهؤلاء بنو قطيعة بن وائل بن جشم,3,وولد وزرُ بن خُلال: صدقةَ، وأُبيَّاً.
655,670,2,وهؤلاء بنو قطيعة بن وائل بن جشم,4,وولد علقمةُ بن خُلال: واصلاً.
655,670,2,وهؤلاء بنو قطيعة بن وائل بن جشم,5,فولد واصل بن علقمة بن خلال: مخشيَّاً، ومرضيَّاً.
655,670,2,وهؤلاء بنو قطيعة بن وائل بن جشم,6,وولد جبلة بن حارثة بن زهير: خارجة.
655,670,2,وهؤلاء بنو قطيعة بن وائل بن جشم,7,فولد خارجةُ بن جبلة بن حارثةَ: كبيراً.
655,670,2,وهؤلاء بنو قطيعة بن وائل بن جشم,8,فولد كبيرُ بن خارجة: سهماً، ومجاهداً، وزُميلاً.
655,670,2,وهؤلاء بنو قطيعة بن وائل بن جشم,9,وولد سلمةُ بن خُلال بن جابر بن مودعة: هيجاً.
655,670,2,وهؤلاء بنو قطيعة بن وائل بن جشم,10,فولد هيجُ بن سلمة بن خلال: شُريحاً.
655,670,2,وهؤلاء بنو قطيعة بن وائل بن جشم,11,فولد شُريحُ بن هيج: علامة، وجعداً.
655,670,2,وهؤلاء بنو قطيعة بن وائل بن جشم,12,وولد امرؤُ القيس بن مودعة بن ثعلبة بن قُطسيعة: خُليفاً.
655,670,2,وهؤلاء بنو قطيعة بن وائل بن جشم,13,فولد خُليفُ بن امرئ القيس: زيداً.
655,670,2,وهؤلاء بنو قطيعة بن وائل بن جشم,14,فولد زيدُ بن خُليف بن امرئ القيس: جابراً.
655,670,2,وهؤلاء بنو قطيعة بن وائل بن جشم,15,فولد جابرُ بن زيد بن خُليف: المُثلَّم، وعصمة.
655,670,2,وهؤلاء بنو قطيعة بن وائل بن جشم,16,فولد عصمةُ بن جابر بن زيد بن خُليف: بيعساً، وعلقمةَ.
655,670,2,وهؤلاء بنو قطيعة بن وائل بن جشم,17,فولد علقمةُ بن عصمة بن جابر: عصاماً، وزُرعة، وأَربد، وعذرة، درج، ووائلاً، درج.
655,670,2,وهؤلاء بنو قطيعة بن وائل بن جشم,18,وولد عصمُ بن جابر بن زيد بن خُليف: حصناً.
656,671,2,وهؤلاء بنو قطيعة بن وائل بن جشم,1,وولد سعدُ بن مودعة بن ثعلبة بن قُطيعة: حُجراً.
656,671,2,وهؤلاء بنو قطيعة بن وائل بن جشم,2,وولد حجرُ بن سعد بن مودعة: عبد الله، وقلابة، كانت عند عُبيد بن سرح بن هلال بن القَّلمَّس بن مدلجٍ؛ فولدت له: ثعلبةَ، وإِياساً، وخولة، وكانت عند مرتع بن سنان بن سرح بن هلال بن القَّلمس بن مُدلج بن مُبرر بن ضبَّة بن عبد بن كبير بن عُذرة؛ فولدت لهُ حمصة، ونهوشاً.
656,671,2,وهؤلاء بنو قطيعة بن وائل بن جشم,3,فولد عبد الله بن حجر: علقمة، وحسَّان، ووهباً.
656,671,2,وهؤلاء بنو قطيعة بن وائل بن جشم,4,فولد حسَّان بن قَتادة بن عبد الله بن حجر: زملاً، وعصاماً، وعبد الأسود، وحُصلة، وجحشفة.
656,671,2,وهؤلاء بنو قطيعة بن وائل بن جشم,5,وولدَ علقمةُ بن قتادة بن عبد الله بن حجر: واصلاً وجذيماً، وحُريباً، درج.
656,671,2,وهؤلاء بنو قطيعة بن وائل بن جشم,6,وولد وهب بن قتادة بن عبد الله: بكراً، ولقيطاً، وطليقاً، وعمراً.
656,671,2,وهؤلاء بنو قطيعة بن وائل بن جشم,7,وولد شجاعُ بن ثعلبة بن قطيعة: عمراً.
656,671,2,وهؤلاء بنو قطيعة بن وائل بن جشم,8,فولد عمرو بن شجاع بن ثعلبة بن قطيعة: زيداً.
656,671,2,وهؤلاء بنو قطيعة بن وائل بن جشم,9,فولد زيد بن عمرو بن شجاع: وبراً.
656,671,2,وهؤلاء بنو قطيعة بن وائل بن جشم,10,فولد وبرُ بن زيد بن عمرو بن لقيطاً.
656,671,2,وهؤلاء بنو قطيعة بن وائل بن جشم,11,فولد لقيطُ بن وبر: عمراً، وكلاباً، وبكراً.
656,671,2,وهؤلاء بنو قطيعة بن وائل بن جشم,12,فولد عمرو بن لقيط: غثياناً، وعثمان.
656,671,2,وهؤلاء بنو قطيعة بن وائل بن جشم,13,وولد كلاب بن وبر: بشراً، ومصاداً، وعمراً، وسواداً، وعبَّاداً، وأَسبغاً.
656,671,2,وهؤلاء بنو قطيعة بن وائل بن جشم,14,وولد بكر بن لقيط بن وبرة بن زيد بن عمرو بن ابن شُجاع: بعثراً، وطرَّاداً.
657,672,2,وهؤلاء بنو قطيعة بن وائل بن جشم,1,وولد أَهوزُ بن قُطيعةَ بن ثعلبة: ربيعةَ، والشخص ونُفيعاً، ولوذاناً، وصُحباناً، وفزارة، درج.
657,672,2,وهؤلاء بنو قطيعة بن وائل بن جشم,2,فولد ربيعةُ بن جهور: حصناً، وحُجراً.
657,672,2,وهؤلاء بنو قطيعة بن وائل بن جشم,3,فولد حُجرُ بن ربيعةَ بن جهور: وقَّاصاً.
657,672,2,وهؤلاء بنو قطيعة بن وائل بن جشم,4,فولد وقاصُ بن حجر: يزيد.
657,672,2,وهؤلاء بنو قطيعة بن وائل بن جشم,5,فولد يزيد بن وقاص بن حجر: مسعوداً.
657,672,2,وهؤلاء بنو قطيعة بن وائل بن جشم,6,فولد مسعود بن يزيد بن وقَّاص بن حجر: سعداً، وأَبا حصن.
657,672,2,وهؤلاء بنو قطيعة بن وائل بن جشم,7,فولد أَبو حصن بن مسعود بن يزيد بن وقاصٍ: سُحيماً.
657,672,2,وهؤلاء بنو قطيعة بن وائل بن جشم,8,فولد سُحيمُ بن أَبي حصن بن مسعود بن يزيد بن وقَّاص: علا، ومُعلَّى.
657,672,2,وهؤلاء بنو قطيعة بن وائل بن جشم,9,وولد حصنُ بن ربيعة بن جهور بن ثعلبة: زياداً.
657,672,2,وهؤلاء بنو قطيعة بن وائل بن جشم,10,فولد زيادُ بن حصن: مربعاً، وربيعة، وسُليماً، درج.
657,672,2,وهؤلاء بنو قطيعة بن وائل بن جشم,11,فولد مِربعُ بن زياد بن حصن: أَنساً، وزياداً.
657,672,2,وهؤلاء بنو قطيعة بن وائل بن جشم,12,فولد أَنسُ بن مِربع بن زياد بن حصن: سُحمة، ومُعماناً، ونذيراً، وواصلاً، وزياداً.
657,672,2,وهؤلاء بنو قطيعة بن وائل بن جشم,13,وولد يزيدُ بن مربع: قائداً.
657,672,2,وهؤلاء بنو قطيعة بن وائل بن جشم,14,فولد قائدُ بن يزيد بن مربع بن زياد: غسَّان، ومُحمداً، درج؛ والشَّمردل، درج.
657,672,2,وهؤلاء بنو قطيعة بن وائل بن جشم,15,وولد مالكُ بن ثعلبة بن قُطيعة: الأَذَّب.
658,673,2,بنو الأخوة بن جشم بن مالك,1,فولد الأَذَّبُ بن مالك بن قُطيعة: علقمة، ملك الشام الذي قتل المُنذر، ملك غسَّان ببطن الأَردُن.
658,673,2,بنو الأخوة بن جشم بن مالك,2,هؤلاءِ بنو قُطيعة بن وائل.
658,673,2,بنو الأخوة بن جشم بن مالك,3,هؤلاءِ
658,673,2,بنو الأخوة بن جشم بن مالك,4,بنو الأُخوة بن جُشم بن مالك
658,673,2,بنو الأخوة بن جشم بن مالك,5,ابن كعب بن القين وولد الأُخوة بن جُشم بن مالك بن كعب بن القين: نهاراً، وقدماً، بطنان؛ وكسران؛ أُمهم فردةُ. وعوفاً، وجدرة، وغالباً، وسعداً؛ أُمهم: معاد.
658,673,2,بنو الأخوة بن جشم بن مالك,6,فولد قدم بن الأُخوة: الحارث.
658,673,2,بنو الأخوة بن جشم بن مالك,7,فولد الحارثُ بن قدم: جهملة، وثعلبة.
658,673,2,بنو الأخوة بن جشم بن مالك,8,فولد ثعلبةُ بن الحارث بن قدم: خالداً، والمُرقَّم.
658,673,2,بنو الأخوة بن جشم بن مالك,9,وهؤلاءِ بنو خالد بن سعد بن ثعلبة
658,673,2,بنو الأخوة بن جشم بن مالك,10,وولد خالدُ بن سعد بن ثعلبةَ بن الحارث بن قدم: عبد الله: الأَعشى، وسعداً.
658,673,2,بنو الأخوة بن جشم بن مالك,11,فولد عبد الله بن خالد: يزيد، وضراراً، وعميرة، ويزيد، وعامر، وحبيباً، ومُرَّة؛ أُمهم: أَسماء بنت جميل التميميّ.
658,673,2,بنو الأخوة بن جشم بن مالك,12,فولد يزيد بن عبد الله بن خالد بن سعد: قدماً، وعبد الله، وحزلة، وروبة، وشريكاً وصرداً، وهرماً، وعميرة، وفروة؛ أُمهم: فاطمة بنت سعد بن عصمة.
658,673,2,بنو الأخوة بن جشم بن مالك,13,فولد روبةُ بن يزيد: حبيباً، وعقيلاً، وحارثة، وخالداً، وسليماً، ويزيد.
659,674,2,وهؤلاء بنو خالد بن سعد بن ثعلبة,1,وولد عبد الله بنيزيد بن عبد الله: زياداً، ويزيد، وآمنة، وعمراً، وعُمارة.
659,674,2,وهؤلاء بنو خالد بن سعد بن ثعلبة,2,وولد قدمُ بن يزيد: ثابتاً، وأُنيفاً، وعطيَّة، وعميرة، ويزيد، وبكراً، وبكراً، وبشيراً.
659,674,2,وهؤلاء بنو خالد بن سعد بن ثعلبة,3,وولد حزلة بن يزيد بن عبد الله بن خالد بن سعد: كثيراً، وعقمة، وشريكاً.
659,674,2,وهؤلاء بنو خالد بن سعد بن ثعلبة,4,فولد كثيرُ بن حزلة: زيادة، ومُدركاً، وسُبيباً، وخشرماً، وهو سيِّد بني خالد.
659,674,2,وهؤلاء بنو خالد بن سعد بن ثعلبة,5,وولد صُردُ بن يزيد بن عبد الله بن خالد: سُليماً، ووهباً، وجناحاً، ورياشاً.
659,674,2,وهؤلاء بنو خالد بن سعد بن ثعلبة,6,وولد شريكُ بن يزيد بن عبد الله: شهاباً، ويزيد، وحسان، ومصاداً.
659,674,2,وهؤلاء بنو خالد بن سعد بن ثعلبة,7,وولد هَرمُ بن يزيد بن عبد الله بن خالد: عاصماً.
659,674,2,وهؤلاء بنو خالد بن سعد بن ثعلبة,8,فولد عاصمُ بن هرم بن يزيد: فضالة، ومُناجداً، والقسم، وسلمة، وزُهرة، وجُناساً، وسالماً، ومُجاهداً، ومُراراً، درج.
659,674,2,وهؤلاء بنو خالد بن سعد بن ثعلبة,9,وولد ضُرارُ بن عبد الله بن خالد: يومان.
659,674,2,وهؤلاء بنو خالد بن سعد بن ثعلبة,10,فولد يومانُ بن ضرار بن عبد الله: جمهان، وذُبيان، وعامراً، عمراً، وعُمارة، وعبد الله، وعبيد الله.
659,674,2,وهؤلاء بنو خالد بن سعد بن ثعلبة,11,وولد حبيبُ بن عبد الله بن خالد: سماعة، والهيذام، ومُحرزاً.
659,674,2,وهؤلاء بنو خالد بن سعد بن ثعلبة,12,وولد مُرذضة بن عبد الله: زعراً، وسغباً وجهضماً، وضمضماً، وبياضة.
660,675,2,وهؤلاء بنو المرقم بن سعد بن ثعلبة,1,وولد عامر بن عبد الله بن خالد: أَبا البياع، وجميلاً.
660,675,2,وهؤلاء بنو المرقم بن سعد بن ثعلبة,2,وولد زياد بن عبد الله بن خالد: عامراً، وأَزعراً.
660,675,2,وهؤلاء بنو المرقم بن سعد بن ثعلبة,3,فولد عامر بن زياد: البياع.
660,675,2,وهؤلاء بنو المرقم بن سعد بن ثعلبة,4,فولد البياعُ بن عامر: أُميَّة، وصخراً، وعبد الرَّحمان؛ أُمهم الفتاة، امرأَةُ من بني الأَعشى.
660,675,2,وهؤلاء بنو المرقم بن سعد بن ثعلبة,5,وعبسة، وأَدهماً، لأُمِّ ولدٍ.
660,675,2,وهؤلاء بنو المرقم بن سعد بن ثعلبة,6,وولد عُميرة بن عبد الله بن خالد: قناناً، وربيعةَ.
660,675,2,وهؤلاء بنو المرقم بن سعد بن ثعلبة,7,وولد الأَعشى بن خالد بن سعد: مهشوماً، والأَكشر.
660,675,2,وهؤلاء بنو المرقم بن سعد بن ثعلبة,8,فولد الأَكشر بن الأَعشى: حميراً، وحبيباً، ورُهماً، وربيعاً، والسِّمط، ويزيد، وزحرص.
660,675,2,وهؤلاء بنو المرقم بن سعد بن ثعلبة,9,وولد سعدُ بن خالد بن سعد بن ثعلبة بن الحارث بن قدم: عصمةَ.
660,675,2,وهؤلاء بنو المرقم بن سعد بن ثعلبة,10,فولد عصمةُ بن سعد بن خالد بن سعد: عرفجة، وحسَّان.
660,675,2,وهؤلاء بنو المرقم بن سعد بن ثعلبة,11,فولد عرفجة بن عصمة بن سعد بن خالد: جُميعاً، وزياداً.
660,675,2,وهؤلاء بنو المرقم بن سعد بن ثعلبة,12,وولد حسَّانُ بن عصمة بن سعد بن خالد: مالكاً، والضحَّاك.
660,675,2,وهؤلاء بنو المرقم بن سعد بن ثعلبة,13,هؤلاءِ بنو خالد بن سعد.
660,675,2,وهؤلاء بنو المرقم بن سعد بن ثعلبة,14,وهؤلاءِ بنو المُرَّقَّم بن سعد بن ثعلبة
660,675,2,وهؤلاء بنو المرقم بن سعد بن ثعلبة,15,وولد المُرَّقم بن سعد بن ثعلبة: حارثةَ، وقائداً.
660,675,2,وهؤلاء بنو المرقم بن سعد بن ثعلبة,16,فولد حارثةُ بن المُرقم بن سعد بن ثعلبة: حارثة وقائداً.
660,675,2,وهؤلاء بنو المرقم بن سعد بن ثعلبة,17,فولد قائدُ بن المُرَّقم: عطيَّة.
661,676,2,وهؤلاء بنو المرقم بن سعد بن ثعلبة,1,فولد عطيَّةُ بن حارثة بن المُرَّقَّم: عبَّاداً، وزيداً، وجابراً.
661,676,2,وهؤلاء بنو المرقم بن سعد بن ثعلبة,2,فولد زيدُ بن عطيَّة بن حارثة بن المُرقَّم: واصلاً، وسعداً، ومرثداً، وقائداً، وعطيَّة الأَصغر.
661,676,2,وهؤلاء بنو المرقم بن سعد بن ثعلبة,3,وولد جابر بن عطيَّة بن حارثة: عمراً، وجعشماً.
661,676,2,وهؤلاء بنو المرقم بن سعد بن ثعلبة,4,فولد جعشمُ بن جابر بن عطيَّة: جابراً، وزيداً، وغالباً، ومحبساً، درج.
661,676,2,وهؤلاء بنو المرقم بن سعد بن ثعلبة,5,وولد عمرو بن جابر بن عطيَّة بن حارثة: روية.
661,676,2,وهؤلاء بنو المرقم بن سعد بن ثعلبة,6,فولد روية بن عمرو بن جابر بن عطيَّة بن حارثة بن المُرَّقَّم: رياحاً، وأَسلم، وصُهيباً، ويساراً، وأَبا القمعاء، وخِراشاً، والضُّبيب، وغزيَّاً.
661,676,2,وهؤلاء بنو المرقم بن سعد بن ثعلبة,7,وولد قائدُ بن المُرَّقَّم: العُداف، وعبد الحارث.
661,676,2,وهؤلاء بنو المرقم بن سعد بن ثعلبة,8,فولد العُداف بن قائد: جلاَّباً، وقائداً، وناعصة، وبلالاً.
661,676,2,وهؤلاء بنو المرقم بن سعد بن ثعلبة,9,فولد جلابُ بن العداف: الوليد، وعبد الله، وعثمان.
661,676,2,وهؤلاء بنو المرقم بن سعد بن ثعلبة,10,وولد قائد بن العُداف: مُعارك.
661,676,2,وهؤلاء بنو المرقم بن سعد بن ثعلبة,11,وولد مُعارك بن قائد بن العُداف بن قائد بن المُرَّقَّم: إِياداً، وبركةَ.
661,676,2,وهؤلاء بنو المرقم بن سعد بن ثعلبة,12,وولد منقذ بن ثعلبةَ: عديَّاً.
661,676,2,وهؤلاء بنو المرقم بن سعد بن ثعلبة,13,فولد عديُّ بن مُحلِّم بن مُنقذ: لأماً.
661,676,2,وهؤلاء بنو المرقم بن سعد بن ثعلبة,14,فولد لأمُ بن عديّ بن مُحلِّم بن منقذ: قُطيعة.
661,676,2,وهؤلاء بنو المرقم بن سعد بن ثعلبة,15,فولد قُطيعةُ بن لأَمٍ: حملة.
661,676,2,وهؤلاء بنو المرقم بن سعد بن ثعلبة,16,فولد حملةُ بن قُطيعة: حكماً، وواسعاً.
661,676,2,وهؤلاء بنو المرقم بن سعد بن ثعلبة,17,وولد حُلامُ بن منقذ: عبدَ عمرو.
661,676,2,وهؤلاء بنو المرقم بن سعد بن ثعلبة,18,فولد عبد عمرو بن حُلام بن منقذ بن ثعلبةَ: حلاماً.
661,676,2,وهؤلاء بنو المرقم بن سعد بن ثعلبة,19,فولد حلامُ بن منقذ: عبد الله
662,677,2,وهؤلاء بنو المرقم بن سعد بن ثعلبة,1,فولد عبد الله بن حلام بن منقذ: حسَّان.
662,677,2,وهؤلاء بنو المرقم بن سعد بن ثعلبة,2,فولد حسَّانُ بن عبد الله: عبد الله، ووهدان، وصُهيباً، وإِياساً، وساجراً، وبشراً.
662,677,2,وهؤلاء بنو المرقم بن سعد بن ثعلبة,3,وولد جهمة بن الحارث بن قدم: أَنماراً، وعبد الله.
662,677,2,وهؤلاء بنو المرقم بن سعد بن ثعلبة,4,فولد أَنمار بن جهمة بن الحارث بن قُدم: حديدة وربيعةَ.
662,677,2,وهؤلاء بنو المرقم بن سعد بن ثعلبة,5,فولد ربيعةُ بن جهمة: قيساً، وزحكاً.
662,677,2,وهؤلاء بنو المرقم بن سعد بن ثعلبة,6,فولد قيس بن ثعلبةَ بن ربيعة: حذيماً، والمجذام، وعجرماً، وأَوساً، وحرباً.
662,677,2,وهؤلاء بنو المرقم بن سعد بن ثعلبة,7,فولد المجذامُ: رفاعة، وأَمة، وحُذفة، وعياضاً، وصُلحاً، وزياداً، لأُمٍّ.
662,677,2,وهؤلاء بنو المرقم بن سعد بن ثعلبة,8,ومُليكاً، وسُبيباً؛ أُمهم: رمنةُ.
662,677,2,وهؤلاء بنو المرقم بن سعد بن ثعلبة,9,وقراعاً، وعُريباً، لأُمٍّ. وقيساً، ونُعيماً.
662,677,2,وهؤلاء بنو المرقم بن سعد بن ثعلبة,10,فولد رفاعةُ بن المذام بن قيس: هُدبة، وأَبا المُغيرة، وأَزيد.
662,677,2,وهؤلاء بنو المرقم بن سعد بن ثعلبة,11,وولد عيَّاضُ بن المجذام بن قيس: سلامة، ورفاعة.
662,677,2,وهؤلاء بنو المرقم بن سعد بن ثعلبة,12,وولد صلحُ بن المجذام بن قيس: ضبعان، وغنبان وورقاً، وخطَّاباً.
662,677,2,وهؤلاء بنو المرقم بن سعد بن ثعلبة,13,وولد زيادُ بن المذام بن قيس: نَهيكاً وسبعاً، وطارباً، وعطَّافاً، وحُماماً، درج.
662,677,2,وهؤلاء بنو المرقم بن سعد بن ثعلبة,14,وولد مُليكُ بن المجذام بن قيس: سناناً، وعياضاً وحارثة، وبشراً، وسلمةَ.
662,677,2,وهؤلاء بنو المرقم بن سعد بن ثعلبة,15,وولد نُعيمُ بن المجذام بن قيس: رُمحاً، ومالكاً، وعليَّاً.
662,677,2,وهؤلاء بنو المرقم بن سعد بن ثعلبة,16,وولد سلهبُ بن الجذام بن مالك بن قيس: مُجاشعاً، وشجاعاً،
663,678,2,وهؤلاء بنو المرقم بن سعد بن ثعلبة,1,ومشجعة، وشُجعاً، ومُشافعاً، وشافعاً، ونافعاً، ورفاعاً.
663,678,2,وهؤلاء بنو المرقم بن سعد بن ثعلبة,2,وولد قيسُ بن المجذام بن مالك بن قيس: كُلثوماً، وغليضاً.
663,678,2,وهؤلاء بنو المرقم بن سعد بن ثعلبة,3,وولد حُريثُ بن الجذام بن قيس: وهَّاساً، وسربالاً، وعكاراً، وأَبا البختريّ.
663,678,2,وهؤلاء بنو المرقم بن سعد بن ثعلبة,4,وولد حذيمُ بن مالك بن قيس بن ثعلبة بن ربيعة بن جهمة: زياداً، وجُندباً.
663,678,2,وهؤلاء بنو المرقم بن سعد بن ثعلبة,5,وولد عجرمةُ بن مالك بن قيس بن ثعلبةَ: يزيد، وأَسود ومكيفاً.
663,678,2,وهؤلاء بنو المرقم بن سعد بن ثعلبة,6,فولد مكيفُ بن عجرمة بن مالك بن قيس: أَسداً وكلاناً، وليثاً، وبشراً.
663,678,2,وهؤلاء بنو المرقم بن سعد بن ثعلبة,7,وولد أَوس بن قيس بن ثعلبة بن ربيعة بن جهمةٌ: ربيعة، وسلحماً، وثعلبة، وعبد الرَّحمان، وعبد الله.
663,678,2,وهؤلاء بنو المرقم بن سعد بن ثعلبة,8,فولد سلحوُ بن أَوس بن مالك: مُسهِّراً، وسناناً، وربيعة، وأَوساً، وبُسيلاً، ومُبشِّراً، ونصراً.
663,678,2,وهؤلاء بنو المرقم بن سعد بن ثعلبة,9,فولد ربيعةُ بن سلحم بن أَوس بن مالك: رُمحاً لأُمٍّ ولدٍ.
663,678,2,وهؤلاء بنو المرقم بن سعد بن ثعلبة,10,وسلحماً، وأَبا حجر، وهو أَبو الحسن، وأَبا خرشب، وهو نصر؛ أُمهم عُبيلة أُمّ ولد.
663,678,2,وهؤلاء بنو المرقم بن سعد بن ثعلبة,11,والمجذام، والسُّنيم، أُمهُ أُخرى من نساء بني وحل.
663,678,2,وهؤلاء بنو المرقم بن سعد بن ثعلبة,12,وولد مُسهِّرُ بن سلحم بن أَوس بن مالك: كبيراً ومُقبلاً، وأَبا عبلة، أُمهم بنت وأَبا لُبنة، ومُسهِّراً، وعبد الله، وسعداً، وقتادة، وأُسامة، ومقداماً، وسميرة.
664,679,2,وهؤلاء بنو المرقم بن سعد بن ثعلبة,1,وولد سنانُ بن سلحم بن أَوس بن مالك: زُهير ونويرة، وربعيَّاً، وأَبا الخُنيس، وأَبا فهيرة، وزياداً، ومُسهِّراً.
664,679,2,وهؤلاء بنو المرقم بن سعد بن ثعلبة,2,وولد أَوسُ بن سلحم با أَوس بن مالك: عروةَ، وبركةَ.
664,679,2,وهؤلاء بنو المرقم بن سعد بن ثعلبة,3,وولد ربيعةَ بن أَوس بن مالك بن قيس بن ثعلبة: بن جُهمةَ: قيساً.
664,679,2,وهؤلاء بنو المرقم بن سعد بن ثعلبة,4,فولد قيسُ بن ربيعة بن أَوس بن مالك: سلحماً، وسلهباً.
664,679,2,وهؤلاء بنو المرقم بن سعد بن ثعلبة,5,وولد حربُ بن مالك بن قيس بن ثعلبة بن ربيعة بن جهمة: وهماً، وحارثة، وأَوساً، وطوقاً.
664,679,2,وهؤلاء بنو المرقم بن سعد بن ثعلبة,6,فولد حارثةُ بن حرب بن مالك بن قيس: سعداً، وسيَّاراً، ومُسوَّراً.
664,679,2,وهؤلاء بنو المرقم بن سعد بن ثعلبة,7,فولد مُسوَّر بن حارثة بن حرب بن مالك بن قيس: طلحة، وعذرة، وأَرطاة، ورياحاً، وقُريعاً، وسعيداً، وعطَّافاً.
664,679,2,وهؤلاء بنو المرقم بن سعد بن ثعلبة,8,وولد أَوس بن حرب بن مالك بن قيس: زيداً، ويزيد.
664,679,2,وهؤلاء بنو المرقم بن سعد بن ثعلبة,9,فولد زيدُ بن أَوس بن حرب بن مالك بن قيس: عصمة، وسيَّاراً، وعُليماً، وصقراً.
664,679,2,وهؤلاء بنو المرقم بن سعد بن ثعلبة,10,فولد عصمةُ بن زيد بن أَوس بن حرب بن مالك بن قيس: مشجعاً، وجابراً، ووليداً، والفضل.
664,679,2,وهؤلاء بنو المرقم بن سعد بن ثعلبة,11,وولد يزيدُ بن أَوس بن حرب بن مالك بن قيس: عامراً، ومنصوراً.
664,679,2,وهؤلاء بنو المرقم بن سعد بن ثعلبة,12,وولد وهم بن حرب بن مالك بن قيس: ربيعة، ومُدَّبرات، ومالكاً.
664,679,2,وهؤلاء بنو المرقم بن سعد بن ثعلبة,13,وولد زُحكُ بن ثعلبةَ بن ربيعةَ بن جَهمة: جبلة.
665,680,2,وهؤلاء بنو المرقم بن سعد بن ثعلبة,1,فولد جبلة بن زُحك: قيساً، ونُعيماً، وعامراً، ومسعوداً؛ أُمهم: ضباعةُ بنت عبد الله.
665,680,2,وهؤلاء بنو المرقم بن سعد بن ثعلبة,2,ومزيداً، وزيادة، ورفاعة، وثعلبةَ، ودُريداً، وحدرداً؛ أُمهم: الشَّقراء النهديَّة؛ وعُليمس.
665,680,2,وهؤلاء بنو المرقم بن سعد بن ثعلبة,3,وولد وهم بن قيس بن ثعلبة بن ربيعة بن أَنمار بن جهمة بن الحارث بن قُدم: حارثة، ونُعيماً، وشحمةَ، وجملاً، درج؛ وأَوساً، وحبيباً، ومصاداً، وخيبريَّاً، درجوا.
665,680,2,وهؤلاء بنو المرقم بن سعد بن ثعلبة,4,فولد حارثةَ بن وهم بن قيس بن ثعلبة بن ربيعة بن أَنمار: أسيداً، وثباتة.
665,680,2,وهؤلاء بنو المرقم بن سعد بن ثعلبة,5,فولد ثباتة بن حارثة بن وهم: جُريَّاً.
665,680,2,وهؤلاء بنو المرقم بن سعد بن ثعلبة,6,وولد جُريُّ بن أسيد بن حارثة: أَسيداً، ومصاداً، وحُصيناً.
665,680,2,وهؤلاء بنو المرقم بن سعد بن ثعلبة,7,وولد نُعيمُ بن وهم: جابراً.
665,680,2,وهؤلاء بنو المرقم بن سعد بن ثعلبة,8,وولد حديدةُ بن أَنمار بن جهمة: حُنيناً.
665,680,2,وهؤلاء بنو المرقم بن سعد بن ثعلبة,9,فولد حُنينُ بن حديدة بن أَنمار بن جهمة علقمة، وعامراً، وعُميراً.
665,680,2,وهؤلاء بنو المرقم بن سعد بن ثعلبة,10,فولد عُميرُ بن حُنين: راشداً، وزُهيراً، ويزيد، وجعداً، وحُميلاً.
665,680,2,وهؤلاء بنو المرقم بن سعد بن ثعلبة,11,وولد عبد الله بن جهمة بن الحارث بن قُدم: نُميلةَ.
665,680,2,وهؤلاء بنو المرقم بن سعد بن ثعلبة,12,فولد نُميلةُ بن عبد الله بن جهمة بن الحارث بن قدم: الصَّلت.
665,680,2,وهؤلاء بنو المرقم بن سعد بن ثعلبة,13,هؤلاءِ بنو قُدم بن الأُخوَّة.
666,681,2,بنو جدرة بن الأخوة,1,وهؤلاءِ
666,681,2,بنو جدرة بن الأخوة,2,بنو جَدَرة بن الأُخُوَّة
666,681,2,بنو جدرة بن الأخوة,3,وولد جَدرةُ بن الأُخوة بن جُشم بن وائل: مذعوراً، والغاسل، وسلمة، وربيعةَ، وأَسلم، ملك الشَّام، الذي يكتبُ في يلاعيه.
666,681,2,بنو جدرة بن الأخوة,4,فولد ربيعةُ بن جدرة بن الأخوة بن جُشم: عائشةَ.
666,681,2,بنو جدرة بن الأخوة,5,فولد عائشةَ بن ربيعةَ بن جدرة: عمراً.
666,681,2,بنو جدرة بن الأخوة,6,فولد عمرو بن عائشة بن ربيعة بن جدرة: مذعوراً.
666,681,2,بنو جدرة بن الأخوة,7,فولد مذعورُ بن عمرو بن عائشة: حصناً، ومصاداً، ونائلاً، وشكلاً، دَرجَ؛ وعمراً.
666,681,2,بنو جدرة بن الأخوة,8,فولد حصن بن مذعور بن عمرو بن عائشةَ بن ربيعةَ: وهماً، وقيساً.
666,681,2,بنو جدرة بن الأخوة,9,فولد وهمُ بن حصن: نهيكاً.
666,681,2,بنو جدرة بن الأخوة,10,وولد نائلُ بن مذعور: يزيد، وفراساً، وعمراً.
666,681,2,بنو جدرة بن الأخوة,11,فولد يزيدُ بن نائل: وبراً.
666,681,2,بنو جدرة بن الأخوة,12,فولد وبرُ بن يزيد: سواداً، وسُحمان، وجدّ، ومُجاداً، وجُندُباً، ورداداً، ودُهمةَ، وضُبيعاً، وعطَّافاً.
666,681,2,بنو جدرة بن الأخوة,13,وولد فراسُ بن نائل بن مذعور بن عمرو بن عائشةَ: مُحرراً، وأَوساً.
666,681,2,بنو جدرة بن الأخوة,14,فولد أَوسَ بن فراس بن نائل: عبداً، وسويداً، وسُفيحاً.
666,681,2,بنو جدرة بن الأخوة,15,هؤلاءِ
666,681,2,بنو جدرة بن الأخوة,16,بنو جدرة بن الأخوة.
666,681,2,بنو جدرة بن الأخوة,17,وهؤلاءِ
666,681,2,بنو جدرة بن الأخوة,18,بنو نَهار بن الأخوة
666,681,2,بنو جدرة بن الأخوة,19,وولد نهارُ بن الأخوة بن جُشم بن وائل: جهمةَ، وعبد العزَّى؛ أُمهما:
667,682,2,بنو نهار بن الأخوة,1,جُرثُومةُ بنت طريف بن عمرو بن أَسلم بن ظبيان بن أَبي مالك بن أَبي عرم بن عركلان بن الزُّهد بن سعد بن عاملةَ.
667,682,2,بنو نهار بن الأخوة,2,فولد جهمةُ بن نهار بن الأخوة بن جُشم بن وائل: ربيعةَ، وعمراً، وسُريَّاً؛ أُمهم: أَسماء بنت هلال بن جُشم.
667,682,2,بنو نهار بن الأخوة,3,فولد ربيعةُ بن جهمة بين نهار بن الأخوة بن جُشم: رجفاً، وعوفاً، ومُحلِّماً؛ أُمهم: أَرنبةُ بنت عوف بن عبد العُزَّى؛ وعامراً.
667,682,2,بنو نهار بن الأخوة,4,فولد عوفُ بن ربيعة بن جهمة بن نهار بن الأخوة: ربيعةَ؛ أُمهُ: الحرامُ بنت ربيعة بن ضُبيعة بن قيس بن ثعلبةَ.
667,682,2,بنو نهار بن الأخوة,5,فولد ربيعةُ بن عوف بن ربيعة بن جهمة: هانئاً، وعامراً؛ أُمهما: شقيقةُ بنت عبد الله بن حبيب بن سعد بن قيس بن ثعلبة البكريّ.
667,682,2,بنو نهار بن الأخوة,6,فولد هانئُ بن ربيعة بن عوف بن ربيعة بن جهمة بن نهار بن الأخوة بن جُشم: أَصرمَ.
667,682,2,بنو نهار بن الأخوة,7,فولد أَصرمُ بن هانئ بن ربيعة بن عوف: عبد العزَّى، وعبد مناة.
667,682,2,بنو نهار بن الأخوة,8,فولد عبد مناة بن أَصرم: ثاملاً، ونُميراً.
667,682,2,بنو نهار بن الأخوة,9,فولد نُميرُ بن عبد منة: الأَحنف، والأَبرد، ومُدركاً، ومُرَّة، وأَسيداً.
667,682,2,بنو نهار بن الأخوة,10,فولد الأبردُ بن نُمير بن عبد مناة، بن أَصرم بن هانئ بن ربيعةَ: معقلاً، وربيعاً، وزُهيراً، والأصرم.
667,682,2,بنو نهار بن الأخوة,11,وولد ثاملُ بن عبد مناة بن أَصرم بن هانئ بن ربيعة: شريكاً، وعيَّاشاً، وحُريثاً.
668,683,2,بنو نهار بن الأخوة,1,فولد شريكُ بن ثامل: حُبيشاً وبشراً، وثاملاً، أُمهُ: سحماء بنت أَوس بن حجاج؛ وماهراً، وعبد الله.
668,683,2,بنو نهار بن الأخوة,2,وولد رجف بن ربيعة بن جهمة: حصناً، وجرَّاحاً.
668,683,2,بنو نهار بن الأخوة,3,وولد عامر بن ربيعة بن جهمة: ودَّاً، وعبد الله، وعمراً، ودُلفاً، وسويداً.
668,683,2,بنو نهار بن الأخوة,4,وولد مُحلِّمُ بن ربيعة بن جهمة بن نهار: عامراً، وهو البكَّاءُ.
668,683,2,بنو نهار بن الأخوة,5,وولد عامر بن ربيعة بن عوف بن ربيعة بن جهمة: جواناً، وعقفان، والحُدراءَ، درج.
668,683,2,بنو نهار بن الأخوة,6,فولد عقفان بن عامر بن ربيعة: خيثماً، وعلقمةَ.
668,683,2,بنو نهار بن الأخوة,7,فولد جُشم بن عقفان: حرملة، وجسَّاساً.
668,683,2,بنو نهار بن الأخوة,8,وولد حزن بن عامر بن ربيعة بن عوف بن ربيعة بن جهمة: سحمة.
668,683,2,بنو نهار بن الأخوة,9,فولد سحمةُ بن حزن بن عامر: عمراً، ورويَّةَ، ووثيمة.
668,683,2,بنو نهار بن الأخوة,10,وولد علقمةُ بن عقفان بن عامر بن ربيعة: عميرة، والأعلم، وعمراً.
668,683,2,بنو نهار بن الأخوة,11,فولد عميرةُ بن علقمة بن عقفان: حبيباً، وعامراً، وسليمان، وسلحماً، وعبسيَّاً، ومُوينيَّاً.
668,683,2,بنو نهار بن الأخوة,12,وولد الأعلمُ بن علقمة بن عقفان: حرفاً، وجُشم، وروبية، وثابتاً، ويناعاً، وعبيداً.
668,683,2,بنو نهار بن الأخوة,13,وولد عمرو بن جهمة بن نهار الأخوة: عبدة، وحبيياً، وعتاباً.
668,683,2,بنو نهار بن الأخوة,14,وولد سري بن جهمة بن نهار: البيضاء، يعدل إلى طيِّئٍ؛ والأوبار
669,684,2,بنو نهار بن الأخوة,1,يعدل إلى بني سفيان بن دارم ابن تميم.
669,684,2,بنو نهار بن الأخوة,2,وولد عبد العزى بن نهار بن الأخوَّة: عُبيداً، بطن.
669,684,2,بنو نهار بن الأخوة,3,فولد عُبيدُ بن عبد العزى بن نهار بن الأخوة: جندلاً.
669,684,2,بنو نهار بن الأخوة,4,فولد جندلُ بن عُبيد بن عبد العزى بن نهار بن الأخوَّة: قرواشاً.
669,684,2,بنو نهار بن الأخوة,5,فولد قرواشُ بن جندل بن عُبيد بن عبد العزى: شدَّاداً، وصخراً.
669,684,2,بنو نهار بن الأخوة,6,فولد صخرُ بن قرواشٍ بن جندل: عبد المنذر، وهلالاً، وعمراً.
669,684,2,بنو نهار بن الأخوة,7,فولد عبد المنذر بن صخر بن قرواش بن جندل بن عُبيد: العرباض، وحبتراً.
669,684,2,بنو نهار بن الأخوة,8,فولد العرباض بن عبد المنذر بن صخر بن قرواش بن جندل: ساجداً، وجميلاً، وإياساً، وعبد الله، وعبيد الله وعبد الرَّحمان، وعبد الملك، وعبد الأَعلى، وعُواراً.
669,684,2,بنو نهار بن الأخوة,9,وولد حبترُ بن عبد المنذر بن صخر بن قرواش بن جندل: عنثرة، وهو ربعيّ، وعُميراً.
669,684,2,بنو نهار بن الأخوة,10,فولد عنثرةُ بن حَبتر بن عبد المنذر: مالكاً، وحرملة.
669,684,2,بنو نهار بن الأخوة,11,وولد عُميرُ بن حبتر بن عبد المنذر بن صخر: كبيراً، وجابراً، وزياداً، ورباباً.
669,684,2,بنو نهار بن الأخوة,12,وولد هلالُ بن صخر بن قرواش بن جندل بن عُبيد: مسهراً، وحصناً؛ وربيعةَ، وطُفلاً.
669,684,2,بنو نهار بن الأخوة,13,فولد حصنُ بن هلال بن صخر بن قرواش: مهزماً.
670,685,2,وهؤلاء بنو قطيعة بن جشم بن وائل,1,فولد مهزمُ بن حصن: مُنيفاً.
670,685,2,وهؤلاء بنو قطيعة بن جشم بن وائل,2,وولد مُسهرُ بن هلال بن قرواش بن جندل: رويبة، ورياباً، وعُبيداً.
670,685,2,وهؤلاء بنو قطيعة بن جشم بن وائل,3,وولد ربيعة بن هلال: سُحمان.
670,685,2,وهؤلاء بنو قطيعة بن جشم بن وائل,4,فولد سُحمانُ بن ربيعة بن هلال بن صخر بن قرواش: شريكاً، وحيَّاشاً، وسيَّاراً، ورثة.
670,685,2,وهؤلاء بنو قطيعة بن جشم بن وائل,5,وولد شدَّادُ بن قرواش بن جندل بن عُبيد: عبَّاداً.
670,685,2,وهؤلاء بنو قطيعة بن جشم بن وائل,6,فولد عبَّادُ بن شدَّاد بن قرواش: أَوساً، وجرواً.
670,685,2,وهؤلاء بنو قطيعة بن جشم بن وائل,7,فولد أَوس بن عبَّاد بن شدَّاد: عديَّاً، وخالداً، وربيعاً.
670,685,2,وهؤلاء بنو قطيعة بن جشم بن وائل,8,فولد عديُّ بن أَوس بن عبَّاد: عرباضاً، وجهوراً.
670,685,2,وهؤلاء بنو قطيعة بن جشم بن وائل,9,هؤلاءِ بنو الأُخوة.
670,685,2,وهؤلاء بنو قطيعة بن جشم بن وائل,10,وهؤلاءِ بنو قُطيعة بن جُشم بن وائل
670,685,2,وهؤلاء بنو قطيعة بن جشم بن وائل,11,وولد قُطيعةُ بن جُشم بن وائل: حترمة، والأهتم، ومرهوباً، ودلهمة.
670,685,2,وهؤلاء بنو قطيعة بن جشم بن وائل,12,فولد حترمةُ بن قُطيعة بن جُشم: عديَّاً.
670,685,2,وهؤلاء بنو قطيعة بن جشم بن وائل,13,فولد عديُّ بن حترمة بن قُطيعة بن جُشم: كلدة.
670,685,2,وهؤلاء بنو قطيعة بن جشم بن وائل,14,فولد كلدةُ بن عديّ بن حترمة بن قُطيعة: إِياساً.
670,685,2,وهؤلاء بنو قطيعة بن جشم بن وائل,15,فولد إِياسُ بن كلدة بن عديّ بن حترمة: عمراً.
670,685,2,وهؤلاء بنو قطيعة بن جشم بن وائل,16,فولد عمرو بن إِياس بن كلدة بن عديّ: عمراً.
670,685,2,وهؤلاء بنو قطيعة بن جشم بن وائل,17,وولد الأَهتم بن قُطيعة بن جُشم بن وائل: هلالاً، وبلالاً، وزيداً، وتميماً.
671,686,2,وهؤلاء بنو كنانة بن القين,1,وولد مرهوبُ بن قُطيعة بن جُشم بن وائل: زيداً، والرَّأس.
671,686,2,وهؤلاء بنو كنانة بن القين,2,وولد دلهمةُ بن قُطيعة بن جُشم بن وائل: هلالاص، وعبداً.
671,686,2,وهؤلاء بنو كنانة بن القين,3,وولد أَسنُ بن مالك بن كعب بن القين: علقمة، وسويداً.
671,686,2,وهؤلاء بنو كنانة بن القين,4,فولد علقمةُ بن أَسن بن مالك بن كعب بن القين: عرادة، وأَلاةَ،! وطرفةَ.
671,686,2,وهؤلاء بنو كنانة بن القين,5,هؤلاءِ بنو كعب بن القين.
671,686,2,وهؤلاء بنو كنانة بن القين,6,وهؤلاءِ بنو كنانةَ بن القين
671,686,2,وهؤلاء بنو كنانة بن القين,7,وولد كنانةُ بن القين: عوفاً، ومالكاً، وجُشم؛ أُمهم: نُعم بنت جُشم بن طابخة بن الثعلب بن وبرة بن تغلب بن حُلوان بن عمران بن الحاف بن قُضاعةَ.
671,686,2,وهؤلاء بنو كنانة بن القين,8,وأُمها بنت مشجعة بن التيم بن النَّمر بن وبرة بن تغلب بن حُلوان بن عمران بن الحاف بن قُضاعةَ.
671,686,2,وهؤلاء بنو كنانة بن القين,9,وأُمها: جاويةُ بنت مُدركة بن جُندب بن مضر.
671,686,2,وهؤلاء بنو كنانة بن القين,10,وأُمها: سلمى بنت سود بن أَسلم بن الحاف بن قُضاعةَ.
671,686,2,وهؤلاء بنو كنانة بن القين,11,وهنداً، كانت عند عليان بن حُسين؛ فولدت له: بهراءَ، وأَسماء؛ أُمُّها: أَسماءُ بنت كلب بن وبرة؛ وأُمُّها: ليلى بنت زيد بن عمرو بن الغوث بن طيَّئ.
671,686,2,وهؤلاء بنو كنانة بن القين,12,فولد مالكُ بن كنانة بن القين: ثعلبةَ، وفيه العددُ، وغنماً، وعوفاً.
672,687,2,وهؤلاء بنو كنانة بن القين,1,فولد ثعلبةُ بن مالك بن كنانة بن القين: جشم، وكعباً؛ أُمهما: سلمى بنت سعد بن جدرة بن ذُهل بن شيبان.
672,687,2,وهؤلاء بنو كنانة بن القين,2,وأُمهما: رُهم بنت عبَّاد بن زيد بن عوف بن ذُهل.
672,687,2,وهؤلاء بنو كنانة بن القين,3,وأُمهما: خنيسةُ بنت عبد العزى بن سثحيم بن مُرَّة بن الدول بن حنيفة.
672,687,2,وهؤلاء بنو كنانة بن القين,4,وامرأ القيس، وفيه العدد، وغنماً؛ أُمهما: العُصيمةُ.
672,687,2,وهؤلاء بنو كنانة بن القين,5,فولد امرؤ القيس بن ثعلبة بن مالك بن كنانة بن القين: ريَّاناً، بطن؛ ومعاوية، بطن؛ وغنماً، بطن؛ وسعداً.
672,687,2,وهؤلاء بنو كنانة بن القين,6,منهم: الأرقم بن قيس بن شهاب بن حارثة بن سعد بن ريَّان، كان شريفاً، وهو الذي أسر النَّابغة.
672,687,2,وهؤلاء بنو كنانة بن القين,7,وابنتهُ: قلابةُ بنت الأرقم، وهي أُمُّ الحوفزان بن شريك بن عمرو بن قيس بن شراحيل الشَّيبانيّ.
672,687,2,وهؤلاء بنو كنانة بن القين,8,وأُختها الإِطنابة، أُم عمرو بن عامر بن زيد مناة بن مالك الأغرّ بن ثعلبة بن كعب بن الخزرج بن الحارث بن الخزرج، بها يعرفون؛ وهم من الأنصار، وكان شاعراً.
672,687,2,وهؤلاء بنو كنانة بن القين,9,وولد غنمُ بن ثعلبة بن مالك: حنظلة، والحارث.
672,687,2,وهؤلاء بنو كنانة بن القين,10,منهم: عمرو بن الكاتب، الذي أَسر حمل بن بدرٍ الفزاريّ.
672,687,2,وهؤلاء بنو كنانة بن القين,11,وأَبو الطَّمحان، وهو حنظلةُ بن الشَّرقيّ الشَّاعر.
672,687,2,وهؤلاء بنو كنانة بن القين,12,وقُطبةُ بن زيد، الذي يُقال له ابن الحصراء.
672,687,2,وهؤلاء بنو كنانة بن القين,13,وأَبو عبد الرَّحمان، وهو ذو الشَّوكةِ، كان جَسيماً، قاتل يوم أَجنادين مع أَبي
673,688,2,وهؤلاء بنو خزيمة بن تيم الله بن أسد بن وبرة,1,عُبيدة بن الجرَّاح، فقتل ثمانية من الرُّومِ، فقال صابو عُبيدة:
673,688,2,وهؤلاء بنو خزيمة بن تيم الله بن أسد بن وبرة,2,إِفعل كفعلِ المُضخَّمِ من قُضاعةَ … في طاعةِ اللهِ ونعم الطَّاعةِ
673,688,2,وهؤلاء بنو خزيمة بن تيم الله بن أسد بن وبرة,3,وأَصابت الرّضجفةُ بني كنانة بن القين في أَوَّل الإِسلام فقتلوا.
673,688,2,وهؤلاء بنو خزيمة بن تيم الله بن أسد بن وبرة,4,وهؤلاء بنو خُزيمة بن تيم اللَّه بن أَسد بن وبرة
673,688,2,وهؤلاء بنو خزيمة بن تيم الله بن أسد بن وبرة,5,وولد خُزيمة بن تيم اللَّه بن أَسد بن وبرةَ: عوفاً، وبُريحاً، وعائدة، وربيعاً، وفهماً.
673,688,2,وهؤلاء بنو خزيمة بن تيم الله بن أسد بن وبرة,6,فولد بُريحُ بن خُزيمة: عمراً.
673,688,2,وهؤلاء بنو خزيمة بن تيم الله بن أسد بن وبرة,7,فولد عمرو بن بُريح: حيَّة، وعديَّاً، وعَنمة، والمنذر، وعبد غطفان، دخلوا في تنوخ.
673,688,2,وهؤلاء بنو خزيمة بن تيم الله بن أسد بن وبرة,8,وولد عوفُ بن خُزيمة: نهداً.
673,688,2,وهؤلاء بنو خزيمة بن تيم الله بن أسد بن وبرة,9,فولد نهدُ بن عوف بن خُزيمة: جُشم، وعمراً، وطُلُوةٍ، وكسلاً، ومالكاً، وحزاماً، دخلوا كُلُّهم في تنوخ.
673,688,2,وهؤلاء بنو خزيمة بن تيم الله بن أسد بن وبرة,10,وهؤلاءِ بنو نهد اللَّهِ بن أَسد بن وبرة
673,688,2,وهؤلاء بنو خزيمة بن تيم الله بن أسد بن وبرة,11,وولد نهدُ اللَّه بن أَسد بن وبرةَ: خُزيمةَ، وعامراً، وجابراً، والطَّوَّال.
673,688,2,وهؤلاء بنو خزيمة بن تيم الله بن أسد بن وبرة,12,فولد خُزيمةُ بن نهد اللَّه بن أَسد: هانئةَ، وعوفاً، وسلمة.
673,688,2,وهؤلاء بنو خزيمة بن تيم الله بن أسد بن وبرة,13,وولد عوف بن خُزيمة بن نهد اللَّهِ: عمراً، وعامراً، وساعدةَ، وطالوثَ؛ دخلوا كلُّهم في تنوخ.
673,688,2,وهؤلاء بنو خزيمة بن تيم الله بن أسد بن وبرة,14,هؤلاءِ بنو أَسد بن وبرة.
674,689,2,وهؤلاء بنو النمر بن وبرة بن تغلب بن حلوان,1,وهؤلاءِ بنو النَّمر بن وبرة بن تغلب بن حُلوان
674,689,2,وهؤلاء بنو النمر بن وبرة بن تغلب بن حلوان,2,ابن عِمران بن الحافِ بن قضاعة وولدَ النَّمِرُ بن وَبَرَة بن تَغلِب بن حُلوان بن عِمران بن الحافِ بن فُضاعة: اليتمَ، وحُسيناً، بطن لهُ عَدَد؛ وقينةَ، دخلوا في بني تغلِب أعداداً وهُم على نَسَبِهم.
674,689,2,وهؤلاء بنو النمر بن وبرة بن تغلب بن حلوان,3,وغاضِرة، وعاتِبةَدخلوا في بني سُلَيم، يقولون: غاضِرة، وعاتِبةَ ابنا عُلَيم بن منصور، ولبوان، دخل في سليح على نَسَب، وجِعثِمةَ؛ أُمُّهُم: المسكُ بنت مأسل بن سليح.
674,689,2,وهؤلاء بنو النمر بن وبرة بن تغلب بن حلوان,4,فولَدَ التَيمُ بن النَّمِر بن وبرة: مَشجَعَةَ، والغوث، وهما بطنان عظيمان مع كلبٍ نداً وحلفاً ونصرةً؛ وعَاملَةَ، بطن كان ثم دَرَجوا؛ أُمهم بنت كلب بن وبَرَةَ.
674,689,2,وهؤلاء بنو النمر بن وبرة بن تغلب بن حلوان,5,فولد مشجعةُ بن التيم: أمر مناة.
674,689,2,وهؤلاء بنو النمر بن وبرة بن تغلب بن حلوان,6,فولد أمرُ مناة بن مشجعة: ربيعة، وعتيكاً، بطن، وعوفاً، وصعباً.
674,689,2,وهؤلاء بنو النمر بن وبرة بن تغلب بن حلوان,7,فولدَ ربيعةُ بن أمر مناة: وائلاً.
674,689,2,وهؤلاء بنو النمر بن وبرة بن تغلب بن حلوان,8,فولد وائل بن ربيعة: حيَّاً، وعُبيداً، وسعداً، وأبا جُشم، والحارثَ.
674,689,2,وهؤلاء بنو النمر بن وبرة بن تغلب بن حلوان,9,منهم: معاوية بن حُجَير بن حيّ بن وائل بن ربيعة بن أمر مناة، وهو الذي يقول له ابن قارب الذي قتل ابن هبولةَ السَّليحيّ، وكان ملك.
674,689,2,وهؤلاء بنو النمر بن وبرة بن تغلب بن حلوان,10,وولد عَتيكُ بن أَمر مناة: عامراً، وذُهلاً، وحرباً، بُطون.
674,689,2,وهؤلاء بنو النمر بن وبرة بن تغلب بن حلوان,11,منهم: الحبّالُ بن عبد الله بن مالك بن سعد بن عامر بن حرب، وقد رأس هو وابنهُ شمر.
675,690,2,وهؤلاء بنو خشين بن النمر,1,"ومنهم: أَفلحُ بن يعبوب الشَّاعر، الذي يقولُ زمن معاوية بن أَبي سُفيان: "" قُضاعةَ بن مالك بن حمير "" ومنهم: الخلندج بن حضرميّ الشَّاعر، والعُزَّى بن مسعدة الشَّاعر."
675,690,2,وهؤلاء بنو خشين بن النمر,2,وولد صعبُ بن أَمر مناة: الرثَ.
675,690,2,وهؤلاء بنو خشين بن النمر,3,وولد الغوثُ بن التيم بن النَّمر: لحيوناً، وسوداً، وعذرةَ.
675,690,2,وهؤلاء بنو خشين بن النمر,4,هؤلاء بنو التيم بن النَّمر.
675,690,2,وهؤلاء بنو خشين بن النمر,5,وهؤلاءِ بنو خشين بن النمر
675,690,2,وهؤلاء بنو خشين بن النمر,6,وولد خشين بن النمر: وائلاً.
675,690,2,وهؤلاء بنو خشين بن النمر,7,فولدَ وائل بن خشين بن النمر: مراً، والسلم.
675,690,2,وهؤلاء بنو خشين بن النمر,8,فولدَ مر بن وائل: عمراً، وملكان، وأدعان.
675,690,2,وهؤلاء بنو خشين بن النمر,9,منهم: أبو ثعلبةَ، وهو الأَّشرُّ بن الحَشرَج بن هُنَيّ بن عامر بن مَشنُوق بن حارِثَةَ بن عمرو بن مُرّ بن وائِل بن خُشَين بايع النبي ﷺ بيعةَ الرضوان، ضَرَبَ لهُ بسهمهِ يومَ خيبر؛ وأَرسَلَه إلى قومِه فأسلموا.
675,690,2,وهؤلاء بنو خشين بن النمر,10,وأخُوهُ عمرو بن الحشرج، أسلم على عهد النَبِيّ ﷺ .
675,690,2,وهؤلاء بنو خشين بن النمر,11,هَؤُلاء بنو خُشَين بن النَّمِر.
675,690,2,وهؤلاء بنو خشين بن النمر,12,وهؤلاءِ بنو جِعثِمةَ بن النَّمِر
676,691,2,بنو سليح بن حلوان,1,وولد جِعثمةُ بن النَّمر: أمْرَ مناة، وسُبيعاً، دخل في خُزاعةَ؛ يقولونَ: سُبيعُ بن جِعثمةَ بن سعد بن سَليح بن عمرو بن ربيعةَ بن خُزاعةَ.
676,691,2,بنو سليح بن حلوان,2,منهم: طَلحةُ الطَّلحاتِ بن عبد الله بن خلف بن أسعد بن عامر بن بيضةَ بن سُبيع.
676,691,2,بنو سليح بن حلوان,3,وولد أمرُ مناة بن جِعثمةَ: اللَّبُو.
676,691,2,بنو سليح بن حلوان,4,فولد اللَّبُو بن أمر مناة: عُصيمةَ، دخل في جُشم بن معاوية بن بكر بن هَوازِن، وهم رَهط الأَحوصَ.
676,691,2,بنو سليح بن حلوان,5,فولد عُصيمةُ بن اللَّبُو: كعباً.
676,691,2,بنو سليح بن حلوان,6,فوفدَ جُشمُ بن معاوية على كعب بن عُصيمةَ، فزَوَّجهُ ابنتهُ ماويةَ بنت كعب، فولدت لهُ: عُربةَ، وعديَّاً، وعامراً في بني جُشم؛ ويُقالُ: عُصيمةَ بن جُشم.
676,691,2,بنو سليح بن حلوان,7,هؤلاءِ بنو النَّمِر بن وبَرَةَ
676,691,2,بنو سليح بن حلوان,8,وهؤلاءِ
676,691,2,بنو سليح بن حلوان,9,بنو سَليح بن حُلوان
676,691,2,بنو سليح بن حلوان,10,بن عمران بن الفِ ابن قُضاعَةَ
676,691,2,بنو سليح بن حلوان,11,وولد سُليحُ بن حُلوان بن عمران بن الحاف بن قُضاعةَ: سعداً، وماسكاً، والنَّخَعَ، وصبرةَ، وسعنةَ، ومِرَاحاً.
676,691,2,بنو سليح بن حلوان,12,فولد سعدُ بن سَليح: حَماطَةَ، وهو ضجعمُ، الضَّجاعِمة، المُلوك بالشَّام قبل غسَّان.
676,691,2,بنو سليح بن حلوان,13,منهم: داودُ اللَّثق بن هبولةَ بن عمرو بن عوف بن ضجعم، كان ملكاً فتنَّصرَ، وكان ينقلُ الماءَ والطَّينَ على ظهرهِ فسُمِّي اللَّثق، فلما تنصَّرَ وهو ملكٌ كرِه الدُنيا والقتل، فضعُفَ أَمرهُ، وجعلوا يُغيرون عليهِ حتَّى قتلهُ
677,692,2,بن عمران بن الف ابن قضاعة,1,ثعلبةُ بن عمر بن عوف بن كلب، وكان يُقالُ لثعلبةَ الفاتكَ، والشَّجعيّ، معاوية بن حجُيو بن حيّ بن وائل، فقالت أُختُهُ ترثيَهُ:
677,692,2,بن عمران بن الف ابن قضاعة,2,أَصابكَ ذُؤبان الحليفين عامرٍ … ومشجعة الأَوباش رهطِ ابن قارب
677,692,2,بن عمران بن الف ابن قضاعة,3,ومنهم: الحارثُ بن مندلة بن حوثرةَ بن عمرو بن ابن عوف بن ضجعم، الذي يقولُ عامرُ بن جُوين الطَّائي:
677,692,2,بن عمران بن الف ابن قضاعة,4,فو اللَّهِ لا أُعطي مليكاً ظلَامَةً … ولا سُوقةً حتَّى يؤوبَ ابن مَندلة
677,692,2,بن عمران بن الف ابن قضاعة,5,"والمُنذر بن سَبيط بن عمرو بن عوف بن ضجعم، الذي قتلهُ جدعٌ، وقالَ: "" خُذ من جدعٍ ما أَعطاكَ "" وقال الشَّاعر:"
678,693,2,وهؤلاء بنو زبان بن حلوان,1,أَلم يَبلُغكَ والأَنباءُ تَنمي … بظهر الغَّيب ما لاقى السَّبيطُ
678,693,2,وهؤلاء بنو زبان بن حلوان,2,بخلقٍ إِذا سَما جِذعٌ إِليهِ … وجذع في أَرومتهِ وسيطُ
678,693,2,وهؤلاء بنو زبان بن حلوان,3,ومن هبولة الذي أَغار على حُجرٍ آكلِ المُرار، والمُرارُ شجرُ الشوكِ.
678,693,2,وهؤلاء بنو زبان بن حلوان,4,هؤلاءِ بنو سَليح بن حُلوان
678,693,2,وهؤلاء بنو زبان بن حلوان,5,وهؤلاءِ بنو زَبَّان بن حُلوان
678,693,2,وهؤلاء بنو زبان بن حلوان,6,وولد زَبَّانُ بن حُلوان، وهو عِلاف: جَرماً، بطن، وعوفاً، أُمُّهما: نعيمةُ بنت شَنٌ بن أَفصى بن دُعميّ بن جديلة بن أَسد بن ربيعة.
678,693,2,وهؤلاء بنو زبان بن حلوان,7,وهؤلاءِ بنو جَرم بن زَبَّان
678,693,2,وهؤلاء بنو زبان بن حلوان,8,فولد جرمُ بن زَبَّان: قُدامةَ، وجُدَّةَ ولدته أُمُّهُ بجُدَّةٍ فسمَّته جُدَّة؛ وملكان، بطن، وناجيةَ.
678,693,2,وهؤلاء بنو زبان بن حلوان,9,وهؤلاءِ بنو أَعجب بن قُدامة
678,693,2,وهؤلاء بنو زبان بن حلوان,10,وولد قُدامة بن جرم: أَعجبَ.
678,693,2,وهؤلاء بنو زبان بن حلوان,11,فولد أَعجبُ بن قُدامة: أَهوى، وحَرباً، ولائماً.
678,693,2,وهؤلاء بنو زبان بن حلوان,12,فولدت حرباً في حُروبهم، وولدت أَهونَ بعد أَن تهاونت حُروبهم ثمَّ
679,694,2,وهؤلاء بنو أعجب بن قدامة,1,اصطَلَحوا بعد ذلك وتلائم أَمرهم فولدت لهُ فسمَّته لائماً.
679,694,2,وهؤلاء بنو أعجب بن قدامة,2,فمن بني لائم بن أَعجب اليوم رجُلٌ بالكوفةِ هو زَعيمهم وإِمامُهم يُقالُ لهُ خلف بن عمرو بن نُويرة بن زُهير بن عبد الله بن سلمةَ بن لائم.
679,694,2,وهؤلاء بنو أعجب بن قدامة,3,ومن بني حرب بن أَجب: المُعذَّل بن تمَّام بن حُسيلٍ الشَّاعر.
679,694,2,وهؤلاء بنو أعجب بن قدامة,4,وقديدُ بن قُرَّةَ بن حنظلةَ بن حفصةَ الشَّاعر.
679,694,2,وهؤلاء بنو أعجب بن قدامة,5,فولد أَهوانُ بن أَعجب: عميرة، وسبيلةَ، بطن.
679,694,2,وهؤلاء بنو أعجب بن قدامة,6,فولد عميرة بن أَهوَن: عوفاً، وسُبيعاً، بطن.
679,694,2,وهؤلاء بنو أعجب بن قدامة,7,منهم: أَوس بن مالك بن رَبيئة بن مالك بن سُبيعة بن ربيعة بن سبعُ، كان شريفاً، وهو الذي قضى ابن الغريزة النَّهشَليّ.
679,694,2,وهؤلاء بنو أعجب بن قدامة,8,وقال كَثيرُ يرثي أَوس بن مالك بن زَيد:
679,694,2,وهؤلاء بنو أعجب بن قدامة,9,يا أَوس ما طلعت شمسٌ ولا غربتْ … إِلاَّ ذَكرتُكَ والمَخزُونُ يُدَّكرُ
679,694,2,وهؤلاء بنو أعجب بن قدامة,10,إِنِّي تُذَكِّرنيهِ كُلُّ نائِبةٍ … والخيرُ والشَّرُ والأَيسارُ والعُسرُ
680,695,2,وهؤلاء بنو أعجب بن قدامة,1,بني مُحرَّم مُصُّوا المجدَ صاحبَهُ … في ابني بدارٍ وفي قيسٍ لهل أَثرُ
680,695,2,وهؤلاء بنو أعجب بن قدامة,2,وفي قُضاعةَ سجلٌ من عَطيَّتهِ … والأَزد قرنا لها من سِبيهِ دُرُرُ
680,695,2,وهؤلاء بنو أعجب بن قدامة,3,وولد عوفُ بن عميرة بن أَهون: نهاراً، ورياحاً، بطنان.
680,695,2,وهؤلاء بنو أعجب بن قدامة,4,فولد رياحُ بن عوف: عمراً، وزياداً، وحُريَّاً.
680,695,2,وهؤلاء بنو أعجب بن قدامة,5,منهم: كنَّازُ بن صريم بن عمرو بن رياح الشَّاعر، الذي كان يُهاجي عمرو بن معدي كرب الزُّبيديّ.
680,695,2,وهؤلاء بنو أعجب بن قدامة,6,وهوذةُ بن عُمير بن يزيد بن رياح، وفد على النَبيّ ﷺ .
680,695,2,وهؤلاء بنو أعجب بن قدامة,7,وعُميرةُ بن قيس بن مسعود بن حَري بن رياح الشَّاعر.
680,695,2,وهؤلاء بنو أعجب بن قدامة,8,والأَسفحُ بن سُريح بن أَصرم بن عمرو، وفدَ على النَبيّ ﷺ .
680,695,2,وهؤلاء بنو أعجب بن قدامة,9,ومالكُ بن النُّعمان بن سُبيعةَ بن ربيعةَ بن سُبعُ الشَّاعر.
680,695,2,وهؤلاء بنو أعجب بن قدامة,10,ومعاويةَ، والوَطيبَ.
681,696,2,وهؤلاء بنو طرود بن قدامة,1,منهم: عامر بن المَجنونِ بن عبد الله بن نهارٍ الشَّاعر الذي يقولُ:
681,696,2,وهؤلاء بنو طرود بن قدامة,2,أَعرفتَ رسماً من سُميَّةَ باللَّوى … دَرَجت عليهِ الرِّيح بعدكَ فاستوى
681,696,2,وهؤلاء بنو طرود بن قدامة,3,فسُمِّي مُدرِج الرِّيح.
681,696,2,وهؤلاء بنو طرود بن قدامة,4,وكُليبُ بن شهاب بن المجنون الشَّاعر.
681,696,2,وهؤلاء بنو طرود بن قدامة,5,وحِطَّانُ بن خُفاف بن زُهير بن عبد الله بن رُمح بن عرعرةَ بن نهار، وهو أَبو الحُويرثَةِ، ولهُ يقولُ سُفيانُ بن السُّليكِ الأَسديّ:
681,696,2,وهؤلاء بنو طرود بن قدامة,6,فوليت الجعالة مُستميناً … خفيف الحاد من فتيانِ جَرمِ
681,696,2,وهؤلاء بنو طرود بن قدامة,7,وطارقُ بن سويد الشَّاعر.
681,696,2,وهؤلاء بنو طرود بن قدامة,8,ومن بني سُبيلةَ بن أَهون بن أَعجب: وعلةُ بن عبد الله بن الحارث بن هُبيرةَ بن سُبيلةَ الشَّاعر الجاهليّ، وكان فارساً، وهو الذي قتلَ الحارث بن عبد المدانِ.
681,696,2,وهؤلاء بنو طرود بن قدامة,9,هؤلاءِ بنو أَعجب بن قُدامة.
681,696,2,وهؤلاء بنو طرود بن قدامة,10,وهؤلاءِ بنو طَرُود بن قُدامةَ
681,696,2,وهؤلاء بنو طرود بن قدامة,11,وولد طَرودُ بن قُدامة: بيهساً، وحُوتاً.
682,697,2,وهؤلاء بنو طرود بن قدامة,1,فولد بيهسُ بن طروُد: عديَّاً، وسعداً، وهو رأس الحجَرِ.
682,697,2,وهؤلاء بنو طرود بن قدامة,2,فولد عديُّ بن بيهس: عُذرةَ، بطن، وغالباً، بطن.
682,697,2,وهؤلاء بنو طرود بن قدامة,3,فولد عُذرةُ بن عديّ: سعداً، ورفاعَةَ.
682,697,2,وهؤلاء بنو طرود بن قدامة,4,منهم: عصامُ بن بيهس بن الحارث بن دينار بن سعد بن عُذرةَ، كان من فُرسان العَربِ.
682,697,2,وهؤلاء بنو طرود بن قدامة,5,ومنهم: بنو شُكي، وهو الحارث الشُّلَي بن رفاعةَ بن عُذرةَ، وهم باليمامةِ مع بني هِزَّان، ولهم يقولُ الشُّلي:
682,697,2,وهؤلاء بنو طرود بن قدامة,6,لقد كان في أَهلِ الغبيبِ وراسبٍ … وأَعجب في حاقاتهِ وطرودُ
682,697,2,وهؤلاء بنو طرود بن قدامة,7,محلٌ لشليّ غير ضيقٍ وناصرٍ … سآوي فمن قاسَ الحصى وبَريدُ
682,697,2,وهؤلاء بنو طرود بن قدامة,8,وما ترك الشلي بهزَّان قلّة … ولكن أُحاظي قُسمت وجُدودُ
682,697,2,وهؤلاء بنو طرود بن قدامة,9,ومنهم: شبابةُ بن مسلمةَ بن معاوية بن دَرَّاع بن عامر بن شلي.
682,697,2,وهؤلاء بنو طرود بن قدامة,10,وعمرو بن أَوس بن ربابٍ الشَّاعر.
682,697,2,وهؤلاء بنو طرود بن قدامة,11,وأَسماءُ بن قارب بن معاوية بن مالك بن شلي، الذي حاكم بني عقيلٍ إلى النَبيّ ﷺ في العقيقِ فقضى به لجرمٍ فقالَ:
682,697,2,وهؤلاء بنو طرود بن قدامة,12,وإِني أَخو جَرمٍ كما قد علمتُمُ … إِذا جُمِعَت عندَ النَبيِّ المَجامِع
683,698,2,وهؤلاء بنو طرود بن قدامة,1,ُ
683,698,2,وهؤلاء بنو طرود بن قدامة,2,فإِن أَنتُمُ لم تقنعوا بِقَضائهِ … فإِنِّي بما قال النَبِيُّ لقانعُ
683,698,2,وهؤلاء بنو طرود بن قدامة,3,ومنهمُ: عبدُ العُزَّى بن دراع الشَّاعر.
683,698,2,وهؤلاء بنو طرود بن قدامة,4,وأَبو قلابة: عبد الله بن زيد بن عمرو بن نائل بن مالك بن يلي وأَبو المُهلَّب، واسمُه عبد الرَّحمان بن عمرو بن نائل، وهو عَمّ أَبي قلابة الفقيه.
683,698,2,وهؤلاء بنو طرود بن قدامة,5,وولد غالبُ بن عديّ بن بيهس: كبيراً، وعليَّاً، وعامراً، بطن، ووائلاً، بطن، ونصراً، بطن.
683,698,2,وهؤلاء بنو طرود بن قدامة,6,فولد كبيرُ بن غالب: سعداً.
683,698,2,وهؤلاء بنو طرود بن قدامة,7,فولد سعدُ بن كبير: علقمةَ، بطن، وأَسعد.
683,698,2,وهؤلاء بنو طرود بن قدامة,8,فمن بني علقمة: بيهسُ بن صُهيب بن عامر بن ثامل بن مالك بن عُبيد بن علقمةَ، كان شريفاً بالشَّامِ.
683,698,2,وهؤلاء بنو طرود بن قدامة,9,وخالدُ، وهو أَبو المِقدام، والأَزارقةَ مع المُهلَّب بن أَبي صُفرةَ الأَزديّ؛ وولدُه بالشَّام، وهو الذي يقولُ:
683,698,2,وهؤلاء بنو طرود بن قدامة,10,ما ينبحُ الكلبُ ضيفي قد أَسأت إِذاً … ولا أَقولُ لأهلي اطلُبُوا النَّارا
683,698,2,وهؤلاء بنو طرود بن قدامة,11,من خشيةٍ أَن يراها جائعٌ صردٌ … إِنِّي أَخافُ عقابَ اللَّهِ والنَّارا
683,698,2,وهؤلاء بنو طرود بن قدامة,12,وولد أَسعدُ بن سعد بن كبير: سالماً، بطن بالشَّام في تنوخٍ. ورباباً، بطن.
684,699,2,وهؤلاء بنو ملكان بن جرم,1,منهم: الوعل بن عرعرةَ بن زيد بن عبد الله بن رباب، وليَ شُرطَ البصرةِ، ومدحَهُ الفرزدَقُ.
684,699,2,وهؤلاء بنو ملكان بن جرم,2,وولد سالمُ بن أَسعد بن سعد بن كبير: عائدةَ.
684,699,2,وهؤلاء بنو ملكان بن جرم,3,فولد عائدةُ بن سالم: عبد الجِنّ.
684,699,2,وهؤلاء بنو ملكان بن جرم,4,فولد عبدُ الجنِّ بن عائدةَ: عمراً، وهو الذي كان مع عمرو بن عديّ بالحيرةِ، فهم في تنوخٍ. على نسبهم.
684,699,2,وهؤلاء بنو ملكان بن جرم,5,ومن بني عامر بن غالب بن عديّ: المُساورُ بن سواد بن زهدم بن المُضرِّب بن مسعود بن جُشم بن كعب بن عائدة، ولي شُرطَ الكوفةِ ولبصرةِ لمُحمَّد بن سُليمان بن عبد الله بن البَّاس في أَيام الرَّشيد.
684,699,2,وهؤلاء بنو ملكان بن جرم,6,هؤلاءِ بنو طَرُود بن قُدامةَ.
684,699,2,وهؤلاء بنو ملكان بن جرم,7,وهؤلاءِ بنو ملكان بن جرم
684,699,2,وهؤلاء بنو ملكان بن جرم,8,وولد مَلكانُ بن جَرم: غنماً، والحارثَ.
684,699,2,وهؤلاء بنو ملكان بن جرم,9,فولد غنمُ بن ملكان: عديَّاً.
684,699,2,وهؤلاء بنو ملكان بن جرم,10,فولد عديْ بن غنم: شَكماً، بطن، ينتسبون مَرَّةً إِلى فزارةَ، ومَرَّةً إِلى جَرم؛ يقولون: شكمُ بن عديّ بن فزارةَ.
684,699,2,وهؤلاء بنو ملكان بن جرم,11,وولد جدةُ بن جَرم: الخزرجَ.
684,699,2,وهؤلاء بنو ملكان بن جرم,12,فولد الخزرج بن جدة: راسباً، بطن.
684,699,2,وهؤلاء بنو ملكان بن جرم,13,فولد راسبُ بن الخزرج: جُشم، والحارثَ، والأَوس.
684,699,2,وهؤلاء بنو ملكان بن جرم,14,فولد جُشمُ بن راسب: ربعةَ، ومالكاً، وعوفاً فولد مالكُ بن جُشم: أَبا سيفٍ، وبكراً، وعوفاً، والحارثَ، وربيعةَ.
684,699,2,وهؤلاء بنو ملكان بن جرم,15,هؤلاءِ بنو عِمران بن الحاف.
685,700,2,وهؤلاء بنو عمرو بن الحاف بن قضاعة,1,وهؤلاءِ بنو عمرو بن الحاف بن قُضاعةَ
685,700,2,وهؤلاء بنو عمرو بن الحاف بن قضاعة,2,وولد عمرو بن الحاف بن قُضاعةَ: بهراءَ، وبليَّاً، وحيدانَ، وخولانَ، ولوذةَ؛ وهو مُحارب بن خصفة بن قيس عيلان؛ أُمُّهم: هندُ بنت عمرو بن ربيعةَ بن نزار.
685,700,2,وهؤلاء بنو عمرو بن الحاف بن قضاعة,3,وهؤلاءِ بنو بَهراء بن عمرو بن الحاف بن قُضاعة
685,700,2,وهؤلاء بنو عمرو بن الحاف بن قضاعة,4,فولد بهراءُ بن عمرو بن الحاف: أَهودَ، وقاسطاً، بطن، وعبدةَ، ومراهية، ومُبشِّراً، وعديَّاً، بطون صفار؛ أُمهم: بكمةُ بنت مُرّ بن أُدد بن طابخةَ بن خندف.
685,700,2,وهؤلاء بنو عمرو بن الحاف بن قضاعة,5,وإِخوتُهُم لأُمِّهم: سُليمُ، ومازنٌ، وسلامان، بنو منصور بن عِكرمةَ بن خَصفةَ بن قيس.
685,700,2,وهؤلاء بنو عمرو بن الحاف بن قضاعة,6,وأَعصر، وغطفان، ابنا سعد بن قيس.
685,700,2,وهؤلاء بنو عمرو بن الحاف بن قضاعة,7,فولد أَهودُ بن بهراء: القين؛ أُمُّه بنت قاران بن بليّ.
685,700,2,وهؤلاء بنو عمرو بن الحاف بن قضاعة,8,فولد القينُ بن أَهود: دُريماً، وهنباً، بطن؛ وقيس مناة، بطن، وهم رهط مسعود بن الحارث، كان من فُرسان بهراء في الجاهليَّةِ.
685,700,2,وهؤلاء بنو عمرو بن الحاف بن قضاعة,9,من ولدهِ: سويدُ بن عُمير بن بوانةَ بن مسعود بن الحارث، كان شاعراً، وكان مع المُهلَّب ثمَّ هجاةُ وفارقهُ.
685,700,2,وهؤلاء بنو عمرو بن الحاف بن قضاعة,10,فولد دُريم بن القين بن أَهود: شبيباً، وقاشاً، بطنان عظيمان، لهما يقولُ علقمةُ بن عبدةَ التميميّ:
685,700,2,وهؤلاء بنو عمرو بن الحاف بن قضاعة,11,وقاتل من غسَّان أَهلُ حفاظِها … وهِنبٌ وقاشٌ قاتلت وشبيبُ
686,701,2,وهؤلاء بنو بهراء بن عمرو بن الحاف بن قضاعة,1,فولد شبيبُ بن دُريم: زيد مناة، وقيس مناة، وهو الفرد، ويام مناة، ونشو مناة، وغُنماً، وكعباً ومُحارباً.
686,701,2,وهؤلاء بنو بهراء بن عمرو بن الحاف بن قضاعة,2,منهم: بكرُ، وهارونُ ابنا فراس بن بكر بن أَذاة بن عمرو بن حُويص بن عمرو بن حارثةَ بن كعب بن شبيب اللَّذان تولاَّهُما خالدُ بن برمكٍ.
686,701,2,وهؤلاء بنو بهراء بن عمرو بن الحاف بن قضاعة,3,وعبدُ ناجرٍ، كان تخلَّف عن قومهِ أَيام خرجوا من تِهامة، فخرجَ في آثارهم، وهو الذي يقولُ:
686,701,2,وهؤلاء بنو بهراء بن عمرو بن الحاف بن قضاعة,4,إِنِّي لصافٍ لا لضافٍ فاصبري … إِذ حقَّقق الرُّكبانُ مُلكَ المُنذر
686,701,2,وهؤلاء بنو بهراء بن عمرو بن الحاف بن قضاعة,5,فولد يامُ بن شبيب بن دُريم: لحيُوناً، وغالباً، بطن، فهم أَشرافٌ.
686,701,2,وهؤلاء بنو بهراء بن عمرو بن الحاف بن قضاعة,6,فمن بني لحيون: معدةُ با أَسيد بن قِعين بن جناب بن مالك بن لحيون الشَّاعر الذي يقولُ:
686,701,2,وهؤلاء بنو بهراء بن عمرو بن الحاف بن قضاعة,7,هلكَ في بهراء من همه … أَملى فإِني لك منهم نذير
686,701,2,وهؤلاء بنو بهراء بن عمرو بن الحاف بن قضاعة,8,"وأَخوهُ عديُّ بن أسيد، وهو أبو عامر، صاحب يوم "" حابسٍ "" من أَيامهم."
686,701,2,وهؤلاء بنو بهراء بن عمرو بن الحاف بن قضاعة,9,ومنهم: كعبُ، وثعلبةُ، وهلالُ، وبنانُ، والأخوةُ، والعنبرُ بنو عمرو بن لحيون؛ أُمُّهم: أُمُّ خارجة بنت سعد بن عبد الله بن قُداد بن ثعلبةَ بن معاوية بن زيد بن الغوث بن أَنمار بن بجيلةَ.
686,701,2,وهؤلاء بنو بهراء بن عمرو بن الحاف بن قضاعة,10,إِخوتهم لأُمِّهم: خارجةُ بن بكر بن يشكر بن عدوان.
686,701,2,وهؤلاء بنو بهراء بن عمرو بن الحاف بن قضاعة,11,وسعد بن عمرو بن ربيعة بن خُزاعةَ.
686,701,2,وهؤلاء بنو بهراء بن عمرو بن الحاف بن قضاعة,12,وليث، والديل، وعُريجاً، بنو بكر بن عبد مناة بن كنانةَ.
686,701,2,وهؤلاء بنو بهراء بن عمرو بن الحاف بن قضاعة,13,وغاضرةُ، وعمرُ ابنا مالك بن دُودان بن أَسد.
687,702,2,وهؤلاء بنو بهراء بن عمرو بن الحاف بن قضاعة,1,وعُرانيةُ بن وائل بن جُشم بن كعب بن القين بن جسر.
687,702,2,وهؤلاء بنو بهراء بن عمرو بن الحاف بن قضاعة,2,والعنبرُ، ومالكُ، وأَسيد، والهُجيمُ، والقُليبُ، بنو عمرو بن تميم.
687,702,2,وهؤلاء بنو بهراء بن عمرو بن الحاف بن قضاعة,3,وشيبانُ، وعامراً ابنا ذَهل بن بكر بن وائل.
687,702,2,وهؤلاء بنو بهراء بن عمرو بن الحاف بن قضاعة,4,ويُقالُ إِنَّ العنبر ذهبَ مع أُمُّهِ إِلى عمرو بن تميم فانتسبَ إِليهِ، وذلكَ قولهُ:
687,702,2,وهؤلاء بنو بهراء بن عمرو بن الحاف بن قضاعة,5,قد رابني من دلوي اضطرابُها … والنَّأي عن بهراءَ واعتزالها
687,702,2,وهؤلاء بنو بهراء بن عمرو بن الحاف بن قضاعة,6,ومنهم: الكوثرُ بن الحارث بن بحر بن فوات من ثعلبةَ بن عمرو بن لحيون، كان فارسَ النَّاس مع منصور بن جُمهور.
687,702,2,وهؤلاء بنو بهراء بن عمرو بن الحاف بن قضاعة,7,وكان بحرُ جدُّهُ فارساً في الجاهليَّةِ.
687,702,2,وهؤلاء بنو بهراء بن عمرو بن الحاف بن قضاعة,8,ومن بني كعب بن عمرو بن لحيون: عُتبةُ بن ربيعةَ، كان حليفاً لبني عُصيَّة البلويَّيين. وبنو عُصيَّة حُلفاءُ لبني عمرو بن عوف الأنصاريّ. فشهدَ بدراً مع النبي ﷺ .
687,702,2,وهؤلاء بنو بهراء بن عمرو بن الحاف بن قضاعة,9,ومنهم: ثعلبةُ، وهو الثُعيلُ، وعبد الله ابنا أَبي خيثم بن كعب بن عمرو بن لحيون، بطنان شريفان.
687,702,2,وهؤلاء بنو بهراء بن عمرو بن الحاف بن قضاعة,10,منهم: رعبة بن عديّ بردة بن ذراء بن برذعة بن عبد الله بن أَبي خيثم، كان رئيسهم، وكان يُغيرُ على بكر بن وائلٍ في الأَسلام.
687,702,2,وهؤلاء بنو بهراء بن عمرو بن الحاف بن قضاعة,11,وقَرَّادُ بن عمرو بن ذراء الشَّاعر الجاهليّ.
687,702,2,وهؤلاء بنو بهراء بن عمرو بن الحاف بن قضاعة,12,وأَبو أُمامة، وهو الأسلُّ بن عمرو بن الثُعيل الذي قاد بهراء من تهامة إلى البحرين وعُمان، فلقوا إِياداً وعبد القيس فقتلوهم؛ ثم سار بهم إلى الشَّام.
688,703,2,وهؤلاء بنو بهراء بن عمرو بن الحاف بن قضاعة,1,ومنهم: الأسودُ بن الحُصين بن عبد الرَّحمان بن معيَّة بن أَوس بن طريف بن أَوس بن حنظلة بن عديّ بن عمرو بن الثُعيل.
688,703,2,وهؤلاء بنو بهراء بن عمرو بن الحاف بن قضاعة,2,ومن بني قيس بن كعب بن عمرو بن لحيون: الأشترُ وهو أَوس بن عامر ابن الحارث بن هزام بن عمرو بن سلسلة بن عمرو بن قيس بن كعب، وقد رأس.
688,703,2,وهؤلاء بنو بهراء بن عمرو بن الحاف بن قضاعة,3,من ولدهِ: جعفرُ بن حنظلة بن جعفر بن هانئ بن جعفر بن عامر بن الحارث، فارسُ بهراء؛ وليَ خُراسان أيام هشام بن عبد الملك بن مروان. وهو الذي تكلَّم في شيعةِ بني العبَّاس فصفح عنهم أسدُ بن عبد الله بن يزيدالقسريّ.
688,703,2,وهؤلاء بنو بهراء بن عمرو بن الحاف بن قضاعة,4,وكان عامرُ الأشلُّ بن الحارث صاحب حلف غسَّان وبهراء.
688,703,2,وهؤلاء بنو بهراء بن عمرو بن الحاف بن قضاعة,5,وولد وقَّاش بن دُريم بن القين: عمراً، وزيد مناة، وأَبا أَهون.
688,703,2,وهؤلاء بنو بهراء بن عمرو بن الحاف بن قضاعة,6,فولد أَبو أَهون بن وقَّاشِ: الشَّريد، وعتيكاً.
688,703,2,وهؤلاء بنو بهراء بن عمرو بن الحاف بن قضاعة,7,فولد الشَّريدُ بن أَهون: مالكاً.
688,703,2,وهؤلاء بنو بهراء بن عمرو بن الحاف بن قضاعة,8,فولد مالك بن الشَّريد: ثعلبةَ.
688,703,2,وهؤلاء بنو بهراء بن عمرو بن الحاف بن قضاعة,9,فولد ثعلبةُ بن مالك بن الشَّريد: لُؤيَّاً، وحارثة.
688,703,2,وهؤلاء بنو بهراء بن عمرو بن الحاف بن قضاعة,10,فولد لؤيُّ بن ثعلبة بن مالك: سعداً، ودُهيراً، وطفراً، وسلامةَ، وغطفان.
688,703,2,وهؤلاء بنو بهراء بن عمرو بن الحاف بن قضاعة,11,منهم: المُقدادُ بن عمرو بن ثعلبة بن مالك بن ربيعة بن ثُمامة بن مطرود بن عمرو بن سعد بن دُهير بن لؤيٍّ، الذي يُقال لهُ: المُقداد بن الأَسود الكنديّ، كان ينتسبُ إلى الأسود بن عبد يغوثٍ الزهري.
688,703,2,وهؤلاء بنو بهراء بن عمرو بن الحاف بن قضاعة,12,وذروةُ بن قيس من بني دُهير، الذي كان يلي مكَّةَ أيام أبي العبَّاس.
689,704,2,وهؤلاء بنو بهراء بن عمرو بن الحاف بن قضاعة,1,ومن بني سعد بن لؤيِّ بن ثعلبةَ: نبيت بن حُريث بن نُعيم الفارس المُشهور، كان من فرسان منصور بن جهمور، وكان ممَّن قاتل مع مروان بن مُحمَّد مع سُليمان بن هشام بن عبد الملك.
689,704,2,وهؤلاء بنو بهراء بن عمرو بن الحاف بن قضاعة,2,وطُفيل بن حصن، كان من قوَّاد الحجاج بن يوسف.
689,704,2,وهؤلاء بنو بهراء بن عمرو بن الحاف بن قضاعة,3,والبيَّاعُ بن قُرَّة بن نصر، كان شاعراً في الجاهليَّة.
689,704,2,وهؤلاء بنو بهراء بن عمرو بن الحاف بن قضاعة,4,وكعبُ بن مُعشَّم الذي يقول لهُ معاوية بن أَسيد البهرانيّ.
689,704,2,وهؤلاء بنو بهراء بن عمرو بن الحاف بن قضاعة,5,أَحدَّت بهراء بكعبٍ فلمتُحلَّب للسياسةمنها الدُّرور ومن بني هنب بن القين: مُعلقُ بن صفاد، عقد لهُ هشامُ بن عبد الملك على أَرمينية، وأَذربيجان، وهو أَوَّلُ من وسم الخيل.
689,704,2,وهؤلاء بنو بهراء بن عمرو بن الحاف بن قضاعة,6,وولد قاسطُ بن بهراء: حرباً، وريثاً، وعكبَّاً.
689,704,2,وهؤلاء بنو بهراء بن عمرو بن الحاف بن قضاعة,7,منهم: مسلمةُ بن هُديلة بن زُرعةَ، فارس مع منصور بن جهمورٍ.
689,704,2,وهؤلاء بنو بهراء بن عمرو بن الحاف بن قضاعة,8,ومن بني عبدةَ بن بهراء حرقاء بن عيَّاش.
689,704,2,وهؤلاء بنو بهراء بن عمرو بن الحاف بن قضاعة,9,فتحالفت قيس بن القين، وقيس بن كعب بن لحيون وبنو الأخوة بن عمرو بن لحيون، وبنو الدمل بن ثعلبةَ بن عمرو بن لحيون؛ فاجتمعت قيس مناة على عامر الأَشكل.
690,705,2,وهؤلاء بنو بلي بن عمرو بن الحاف بن قضاعة,1,وتحالفت عبدةُ بن بهراء على بني حارثةَ بن سعد ابن لُؤيٍّ هؤلاءِ يدٌ على وقَّاش ودُريم.
690,705,2,وهؤلاء بنو بلي بن عمرو بن الحاف بن قضاعة,2,ودخلت سعدُ بن بهراء وهنبُ بن القين بن أَهود في وقَّاش، والمواسم بطون من بهراء، مع مالك بن لحيون؛ وبنو عامر بن كعب بن عمرو بن لحيون، وغالب بن قيس مناة.
690,705,2,وهؤلاء بنو بلي بن عمرو بن الحاف بن قضاعة,3,هؤلاءِ بنو بهراء بن عمرو.
690,705,2,وهؤلاء بنو بلي بن عمرو بن الحاف بن قضاعة,4,وهؤلاءِ بنو بَليّ بن عمرو بن الحاف بن قُضاعة
690,705,2,وهؤلاء بنو بلي بن عمرو بن الحاف بن قضاعة,5,وولد بليُّ بن عمرو بن الحاف بن قًضاعة: فاران، وهنيَّاً؛ أُمُّهما: هند بنت أَسلم بن الحاف بن قُضاعة.
690,705,2,وهؤلاء بنو بلي بن عمرو بن الحاف بن قضاعة,6,"فولد فاران بن بليّ: قسميلاً، وسعد اللَّه، الذي يُقالُ لهُ: "" أَسعد اللَّه أَكبرَ أَم جُذام "" ."
690,705,2,وهؤلاء بنو بلي بن عمرو بن الحاف بن قضاعة,7,فولد سعدُ اللَّه بن فاران: عفرةَ، ومُراغماً.
690,705,2,وهؤلاء بنو بلي بن عمرو بن الحاف بن قضاعة,8,فولد عفرةُ بن سعد اللَّه: سعداً، وحاطباً، بطنان.
690,705,2,وهؤلاء بنو بلي بن عمرو بن الحاف بن قضاعة,9,وولد مُراغمُ بن سعد اللَّه: الدول، وسُليماً، وعمراً.
690,705,2,وهؤلاء بنو بلي بن عمرو بن الحاف بن قضاعة,10,فولد عمرو بن مُراغم منهم: حرامُ بن عوف جعونةَ بن اليفاعةَ بن عمرو بن مُراغم، الذي كتب لهُ رسولُ اللَّه ﷺ كتاباً بشواق.
690,705,2,وهؤلاء بنو بلي بن عمرو بن الحاف بن قضاعة,11,وولد قسميلُ بن فاران: عَبيلة.
690,705,2,وهؤلاء بنو بلي بن عمرو بن الحاف بن قضاعة,12,فولد عبيلةُ بن قسميل: عامراً.
690,705,2,وهؤلاء بنو بلي بن عمرو بن الحاف بن قضاعة,13,فولد عامرُ بن عبيلة: إِراشةَ، بطن، بالبلقاءِ لهم شرفٌ، وعجيبةَ، وجرثومة، وصُهبان، وعقباً، وزيداً، وظالماً.
691,706,2,وهؤلاء بنو بلي بن عمرو بن الحاف بن قضاعة,1,فولد عجيبةُ بن عمر: بدّاً، وسناناً، وهم القُيُون الذين في بني سُليم، يُقال لهم: بنو جُشم.
691,706,2,وهؤلاء بنو بلي بن عمرو بن الحاف بن قضاعة,2,وولد إِراشةُ بن عامر بن عبيلةَ بن قسميل: تيماً، ومُريَّاً، وسعداً، رهط وحوح بن ثابت المصريّ.
691,706,2,وهؤلاء بنو بلي بن عمرو بن الحاف بن قضاعة,3,وولد تيمُ بن إِراشةَ: تاج.
691,706,2,وهؤلاء بنو بلي بن عمرو بن الحاف بن قضاعة,4,فولد تاجُ بن تيم: مُنقذاً، وعبد الله، وعود مناة.
691,706,2,وهؤلاء بنو بلي بن عمرو بن الحاف بن قضاعة,5,فولد عود مناة بن تاج: تميماً.
691,706,2,وهؤلاء بنو بلي بن عمرو بن الحاف بن قضاعة,6,فولد تميمُ بن عود مناة: القَشرَ، وجُشم، وكلاباً، وذُهلاً، يقال لذُهل الثَّريد الأَكبر، وهم بمصر. وعبد الله، وهم إِراشةُ بالبلقاء، وعُبيداً.
691,706,2,وهؤلاء بنو بلي بن عمرو بن الحاف بن قضاعة,7,فولد عبد الله بن تميم: مَودوعاً، وعبد الله، وهو وهو الثَّريدُ الأَصغر؛ ودمعان، وحارثةَ.
691,706,2,وهؤلاء بنو بلي بن عمرو بن الحاف بن قضاعة,8,منهم: عليُّ بن صنعوان بن سُليمةَ بن النَوَّاح بن كهلة الأصغر بن عصام بن كهلةَ الأكبر بن سبلان بن ذُبيان بن مودوع، وهو صاحب البلقاء، كان سيِّد قُضاعةَ بالشام.
691,706,2,وهؤلاء بنو بلي بن عمرو بن الحاف بن قضاعة,9,وولد عُبيدُ بن تميم بن عود مناة: نُمارةَ، والعامة والهَجَرَ، والخالة، وأَقُيشاً.
692,707,2,وهؤلاء بنو بلي بن عمرو بن الحاف بن قضاعة,1,منهم: الريَّان بن سُليمة بن عُمير بن قزعةَ بن هلال بن موسى بن القيس، كان شريفاً.
692,707,2,وهؤلاء بنو بلي بن عمرو بن الحاف بن قضاعة,2,وولد مُريُّ بن إِراشةَ: نُصرة، ومُرَّة، وثعلبةَ، وسحمان، وسوادةَ.
692,707,2,وهؤلاء بنو بلي بن عمرو بن الحاف بن قضاعة,3,فمن بني سوادةَ: جابر بن النُّعمان بن عُمير بن مالك بن قُمير بن مالك بن سوادة، عدادهم في الأنصارِ.
692,707,2,وهؤلاء بنو بلي بن عمرو بن الحاف بن قضاعة,4,والنُّعمان بن عُمير، الذي عُمِّرَ فقال:
692,707,2,وهؤلاء بنو بلي بن عمرو بن الحاف بن قضاعة,5,تهدلت العينان بعد ضلالةٍ … وبعد رضا فأحسبُ الشخصَ باكيا
692,707,2,وهؤلاء بنو بلي بن عمرو بن الحاف بن قضاعة,6,وأبعد ما أنكرت كي أستبينهُ … فأعرفُه وأنكر المُتقاريا
692,707,2,وهؤلاء بنو بلي بن عمرو بن الحاف بن قضاعة,7,وكعبُ بن عجرةَ بن هديّ بن عُبيد بن الحارث بن عمرو بن عوف بن غنم بن سوادة، صحبَ النبي ﷺ ، وعدادُهُم في الأنصارِ.
692,707,2,وهؤلاء بنو بلي بن عمرو بن الحاف بن قضاعة,8,ودرهمُ بن عُقبةَ بن مالك بن سوادةَ الشَّاعر الجاهليّ.
692,707,2,وهؤلاء بنو بلي بن عمرو بن الحاف بن قضاعة,9,وقائدُ بن الأرقم الشَّاعر.
692,707,2,وهؤلاء بنو بلي بن عمرو بن الحاف بن قضاعة,10,وبشيرُ بن كعب بن عبد الله بن كعب الشَّاعر.
692,707,2,وهؤلاء بنو بلي بن عمرو بن الحاف بن قضاعة,11,وولد جُشمُ بن تميم بن عود مناة: أُنيفاً، بطن، خُلفاء الأنصار.
693,708,2,وهؤلاء بنو بلي بن عمرو بن الحاف بن قضاعة,1,منهم: عبد الرَّحمان بن عبد الله بن ثعلبةَ بن بيجان بن عامر بن مالك بن عامر بن أُنيف، صاحب جحجباء.
693,708,2,وهؤلاء بنو بلي بن عمرو بن الحاف بن قضاعة,2,وسهلُ بن رافع بن حُديج بن مالك بن غنم بن سَلمةَ بن أُنيف، صاحب القاع.
693,708,2,وهؤلاء بنو بلي بن عمرو بن الحاف بن قضاعة,3,"وطلحةُ بن البراء بن عُمير بن وبرة بن ثعلبةَ بن غنم بن سلمة بن أُنيف، الذي قال لهُ النبي ﷺ "" اللَّهُم إِلقَ طلحةَ وأَنت تضحكُ إِليهِ "" وهو في بني عمرو بن عوف."
693,708,2,وهؤلاء بنو بلي بن عمرو بن الحاف بن قضاعة,4,وعبد الله بن أَسلم بن زيد بن بيجان، بايع تحت الشَجرةِ.
693,708,2,وهؤلاء بنو بلي بن عمرو بن الحاف بن قضاعة,5,وعبد الله بن صيفيّ بن وبرة بن ثعلبةَ بن غنم بن سلمة بن أُنيف، بايع تحت الشجرةِ.
693,708,2,وهؤلاء بنو بلي بن عمرو بن الحاف بن قضاعة,6,ومُحمُّد بن ثابت بن حبيب بن الأجدر بن عامر بن أُنيف، قُتلَ أَبوه ثابت يوم أُحدٍ. كُلُّهم في بني عمرو بن عوف الأنصارَ.
693,708,2,وهؤلاء بنو بلي بن عمرو بن الحاف بن قضاعة,7,وولد القشرُ بن تميم بن عود مناة: بثيرة.
693,708,2,وهؤلاء بنو بلي بن عمرو بن الحاف بن قضاعة,8,فولد بثيرة بن القشرِ: عمراً.
693,708,2,وهؤلاء بنو بلي بن عمرو بن الحاف بن قضاعة,9,فولد عمرو بن بثيرة: مالكاً.
694,709,2,وهؤلاء بنو بلي بن عمرو بن الحاف بن قضاعة,1,فولد مالكُ بن عمرو بن بثيرة: عُمارةَ.
694,709,2,وهؤلاء بنو بلي بن عمرو بن الحاف بن قضاعة,2,فولد عُمارةُ بن مالك: عمراً؛ وهم بنو غُضينة، خُلفاءُ بني عمرو بن عوف بن مالك بن الأوس الأنصار.
694,709,2,وهؤلاء بنو بلي بن عمرو بن الحاف بن قضاعة,3,منهم: المُجذَّرُ بن زياد بن عمرو بن زمرةَ نب عمرو بن عُمارة بن مالك؛ شهدَ بدراً.
694,709,2,وهؤلاء بنو بلي بن عمرو بن الحاف بن قضاعة,4,وأَخوه عبد الله بن زياد.
694,709,2,وهؤلاء بنو بلي بن عمرو بن الحاف بن قضاعة,5,وعُبادةُ بن الخشخاش بن عمرو بن زمرةَ، وهو أَخو المُجذَّر بن زياد لأُمهِ؛ وهم حُلفاء بني عوف بن الخزرج الأنصار وولد هنيّ بن بَليّ: ذُهلاً، وهرماً.
694,709,2,وهؤلاء بنو بلي بن عمرو بن الحاف بن قضاعة,6,فولد ذُهل بن هني: غَيرةَ، وهُميماً.
694,709,2,وهؤلاء بنو بلي بن عمرو بن الحاف بن قضاعة,7,فولد هُميمُ بن ذُهل: سعداً، وذُبيان، وغنماً وذُهلاً.
694,709,2,وهؤلاء بنو بلي بن عمرو بن الحاف بن قضاعة,8,فولد سعدُ بن هُميم: الرَّبعةَ، بطن.
694,709,2,وهؤلاء بنو بلي بن عمرو بن الحاف بن قضاعة,9,فولد الرَّبعةُ بن سعد بن هُميم: كعباً، ومُعتِّماً.
695,710,2,وهؤلاء بنو بلي بن عمرو بن الحاف بن قضاعة,1,فولد مُعتَّمُ بن الرَّبعةُ: عوفاً.
695,710,2,وهؤلاء بنو بلي بن عمرو بن الحاف بن قضاعة,2,فولد عوفُ بن مُعتِّم بن الرَّبعة: حرماً، وشُعلاً، وعِكارمة، بطون.
695,710,2,وهؤلاء بنو بلي بن عمرو بن الحاف بن قضاعة,3,فولد شُعلُ بن عوف بن مُعتَّم: حرماً، ووليعةَ.
695,710,2,وهؤلاء بنو بلي بن عمرو بن الحاف بن قضاعة,4,فولد حرامُ بن شُعل: قُنفُذاً، وعديَّاً، بطنان.
695,710,2,وهؤلاء بنو بلي بن عمرو بن الحاف بن قضاعة,5,منهم: بُري بن الأسود بن عبد شمس بن عديّ بن حرام، كان من أَجواد العربِ، وهو الذي نزلَ بهِ قيس بن سعد بن عُبادةَ عند مُنصرفهِ من مصر.
695,710,2,وهؤلاء بنو بلي بن عمرو بن الحاف بن قضاعة,6,ومن بني قُنفذ بن حرام بن شُعل: رُويفعُ بن القذَّاف الشَّاعر.
695,710,2,وهؤلاء بنو بلي بن عمرو بن الحاف بن قضاعة,7,ومن ذُهل بن هُميم بن ذُهل بن هُميم بن ذُهل بن هنيّ: أَبو بُردةَ بن نيار بن عمرو بن عُبيد بن عمرو بن كلاب بن دهمان بن غنم بن ذُهل بن هُميم، شهد بدراً، وهو حليفُ الأنصار.
695,710,2,وهؤلاء بنو بلي بن عمرو بن الحاف بن قضاعة,8,وولد ذُبيانُ بن هُميم بن ذُهل بن هنيّ: ودَمَاً.
695,710,2,وهؤلاء بنو بلي بن عمرو بن الحاف بن قضاعة,9,فولد ودمُ: ذُبيان: جُشم، وعوفاً.
695,710,2,وهؤلاء بنو بلي بن عمرو بن الحاف بن قضاعة,10,فولد جُشمُ بن ودم بن ذُبيان: عمراً، وسعداً، وعنتراً.
695,710,2,وهؤلاء بنو بلي بن عمرو بن الحاف بن قضاعة,11,فولد عمرو بن جُشم: جُعلاً، بطن.
696,711,2,وهؤلاء بنو بلي بن عمرو بن الحاف بن قضاعة,1,فولد جعلُ بن عمرو: حراماً.
696,711,2,وهؤلاء بنو بلي بن عمرو بن الحاف بن قضاعة,2,فولد حرامُ بن جعل: ضُبيعةَ، وعبساً، ومُحارباً؛ أُمهم من عُرضِ كلب.
696,711,2,وهؤلاء بنو بلي بن عمرو بن الحاف بن قضاعة,3,فولد ضُبيعةُ بن حرام: حارثةَ.
696,711,2,وهؤلاء بنو بلي بن عمرو بن الحاف بن قضاعة,4,فولد حارثةُ: العجلان، بطن، حليفاً لبني زيد بن مالك بن عوف بن عمرو بن عوف بن مالك بن الأوس.
696,711,2,وهؤلاء بنو بلي بن عمرو بن الحاف بن قضاعة,5,وسلمةُ، ووائلةُ، وهم رهط النُّعمان بن عصر بن عُبيد بن وائلةَ، شَهِدَ بدراً والعقبةَ.
696,711,2,وهؤلاء بنو بلي بن عمرو بن الحاف بن قضاعة,6,وزيدُ بن أَسلم بن عديّ بن العجلان، شهد بدراً.
696,711,2,وهؤلاء بنو بلي بن عمرو بن الحاف بن قضاعة,7,وثابتُ بن أَقرم بن ثعلبةَ بن عديّ بن العجلان، شهد بدراً، وقتلَ في الرِّدةِ.
696,711,2,وهؤلاء بنو بلي بن عمرو بن الحاف بن قضاعة,8,وعبدةُ بن مُغيث بن الجدِّ بن العجلان، شهدَ أُحداً.
696,711,2,وهؤلاء بنو بلي بن عمرو بن الحاف بن قضاعة,9,وابنهُ شريكُ، الذي يُقالَ له ابن السَّحماء، وهو الذي كان فيهِ اللَّعان.
697,712,2,وهؤلاء بنو بلي بن عمرو بن الحاف بن قضاعة,1,ومعن بن عديّ بن الجدّ بن العجلان، شهد بدراً.
697,712,2,وهؤلاء بنو بلي بن عمرو بن الحاف بن قضاعة,2,وأَخوه عاصم بن عديّ، ضربَ لهُ بسهمهِ يوم بدرٍ.
697,712,2,وهؤلاء بنو بلي بن عمرو بن الحاف بن قضاعة,3,وعبد الله بن سلمةَ بن مالك بن الحارث بن عديّ بن العجلان، شهدَ بدراً، وقُتل بأُحدٍ.
697,712,2,وهؤلاء بنو بلي بن عمرو بن الحاف بن قضاعة,4,وولد عُثر بن جُشم بن وذَم: صخراً؛ رهط عبد الرَّحمان بن عُديس، وهو أَحدُ المُصريِّين الذين ساروا إلى عُثمان بن عفَّان.
697,712,2,وهؤلاء بنو بلي بن عمرو بن الحاف بن قضاعة,5,وولد هرمُ بن هنيّ بن بليّ: أَفركَ.
697,712,2,وهؤلاء بنو بلي بن عمرو بن الحاف بن قضاعة,6,وولد أَفركُ بن هرم: رشداً.
697,712,2,وهؤلاء بنو بلي بن عمرو بن الحاف بن قضاعة,7,يُقال منهم: النُّعمان بن عصر بن الرَّبيع بن الحارث بن أَدم بن أُميَّة بن خدرةَ بن كاهن بن رشد شهد بدراً، وعدادهم في معاوية بن مالك بن عوف بن مرو بن عوف؛ ويُقال بل هو النُّعمان بن عصر بن عُبيد بن وائلةَ بن حارثةَ.
698,713,2,بنو حيدان بن عمرو بن الحاف بن قضاعة,1,هؤلاءِ بنو بليّ بن عمرو بن الحاف بن قُضاعة.
698,713,2,بنو حيدان بن عمرو بن الحاف بن قضاعة,2,وهؤلاء
698,713,2,بنو حيدان بن عمرو بن الحاف بن قضاعة,3,بنو حَيدان بن عمرو بن الحاف بن قُضاعة
698,713,2,بنو حيدان بن عمرو بن الحاف بن قضاعة,4,وولد حيدانُ بن عمرو بن الحاف بن قُضاعةَ: مهرةَ، وتزيدَ، إليه تُنسبُ الثياب التَّزيدية، وعريباً، وعُريداً، وجُنادة؛ بطون أُمُّهم: حُداءُ بنت عمرو بن الحاف بن قُضاعةَ.
698,713,2,بنو حيدان بن عمرو بن الحاف بن قضاعة,5,وهؤلاءِ بنو مَهرةَ بن حيدان بن عمرو بن الحاف
698,713,2,بنو حيدان بن عمرو بن الحاف بن قضاعة,6,ابن قُضاعة وولد مهرةُ بن حيدان: الآمريَّ، والدين، وأَشموساً، ونعميَّاً، وندغيّاً.
698,713,2,بنو حيدان بن عمرو بن الحاف بن قضاعة,7,فولد ندغيُّ بن مهرةَ: غفاراً العيديّ، إِليه تُنسبُ الإِبل العيديَّة. والهنسميَّ.
699,714,2,وهؤلاء بنو أسلم بن الحاف بن قضاعة,1,فولد العيديُّ بن نَدغيّ: حرسليلاً، ويعللاً، وصُهابة ومكلبيَّاً، ومُريتديَّاً.
699,714,2,وهؤلاء بنو أسلم بن الحاف بن قضاعة,2,منهم: زُهير بن قرضم بن العُجيل بن قتاب بن قمومي بن يعلل بن العيديّ، الوافد على النبي ﷺ .
699,714,2,وهؤلاء بنو أسلم بن الحاف بن قضاعة,3,وولد الآمريُّ بن مهرةَ: بلطوميَّاً، ومرضاويَّاً.
699,714,2,وهؤلاء بنو أسلم بن الحاف بن قضاعة,4,فولد البلطوميُّ بن الآمريّ: القمرَ، والقرى.
699,714,2,وهؤلاء بنو أسلم بن الحاف بن قضاعة,5,منهم: المُهلَّبُ بن البعسرني بن صُهبان بن خالد بن عتبان بن سويّ بن ريام بن القمر، كان من قوَّاد أَبي جعفر.
699,714,2,وهؤلاء بنو أسلم بن الحاف بن قضاعة,6,وولد مرضاويُّ بن الأَمريّ: الهداد، ومصليَّاً.
699,714,2,وهؤلاء بنو أسلم بن الحاف بن قضاعة,7,وولد الدينُ بن مهرة: بُغيةَ، وكبدان، والواحدَ.
699,714,2,وهؤلاء بنو أسلم بن الحاف بن قضاعة,8,هؤلاءِ بنو مهرة بن حيدان.
699,714,2,وهؤلاء بنو أسلم بن الحاف بن قضاعة,9,وهؤلاءِ بنو أَسلم بن الحاف بن قُضاعة
699,714,2,وهؤلاء بنو أسلم بن الحاف بن قضاعة,10,وولد أًسلمُ بن الحاف بن قُضاعةً: سوداً.
699,714,2,وهؤلاء بنو أسلم بن الحاف بن قضاعة,11,فولد سودُ بن أَسلم: ليثاً، وحوتكة، بطن، مع بني خميس بن عامر بن ثعلبة بن مَودُوعةَ بن جُهينةَ.
699,714,2,وهؤلاء بنو أسلم بن الحاف بن قضاعة,12,ومنهم: ناسٌ أَيضاً في بني لأيّ بن عُذرةَ
700,715,2,وهؤلاء بنو عذرة بن سعد هذيم,1,والَّذي بمصرَ، منهم أَنباطَ.
700,715,2,وهؤلاء بنو عذرة بن سعد هذيم,2,وولد ليثُ بن سود: زيداً.
700,715,2,وهؤلاء بنو عذرة بن سعد هذيم,3,فولد زيدُ بن ليث: سعداً، وحضنهُ عبدُ حبشيّ يُقال لهُ هُذيم، فغلبَ عليه؛ وجُهينة، ابنا زيد، وهما صُحَّار؛ ونهدَ بن زيد.
700,715,2,وهؤلاء بنو عذرة بن سعد هذيم,4,فولد سعدُ بن زيد بن ليث بن سود بن أَسلم: عُذرةَ، والحارثَ، بطن في عُذرة، ومعاوية، وهم الغنم، بطن؛ ووائلاً، بطن؛ وصعباً، بطن، وكان آخر من هلك من صعب رجل ورثهُ رجُلٌ من ضبَّة كان لهُالكبرُ، كلُّهم في بني عُذرة.
700,715,2,وهؤلاء بنو عذرة بن سعد هذيم,5,وجُلهمةَ، وعرابةَ، قتلهما خُزيمةُ بن نهد، لا عقب لهما؛ وأُمهم كلهم إِلاَّ سلامان: عاتكةُ بنت مُرّ بن أُد بن طابخةَ بن الياس.
700,715,2,وهؤلاء بنو عذرة بن سعد هذيم,6,وهؤلاءِ بنو عُذرةَ بن سعد هُذيم
700,715,2,وهؤلاء بنو عذرة بن سعد هذيم,7,وولد عُذرةُ بن سعد هُذيم: كبيراً، وعامراً، وكاهلاً، وهو بطن، وإِياساً، وعوفاً، ورفاعةُ.
700,715,2,وهؤلاء بنو عذرة بن سعد هذيم,8,فخرجَ بنو ربيعةَ بن حام بن ضنَّة بن عمرو بن كبير بن عُذرة بن رفاعة بن عُذرةَ فلحقوا ببني يشكر بن بكر، وهم رهط عبد السَّلام بن هاشم، الذي خرجَ أَيام المهديّ، فوجَّه إِليه عبدَ ربه.
700,715,2,وهؤلاء بنو عذرة بن سعد هذيم,9,وهم يقولون: رفاعة بن ثعلبة بن حبيب بن كعب بن يشكر بن بكر بن وائل.
700,715,2,وهؤلاء بنو عذرة بن سعد هذيم,10,فولد كبيرُ بن عُذرة: عبداً، وصرمة، بطن.
700,715,2,وهؤلاء بنو عذرة بن سعد هذيم,11,فولد عبدُ بن كبير: ضنَّة؛ أُمُّهُ: فاطمةُ بنت طابخة بن تغلب بن وبرةَ.
701,716,2,وهؤلاء بنو عذرة بن سعد هذيم,1,وتميمةَ، بطن، بالشَّام؛ أُمهُ: عمرةُ بنت جُهينة.
701,716,2,وهؤلاء بنو عذرة بن سعد هذيم,2,فولد ضنَّةُ بن عبد بن كبير: حراماً، ومُبرِّراً، وعبد ربّ، بطن.
701,716,2,وهؤلاء بنو عذرة بن سعد هذيم,3,فولد حرامُ بن ضنَّةُ: ربيعةَ، وهنداً، وجُلهمة وزقزقة، بطن، وجلحاً، وحردشاً، بطن، وهلالاً؛ وأُمهم بنت حُميس بن عامر بن ثعلبةَ بن مودُوعةَ بن جُهينةَ.
701,716,2,وهؤلاء بنو عذرة بن سعد هذيم,4,فولد هلالُ بن حرام: عميرة، بطن، مع بني فزارة، بعضهم يُنسبُ إِلى فزارة، وبعضهم يُنسب إِلى عُذرة.
701,716,2,وهؤلاء بنو عذرة بن سعد هذيم,5,فولد عميرةُ بن هلال: عديَّاً، وحصناً.
701,716,2,وهؤلاء بنو عذرة بن سعد هذيم,6,وولد ربيعةُ بن حرام بن ضنَّة: رزاحاً، وحُنَّاً؛ أُمُّهما: فاطمة بنت سعد بن سيل بن عوف بن حمالة بن عوف بن غنم بن الجُدرة من الأزد.
701,716,2,وهؤلاء بنو عذرة بن سعد هذيم,7,وإِخوتهم لأُمهم: قُصيُّ، وزُهرةُ ابني كلاب بن مُرَّة بن كعب بن لؤيّ بن غالب بن فهر القرشيّ.
701,716,2,وهؤلاء بنو عذرة بن سعد هذيم,8,وحسَّان، وهلالُ، ونهيكٌ بني ربيعةَ بن جزام.
701,716,2,وهؤلاء بنو عذرة بن سعد هذيم,9,اجتمعت قُضاعةُ على زُهير بن جناب بن هُبل الكلبيّ، وعلى رزاح بن ربيعةَ بن حرامٍ العُذريّ. وهو الذي أَخرج نهد بن زيد، وجرم بن زبَّان وحوتكة بن سود من قُضاعةَ؛ فألحقَ نهداً بليثٍ، وألحقَ حوتكةَ بمُضر، وألحق جرماً بمذحج فحالفوهم؛ وجرم تقبضُ العطاء مع الحارث بن كعب من مذحج، فقال في ذلك زُهير بن جناب:
701,716,2,وهؤلاء بنو عذرة بن سعد هذيم,10,أَلا من مُبلغُ عنِّي رزاحاً … فأَنِّي قد لحيتُكَ في اثنتينِ
701,716,2,وهؤلاء بنو عذرة بن سعد هذيم,11,لحيتُكَ من بني نهدٍ وجرمٍ … كما فرَّقت بينهمُ وبيني
702,717,2,وهؤلاء بنو عذرة بن سعد هذيم,1,وحوتكةَ بن أَسلم إِنّ قوماً … عنوكم بالمساءةِ قد عنوني
702,717,2,وهؤلاء بنو عذرة بن سعد هذيم,2,وهو الذي مكَّن لقُصيّ بن كلاب مكَّةَ، ونفى عنها صوفةَ بن مُرّ بن أدّ، وبني بكر بن عبد مناة بن كنانة. وقال:
702,717,2,وهؤلاء بنو عذرة بن سعد هذيم,3,وإِنِّي في الحياةِ أَخو قُصيٍّ … إِذا ما نابهُ ضيمٍ أَبيتُ
702,717,2,وهؤلاء بنو عذرة بن سعد هذيم,4,وحنُ، رزاح ابنا ربيعة، هما بطنان، سيِّدي بني ربيعةَ.
702,717,2,وهؤلاء بنو عذرة بن سعد هذيم,5,ومن بني عُذرة: عُميس بن لبيد بن عدَّاد بن أُميَّة بن عبد الله بن رزاح الشَّاعر الجاهليّ.
702,717,2,وهؤلاء بنو عذرة بن سعد هذيم,6,من ولدهِ: حُريثُ، وعاطف ابنا سُليم بن عُميس ولهما يقولُ هُدبةُ:
702,717,2,وهؤلاء بنو عذرة بن سعد هذيم,7,ونعمَ الفتى ولا يُودَّع مالكاً … ولا كدِماً أَبو سُليمان عاطفُ
702,717,2,وهؤلاء بنو عذرة بن سعد هذيم,8,وهوذة بن أَبي عمرو بن عَدَّاس بن عُنير، الَّذي يُقال لهُ ربُّ الحجاز؛ أُمهُ حبنة.
702,717,2,وهؤلاء بنو عذرة بن سعد هذيم,9,وهو الذي مدحهُ النَّابغةُ في قولهِ:
703,718,2,وهؤلاء بنو عذرة بن سعد هذيم,1,ويل أُمّ حُلة صاحب صانته … أَعني ابن نسعة نجد قولِ القائلِ
703,718,2,وهؤلاء بنو عذرة بن سعد هذيم,2,وولد حُنُ بن ربيعة بن حرام: الأَجبَّ، وعمراً، وميَّاداً، كان شريفاً، وظبيانَ، وضُبيس.
703,718,2,وهؤلاء بنو عذرة بن سعد هذيم,3,منهم: جميلُ بن عبد الله بن معمر بن الحارث بن خيبريّ بن ظبيان بن هُنّ الشَّاعر؛ عاشقُ بُثينةَ.
703,718,2,وهؤلاء بنو عذرة بن سعد هذيم,4,ومن بني مياد بن حنّ: خالد بن شهاب بن ربيعة بن ميَّاد.
703,718,2,وهؤلاء بنو عذرة بن سعد هذيم,5,ونُبيه بن يزيد بن الحُليس بن الحارث بن ميَّاد، وهو زوج بُثينة.
703,718,2,وهؤلاء بنو عذرة بن سعد هذيم,6,ومن بني عمرو بن الأجبّ: بُثينةُ بنت حيا بن ثعلبة بن الهوادء بن عمرو بن الأجبّ.
703,718,2,وهؤلاء بنو عذرة بن سعد هذيم,7,وعبد الله وهو جوَّاسُ بن قُطبةَ بن ثعلبةَ بن الهوادء، الشَّاعر.
703,718,2,وهؤلاء بنو عذرة بن سعد هذيم,8,وولد هندُ بن حرام بن ضنَّة: واثلة، وحارثةَ، وحيَّاً، وحراماً.
703,718,2,وهؤلاء بنو عذرة بن سعد هذيم,9,منهم: زملُ بن عمرو بن المُغيرة بن حسَّان بن حُديج بن واثلة بن حارثة بن هند، وفدَ على النبي ﷺ . وشهدَ مع معاوية صفِّين.
703,718,2,وهؤلاء بنو عذرة بن سعد هذيم,10,من ولده: مُدلجُ بن المُقداد بن زمل،! كان شريفاً بالشَّام.
703,718,2,وهؤلاء بنو عذرة بن سعد هذيم,11,وعُروةُ بن أُنيف بن نمت بن عُوير بن حُديج بن جُحيش بن وآثلةَ ابن هند، كان شريفاً.
704,719,2,وهؤلاء بنو عذرة بن سعد هذيم,1,وعُروةُ بن حزام بن مالك الشَّاعر، قتيل الحُبِّ، صاحب عفراء بنت المُهاجر بن مالك، وهي ابنةَ عمِّهِ.
704,719,2,وهؤلاء بنو عذرة بن سعد هذيم,2,وولد مُبرّرُ بن ضنَّة بن عبد: مُدلجاً، بطن كبير لهم عددٌ وجماعةُ وشدَّة.
704,719,2,وهؤلاء بنو عذرة بن سعد هذيم,3,ومن بني عامر بن عُذرة: عبد الرَّحمان بن الخشخاش، ولي القضاء لعُمر بن عبد العزِّيز.
704,719,2,وهؤلاء بنو عذرة بن سعد هذيم,4,وولد كاهلُ بن عُذرة: سوداً، وحزَّازاً.
704,719,2,وهؤلاء بنو عذرة بن سعد هذيم,5,منهم: خالد بن عُرفُطة بن أبرهة بن سنان بن صيفيّ بن الهيلةَ بن عبد الله بن غيلان بن أَسلم بن حزَّاز، وهو حليفُ لبني زُهرة؛ كان سعدُ بن أَبي وقَّاص قد ولاَّة أَمر النَّاس يوم القادسيَّة.
704,719,2,وهؤلاء بنو عذرة بن سعد هذيم,6,ومسعودُ بن سنان بن ثعلبة بن جابر بن رزاح بن عامر بن دُليم ابن عديّ بن حزَّاز، كان شريفاً. وجمرةُ بن النُّعمان بن هوذة بن مالك بن سنان بن البيَّاع بن دُليم، كان سيِّد بني كاهل، وفدَ على النبي ﷺ .
704,719,2,وهؤلاء بنو عذرة بن سعد هذيم,7,وثعلبةُ بن صُعير بن زيد بن سنان بن المُهتجن بن صُعير بن حزَّاز الشَّاعر.
704,719,2,وهؤلاء بنو عذرة بن سعد هذيم,8,وابنهُ عبد الله بن ثعلبةَ بن صُعير.
705,720,2,بنو الحارث بن سعد هذيم,1,هؤلاءِ بنو عُذرة بن سعد هُذيم
705,720,2,بنو الحارث بن سعد هذيم,2,وهؤلاءِ
705,720,2,بنو الحارث بن سعد هذيم,3,بنو الحارث بن سعد هُذيم
705,720,2,بنو الحارث بن سعد هذيم,4,وولد الحارث بن سعد بن زيد بن ايث بن سود بن أَسلم بن الحافِ بن قُضاعةَ: ذُبيان، وعبد مناف، وأَسيد؛ وأُمهم: هندُ بنت لؤيّ بن غالب بن فهر بن مالك بن النَّضر.
705,720,2,بنو الحارث بن سعد هذيم,5,فولد ذُبيان بن الحارث: عبد الله.
705,720,2,بنو الحارث بن سعد هذيم,6,فولد عبد الله: عيشاً، وعمراً، وعامراً، كان على مُقدمةِ رزاح حين أَتى مكَّةَ.
705,720,2,بنو الحارث بن سعد هذيم,7,فولد عمرو بن ثعلبة: حُنيشاً.
705,720,2,بنو الحارث بن سعد هذيم,8,منهم: ربعيُّ بن عامر بن ثعلبةَ بن مُرَّة بن حُنيش وحجَّارُ بن مالك بن ثعلبة بن مُرَّة.
705,720,2,بنو الحارث بن سعد هذيم,9,وزيادُ بن زيد بن مالك بن زيد بن ثعلبة، الَّذي قتلهُ هُدبةُ.
705,720,2,بنو الحارث بن سعد هذيم,10,وجعفر بن سُراقة بن قُطبة بن الأسود بن عديّ بن قَرَّة الياعر، الَّذي رثى الحُسين بن علي بن أَبي طالب ﵇ .
705,720,2,بنو الحارث بن سعد هذيم,11,وعديُّ بن سلمة بن أَبي حيَّة بن الأشحم بن عامر بن ثعلبة بن قَرَّة، وهو الكاهن الذي يُقال له عُزي سلمةَ، وإِنَّما اسمهُ سلمةَ، وعُزي شيطانهُ.
705,720,2,بنو الحارث بن سعد هذيم,12,من ولدهِ: الحجَّاج بن سلامة بن سُليم بن سلمة الشَّاعر، الَّذي كان يُهاجي جميل بن عبد الله بن معمر العُذري.
706,721,2,وهؤلاء بنو سلامان بن سعد هذيم,1,ومن بني حيَّة: هُدبةُ بن خَشرم بن كُرز بن أَبي حيَّة الشَّاعر، الَّذي قتلَ زيادة.
706,721,2,وهؤلاء بنو سلامان بن سعد هذيم,2,وولد عبدُ مناف بن الحارث بن سعد هُذيم: لأَياً، ونبراساً.
706,721,2,وهؤلاء بنو سلامان بن سعد هذيم,3,منهم: النجَّار بن أَوس بن أَسن بن عمرو بن عبد الحارث بن لأي، كان أَنسب العرب.
706,721,2,وهؤلاء بنو سلامان بن سعد هذيم,4,ومن بني مداش بن عبد الله بن ذبيان: وردُ بن قتادة، وكان هو الذي وثب على المُراديّ الذي كتبَ به النبي ﷺ لقومٍ من بني فزارة.
706,721,2,وهؤلاء بنو سلامان بن سعد هذيم,5,هؤلاءِ بنو الحارث بن سعد هُذيم.
706,721,2,وهؤلاء بنو سلامان بن سعد هذيم,6,وهؤلاءِ بنو سلامان بن سعد هُذيم
706,721,2,وهؤلاء بنو سلامان بن سعد هذيم,7,وولد سلامان بن سعد بن هُذيم: مالكاً، ومعاوية لهُ عددٌ بالشَّام.
706,721,2,وهؤلاء بنو سلامان بن سعد هذيم,8,وولد مالكُ بن سلامان: ذُبيان، وعوفاً، وربيعةَ.
706,721,2,وهؤلاء بنو سلامان بن سعد هذيم,9,فولد عوفُ بن مالك: غوثاً.
707,722,2,وهؤلاء بنو ضنة بن سعد هذيم,1,فولد غوثُ بن عوف: ضراراً، وحيَّة.
707,722,2,وهؤلاء بنو ضنة بن سعد هذيم,2,فولد حيَّةُ بن غوث: المُثلَّم.
707,722,2,وهؤلاء بنو ضنة بن سعد هذيم,3,فولد المُثلَّم بن حيَّة: صفواناً، وزُهيراً.
707,722,2,وهؤلاء بنو ضنة بن سعد هذيم,4,وولد ضرارُ بن غوث: معاوية.
707,722,2,وهؤلاء بنو ضنة بن سعد هذيم,5,منهم: طلقُ بن المُقنَّع بن سنان بن عمرو بن طلق بن أَبانةَ بن لوذان بن معاوية الشَّاعر، وعدادهُ في الأنصار.
707,722,2,وهؤلاء بنو ضنة بن سعد هذيم,6,وولد ربيعةُ بن مالك بن سلامان: مسعوداً.
707,722,2,وهؤلاء بنو ضنة بن سعد هذيم,7,وولد ذُبيان بن مالك بن سلامان: عبد الأوس، وسالماً، وعوفاً.
707,722,2,وهؤلاء بنو ضنة بن سعد هذيم,8,وولد معاوية بن سلامان: عامراً، والرَّبعة، وخراشة، وهم حُلفاءُ الحُصين بن الحُمام المُريّ.
707,722,2,وهؤلاء بنو ضنة بن سعد هذيم,9,هؤلاءِ بنو سلامان بن سعد هُذيم
707,722,2,وهؤلاء بنو ضنة بن سعد هذيم,10,وهؤلاءِ بنو ضنَّة بن سعد هُذيم
707,722,2,وهؤلاء بنو ضنة بن سعد هذيم,11,وولد ضنَّة بن سعد هُذيم: غنماً، وقطيعة، وكلباً وعوذاً.
707,722,2,وهؤلاء بنو ضنة بن سعد هذيم,12,فولد غنمُ: عُلة، والقُمير، ومُرَّة، ومازناً، وكعباً.
707,722,2,وهؤلاء بنو ضنة بن سعد هذيم,13,فولد عُلةُ: عموداً، وعبد ربّ، وسيفاً، وعديَّاً، وهراوةَ، وقباً، بطون.
707,722,2,وهؤلاء بنو ضنة بن سعد هذيم,14,فولد عودُ بن ضنَّة: كُلفةَ، وحارثةَ.
707,722,2,وهؤلاء بنو ضنة بن سعد هذيم,15,فولد كُلفةُ بن الحارث.
707,722,2,وهؤلاء بنو ضنة بن سعد هذيم,16,فولد الحارثُ بن كُلفة: رزاحاً، الَّذي قتل دابان الحميريّ.
707,722,2,وهؤلاء بنو ضنة بن سعد هذيم,17,وولد قُطيعة بن ضنَّة: جُمعاً، ونماراً، وغنماً، بطون.
707,722,2,وهؤلاء بنو ضنة بن سعد هذيم,18,وولد تميمُ بن ضنَّة: زيداً، ومالكاً، وعائشاً، ويربوعاً؛ أُمُّهم:
708,723,2,وهؤلاء بنو جهينة بن زيد بن ليث بن سود ابن أسلم بن الحاف بن قضاعة,1,السَّعفاءُ بنت كاهل بن أفرك بن بليّ، فمات عنها تميمُ فتزوَّجها غيظُ بن مُرَّة بن عوف، فذهبت بيربوع معها فانتسب إِلى غيظ بن مُرَّة فمات عنها؛ وذلك قول النَّابغةُ ليزيد.
708,723,2,وهؤلاء بنو جهينة بن زيد بن ليث بن سود ابن أسلم بن الحاف بن قضاعة,2,جَمِّع محاشك يا يزيد فإِنِّني … أَعددتُ يربوعاً لكم وتميماً
708,723,2,وهؤلاء بنو جهينة بن زيد بن ليث بن سود ابن أسلم بن الحاف بن قضاعة,3,ولحقتَ بالنَّسبِ الذي عيرتني … ووجدتُ نصرك يا يزيد ذميماً
708,723,2,وهؤلاء بنو جهينة بن زيد بن ليث بن سود ابن أسلم بن الحاف بن قضاعة,4,حدبت عليَّ بطونُ ضنَّةَ كُلها … إِن ظالماً فيهم وإِن مظلوما
708,723,2,وهؤلاء بنو جهينة بن زيد بن ليث بن سود ابن أسلم بن الحاف بن قضاعة,5,هؤلاءِ بنو سعد هُذيم بن زيد
708,723,2,وهؤلاء بنو جهينة بن زيد بن ليث بن سود ابن أسلم بن الحاف بن قضاعة,6,وهؤلاءِ بنو جُهينةَ بن زيد بن ليث بن سود ابن أسلم بن الحافِ بن قُضاعة
708,723,2,وهؤلاء بنو جهينة بن زيد بن ليث بن سود ابن أسلم بن الحاف بن قضاعة,7,وولد جُهينةُ بن زيد بن ليث بن سود بن أسلم بن الحاف بن
709,724,2,هؤلاء بنو قيس بن جهينة,1,قُضاعةَ: قيساً، ومودوعة؛ أُمُّهما: عاتكةُ بنت سعد بن هُذيل بن مُدركةَ.
709,724,2,هؤلاء بنو قيس بن جهينة,2,هؤلاء بنو قيس بن جُهينةَ
709,724,2,هؤلاء بنو قيس بن جهينة,3,فولد قيسُ بن جُهينة: غطفان، وغيَّان.
709,724,2,هؤلاء بنو قيس بن جهينة,4,"فوفد بنو غيَّان على النبي ﷺ فقال: "" من أَنتم "" ؛ قالوا: "" نحنُ بنو غيَّان "" ؛ قال: "" أَنتم بنو رُشدان "" ، فغلبت عليهم. كان واديهم يُسمَّى غَويّ، فسمِّي رشد."
709,724,2,هؤلاء بنو قيس بن جهينة,5,فولد رُشدانُ بن قيس بن جهينة: ذُبيان، والرَّبعة، بطن؛ ومنازلُ بعض الرَّبعة بالكوفة؛ وأُمُّهما: فُريعةُ بنت كلب بن وبرة.
709,724,2,هؤلاء بنو قيس بن جهينة,6,فولد ذُبيانُ بن رشدان: سعداً، وعامراً، وخُدارةَ.
709,724,2,هؤلاء بنو قيس بن جهينة,7,منهم: بسبسُ، وضمرةُ، وزيادُ بنو عمرو بن ثعلبة بن خرشةَ بن عمرو بن سعد بن ذُبيان، وعدادهم في الأنصار.
709,724,2,هؤلاء بنو قيس بن جهينة,8,كعب بن حَمَّان بن ثعلبة بن خرشةَ، شهدَ بدراً مع بني ساعدة.
710,725,2,هؤلاء بنو قيس بن جهينة,1,وولد الرَّبعةُ بن رشدان: غنماً، وسلمةَ، وسُريراً، وعديَّاً.
710,725,2,هؤلاء بنو قيس بن جهينة,2,منهم: عُلةُ بن عديّ بن مناف بن كراثةَ بن جهمة بن عديّ بن الرَّبعة، شهد بدراً.
710,725,2,هؤلاء بنو قيس بن جهينة,3,ووديعةُ بن عمرو بن سنان بن عوف بن حرَّاد بن يربوع بن طحل بن عديّ بن الرَّبعة، شهدَ بدراً في بني النَّجار.
710,725,2,هؤلاء بنو قيس بن جهينة,4,وعبد العزى بن زيد بن معاوية بن خشَّان بن أَسعد بن وديعةَ بن مبذول بن عديّ بن غنم، وفد على النبي ﷺ ، وغيَّرَ اسمهُ.
710,725,2,هؤلاء بنو قيس بن جهينة,5,وولد غطفان بن قيس بن جُهينةَ: مالكاً، وعوفاً.
710,725,2,هؤلاء بنو قيس بن جهينة,6,فولد مالكُ بن غطفان: نصراً، والشُّللَ، وقانصة وعاتبةَ، وعجباً، بطون.
710,725,2,هؤلاء بنو قيس بن جهينة,7,فولد نصرُ بن مالك: كاهلاً، ورفاعةَ، بطن.
710,725,2,هؤلاء بنو قيس بن جهينة,8,فولد كاهلُ بن نصر جُشم، وعديَّاً، ونصراً، ومُرَّة، وثعلبةَ.
710,725,2,هؤلاء بنو قيس بن جهينة,9,فولد عديُّ بن كاهل: سعداً، وسحمةَ.
710,725,2,هؤلاء بنو قيس بن جهينة,10,فولد سعدُ بن عديّ: نصراً، وزهرةَ، بطن. وكدادةَ، بطن؛ وبديلاً، بطن؛ وجذيمةَ، بطن؛ وأُسامةَ.
711,726,2,هؤلاء بنو قيس بن جهينة,1,منهم: عديُّ بن أَبي الزَّغباءِ بن سُبيع بن ثعلبة بن ربيعة بن زُهرة بن بديل، شهد المشاهدَ، في الأنصار.
711,726,2,هؤلاء بنو قيس بن جهينة,2,ومن بني رفاعة بن نصر: سويد بن مالك بن محرب بن مازن بن رفاعة، قتلتهُ بنو ضمرة بن بكر بن عبد مناة بن كنانةَ. وهو أَبو محجن.
711,726,2,هؤلاء بنو قيس بن جهينة,3,وعمرو بن مُرَّة بن عُبيس بن مالك بن المُحرِّث، صحبَ النبي ﷺ .
711,726,2,هؤلاء بنو قيس بن جهينة,4,وسويدُ بن عمرو بن جذيمة بن سبرةَ بن حُديج بن مالك بن عمرو بن ذُهل بن عمرو بن ثعلبة بن رفاعةَ، الذي يُقال لهُ سويد حوط، وكان لا يمُرّ به أَحدٌ من عزِّه، وإِنَّما يأخذ يميناً وشمالاً، وكان أَمنعَ جُهنيّ في زمانه في الجاهليَّة. وهو الذي أَخرج الحُرقةَ من جُهينة فألحقهم ببني مُرَّة.
711,726,2,هؤلاء بنو قيس بن جهينة,5,وعوسجةُ بن حرملة بن جذيمة بن سبرة بن حديج، عقد لهُ النبي ﷺ على أَلفٍ وأَقطعهُ دامر.
712,727,2,وهؤلاء بنو مودوعة بن جهينة,1,وولد عوفُ بن غطفان: عديَّاً، ومالكاً، وطولاً، ودُهمان، وذُهلاً، وسلمةَ.
712,727,2,وهؤلاء بنو مودوعة بن جهينة,2,فولد الطَّولُ بن عوف: عمراً، وحبيباً، وجَرماً، وحنيفاً، بطن.
712,727,2,وهؤلاء بنو مودوعة بن جهينة,3,فولد عديُّ بن الطَّول: مالكاً، وغالباً، وكعباً، وكبيراً.
712,727,2,وهؤلاء بنو مودوعة بن جهينة,4,فولد مالكُ بن عديّ بن الطُّول: خزامةَ، بطن؛ ودُهمان، بطن؛ وسُحيماً، بطن؛ ونصراً.
712,727,2,وهؤلاء بنو مودوعة بن جهينة,5,فولد نصرُ بن مالك بن عديّ: سلمةَ، وحسلاً، بطن.
712,727,2,وهؤلاء بنو مودوعة بن جهينة,6,منهم: زيدُ بن وهب الفقيه، صاحب عليَّ بن أَبي طالب ﵇ ، شهدُ معهُ المشاهدَ. وهلالُ بن نصر.
712,727,2,وهؤلاء بنو مودوعة بن جهينة,7,ومن بني سلمةَ بن نصرُ بن مالك بن عديّ: محرميُّ بن وهب بن عمرو بن عديّ.
712,727,2,وهؤلاء بنو مودوعة بن جهينة,8,ومُرُّ بن عمرو بن الطَّوال.
712,727,2,وهؤلاء بنو مودوعة بن جهينة,9,وكرماءُ بن زُرعةَ بن علس بن أَنس بن مالك بن إِياس بن مُحرب ابن بلاب بن الحارث بن ذُهل بن عمرو بن الطول.
712,727,2,وهؤلاء بنو مودوعة بن جهينة,10,هؤلاءِ بنو قيس بن جُهينةَ.
712,727,2,وهؤلاء بنو مودوعة بن جهينة,11,وهؤلاءِ بنو مودوعة بن جُهينةَ
712,727,2,وهؤلاء بنو مودوعة بن جهينة,12,وولد مودوعةُ بن جُهينةَ: ثعلبةَ.
712,727,2,وهؤلاء بنو مودوعة بن جهينة,13,فولد ثعلبةُ بن مودعةَ: عمراً، وعامراً؛ فدخلَ عمرو في عاملة.
713,728,2,وهؤلاء بنو مودوعة بن جهينة,1,وولد عامرُ بن ثعلبةَ بن مودوعةَ: حُميساً، وهم الحُرقةُ، بطن عدادهم في بني مُرَّة.
713,728,2,وهؤلاء بنو مودوعة بن جهينة,2,وإِنَّما سُمُّوا الحُرقة لأَنَّهم أَحرقوا بني سهم بن مُرَّة بالنِّيل.
713,728,2,وهؤلاء بنو مودوعة بن جهينة,3,وذثبيان بن عامر، بطن؛ وشبابةَ، بطن، وهم قليل وجباوةَ، بطن، وهم قليل؛ بطن، درجوا.
713,728,2,وهؤلاء بنو مودوعة بن جهينة,4,فولد حُميسُ بن عامر: زيداً، وثعلبةَ.
713,728,2,وهؤلاء بنو مودوعة بن جهينة,5,فولد زيدُ بن حُميس: عامراً، وعديَّاً.
713,728,2,وهؤلاء بنو مودوعة بن جهينة,6,فولد عامرُ بن زيد بن حُميس: جَذيمةَ، بطن، وهم رهط الكاهن. وجيراً، وسيَّاراً.
713,728,2,وهؤلاء بنو مودوعة بن جهينة,7,وولد ثعلبةُ بن حُميس: مالكاً.
713,728,2,وهؤلاء بنو مودوعة بن جهينة,8,فولد مالكُ بن ثعلبةَ: كعباً، وغالباً.
713,728,2,وهؤلاء بنو مودوعة بن جهينة,9,فولد كعبُ بن مالك: مالكاً.
713,728,2,وهؤلاء بنو مودوعة بن جهينة,10,فولد مالك بن كعب: ضراماً، بطن، رهط شهاب بن جمرةَ، الذي وفدَ على عُمر بن الخطَّاب ﵁ ، فقال لهُ: ما اسمكَ؟ قال شهاب بن جمرةَ.
713,728,2,وهؤلاء بنو مودوعة بن جهينة,11,قال: من أَي الحُرقةِ؟. قال: من بني ضرام.
713,728,2,وهؤلاء بنو مودوعة بن جهينة,12,قال: من أَين أَقبلت؟. قال: من حَرَّةِ النَّار.
713,728,2,وهؤلاء بنو مودوعة بن جهينة,13,قال: فأين أَهلكَ؟. قال: بِلظى.
714,729,2,وهؤلاء بنو جهينة بن زيد ابن أسلم بن الحاف بن قضاعة,1,قالَ عُمر، ﵁ : أَعوذُ باللَّه من النَّار، ويحكَ، أَظنُ أَهلك قد أَحترقوا. قال: فانصرفَ فوجد ناراً قد أَحاطت بأَهلهِ فأَطفأَها.
714,729,2,وهؤلاء بنو جهينة بن زيد ابن أسلم بن الحاف بن قضاعة,2,وهؤلاءِ بنو جُهينة بن زيد ابن أَسلم بن الحاف بن قُضاعة
714,729,2,وهؤلاء بنو جهينة بن زيد ابن أسلم بن الحاف بن قضاعة,3,وولد نهدُ بن زيد بن ليث بن سود بن أَسلم بن الحاف بن قُضاعة: مالكاً، وصباحاً، بطن؛ وزيد، بطن؛ ومعاوية، وكعباً، وأَبا سود؛ فهؤلاءِ نهد اليمن الذي سكنت قريباً من نجران.
714,729,2,وهؤلاء بنو جهينة بن زيد ابن أسلم بن الحاف بن قضاعة,4,وعامرُ، وعُمير، وحنظلةَ بنو نهد، والطول وخزيمةَ، ومُلاَّة، وأَباناً؛ فهؤلاء بني نهد الشَّام.
714,729,2,وهؤلاء بنو جهينة بن زيد ابن أسلم بن الحاف بن قضاعة,5,فولد عامرُ بن نهد، دخلوا في بني عُليم بن جناب من كلب، حالفوا عديّ بن أَوس بن جابر بن كعب بن عُليم.
714,729,2,وهؤلاء بنو جهينة بن زيد ابن أسلم بن الحاف بن قضاعة,6,وأَمَّا عمرو بن نهد فدخلوا في بني عدي بن جناب بن كلب.
715,730,2,وهؤلاء بنو سلامة بن زوي,1,وأَمَّا أَبانُ بن نهد فدخلوا في بني ثعلبة بن بكر بن حبيب بن عمرو بن غنم بن تغلب.
715,730,2,وهؤلاء بنو سلامة بن زوي,2,وولد مالكُ بن نهد: زُويَّاً، ورفاعةَ، بطن، إِليهما عددُ نهد وشرفُها.
715,730,2,وهؤلاء بنو سلامة بن زوي,3,والحارثَ، وهو سبرةُ، بطن، دخلوا في بني أُسامة بن حذام بن رفاعةَ بن نهد.
715,730,2,وهؤلاء بنو سلامة بن زوي,4,وولد زُويُّ بن مالك بن نهد: سلامةَ، بطن، ومُرَّة؛ أُمُّهما: ماويةُ بنت الجُعيد بن صبرة العبديّ، وكعباً، بطن؛ أُمُّهُ: رقاش بنت ضُبيعة بن قيس بن ثعلبةَ.
715,730,2,وهؤلاء بنو سلامة بن زوي,5,وهؤلاء بنو سلامةَ بن زُويّ
715,730,2,وهؤلاء بنو سلامة بن زوي,6,فولد سلامةَ بن زُويّ: العُمير.
715,730,2,وهؤلاء بنو سلامة بن زوي,7,فولد العُميرُ بن سلامة: العُبيد، بطن.
715,730,2,وهؤلاء بنو سلامة بن زوي,8,منهم: يعمرُ بن حارثة بن العُبيد، الذي قتل قُرطاً القُشيريّ.
715,730,2,وهؤلاء بنو سلامة بن زوي,9,وابنه حارثةُ بن يعمر الشَّاعر.
715,730,2,وهؤلاء بنو سلامة بن زوي,10,ويعلى بن عُمير بن يعمر، كان معهُ اللَّواء يوم صفِّين مع عليِّ بن أَبي طالب ﵇ .
715,730,2,وهؤلاء بنو سلامة بن زوي,11,والرَّقضُ بن صُبح، كان سيِّدهم في الجاهليَّة؛ ثم أَسلم.
715,730,2,وهؤلاء بنو سلامة بن زوي,12,وقيس بن عبد الله بن غنم بن صبح الشَّاعر، الذي يقال لهُ ابن سخلةَ، وهي أُمُّهُ.
715,730,2,وهؤلاء بنو سلامة بن زوي,13,وهُبيرةُ بن أَدهم بن غنم، شهد صفِّين مع معاوية، وكان من أَشراف أَهل الشَّام.
716,731,2,وهؤلاء بن كعب بن زوي,1,وعَمرو بن صبح بن عبد الله بن العُمير، الذي قتل شدَّاد الكلابيّ.
716,731,2,وهؤلاء بن كعب بن زوي,2,هؤلاءِ بنو سلامة بن زُويّ.
716,731,2,وهؤلاء بن كعب بن زوي,3,وهؤلاءِ بن كعب بن زُويّ
716,731,2,وهؤلاء بن كعب بن زوي,4,وولد كعبُ بن زُويّ: سعداً.
716,731,2,وهؤلاء بن كعب بن زوي,5,فولد سعدُ بن كعب: صريماً، بطن؛ ودُهيماً، وعبد الله، وزُهرةَ.
716,731,2,وهؤلاء بن كعب بن زوي,6,منهم: جُندب بن سنان بن عبد العُزَّى بن صريم، ولاَّهُ الحارثُ بن عبد الله بن أَبي ربيعةَ بن المُغيرة المخزوميّ، شُرط البصرةَ.
716,731,2,وهؤلاء بن كعب بن زوي,7,وعبد الله بن الهيثم بن مسروق بن عبد الله بن سعد بن صريم، كان معهُ لواء قَضاعة يوم صفِّين. مع عليّ بن أَبي طالبٍ ﵇ .
716,731,2,وهؤلاء بن كعب بن زوي,8,"والصَّقعبُ، وهو خيثم بن سعد بن صريم، وقد رأس، ولهُ يقولُ النُّعمان بن المُنذر فيما يقولُ: "" تسمع بالمُعيديّ خيرٌ من أَن تراهُ "" ."
716,731,2,وهؤلاء بن كعب بن زوي,9,وأَبو ليلى، خالد بن عبد الله بن عمرو بن سعد بن صريم.
717,732,2,وهؤلاء بنو مرة بن زوي,1,وعبد الله بن كعب بن عمرو بن سعد بن صريم، قُتل يوم صفِّين.
717,732,2,وهؤلاء بنو مرة بن زوي,2,ومن بني دُهيم بن سعد بن كعب: طُفيلُ بن عبد الرَّحمان بن كعب بن عبد الله بن عمرو بن عبد الله بن دُهيم.
717,732,2,وهؤلاء بنو مرة بن زوي,3,"ومازنُ بن كعب بن جناب بن عبد الله بن نهشلِ، الذي قال لبني نهد حين إِرتدَّ: "" واكبروا وأَغيروا على المُسلمين "" ."
717,732,2,وهؤلاء بنو مرة بن زوي,4,وهُبيرةُ بن أَنيس بن الحارث بن جناب بن عبد الله، الذي قتلهُ عبدُ المسيح، أَسقُف نجران باليمن بابنه يوسف، وكانت سلامةُ بن زُويّ قتلوه.
717,732,2,وهؤلاء بنو مرة بن زوي,5,والحارثُ بن مازن بن مالك بن عبد الله بن دُهيم، الوافد مع الصَّقعبِ على النُّعمان.
717,732,2,وهؤلاء بنو مرة بن زوي,6,هؤلاءِ بنو كعب زُويّ.
717,732,2,وهؤلاء بنو مرة بن زوي,7,وهؤلاءِ بنو مُرَّة بن زُويّ
717,732,2,وهؤلاء بنو مرة بن زوي,8,وولد مُرَّة بن زُويّ: سخباً.
717,732,2,وهؤلاء بنو مرة بن زوي,9,منهم: قيس بن رفاعة بن عبد نُهم، من بني مُرَّة بن الحارث بن سخب، الشَّاعر، وكان فارساً، وهو الذي أَجار يوسف بن عبد المسيح.
717,732,2,وهؤلاء بنو مرة بن زوي,10,والقطَّاعُ بن الأسود بن عبد نُهم، وهو الأَشجُ الشَّاعر والأَسود بن عميرة بن حريّ بن عبد العُزى بن مُرَّة بن الحارث بن سخب، الذي كان يُهاجي النَّجاشيّ الحارثيّ.
718,733,2,بنو رفاعة بن مالك بن نهد,1,وعمرو بن مُرَّة بن عبد يغوث بن مالك بن الحارث بن سخب، وهو الذي بعثهُ عليُّ بن أَبي طالب حين أَغار البيَّاع الكلبيّ على بكر بن وائل، فأخذ سبيهم فأتاه، فردَّ عليه السَّبيّ، فقال.
718,733,2,بنو رفاعة بن مالك بن نهد,2,رهنتُ يميني عن قُضاعةَ كُلَّها … فأُبتُ حميداً منهم غير مُغلقِ
718,733,2,بنو رفاعة بن مالك بن نهد,3,وهؤلاء
718,733,2,بنو رفاعة بن مالك بن نهد,4,بنو رِفَاعة بن مالك بن نَهد
718,733,2,بنو رفاعة بن مالك بن نهد,5,وولد رِفاعةُ بن مالك، بن نهد: حراماً، وسعداً، وجذيمة؛ وأُمهم: عُدنةُ بنت مُحصب بن زيد بن نهد.
718,733,2,بنو رفاعة بن مالك بن نهد,6,وكعباً، وقيساً، وأُمهما بنت عبد الله بن غطفان.
718,733,2,بنو رفاعة بن مالك بن نهد,7,منهم: النابيةُ، وهو عبدُ نُهم بن فهر بن أُسامة بن حرام بن رفاعة، الذي يقولُ لهُ الشَّاعر:
718,733,2,بنو رفاعة بن مالك بن نهد,8,أَوفى التَوابيُّ من فهر بذمَّتهم … وهل لذمةِ جرمٍ من يؤديها
718,733,2,بنو رفاعة بن مالك بن نهد,9,ومالك بن قيس بن ضنَّة بن فهر بن أُسامة بن حرام، الشَّاعر.
718,733,2,بنو رفاعة بن مالك بن نهد,10,وحُليفُ بن عبد العزى بن عائد بن كعب بن أُسامة بن حرام، وهو الذي قتل كعب الفوارس العامريّ، وزُهير بن بُوي التميميّ.
718,733,2,بنو رفاعة بن مالك بن نهد,11,وأَبو زُهير بن مضب بن عبد العزى، كان سيِّداً في زمانه، ولي الرُّبع بالكوفة لأميرالمؤمنين عليّ بن أَبي طالب ﵇ .
718,733,2,بنو رفاعة بن مالك بن نهد,12,والحارثُ بن كسف بن عامر بن أُسامة بن حرام، الذي يقول لهُ الشَّاعر:
719,734,2,بنو رفاعة بن مالك بن نهد,1,أَبلغ الحارث المُدلّل بالقولِ … شفاها وأَبلغنَ قتيباً
719,734,2,بنو رفاعة بن مالك بن نهد,2,وصخر بن أَعيا بن عبد يغوث بن زيَّان بن سعد بن حرام بن رفاعة، الذي قتل حُميل بن عمرو بن معبد بن الضَّباب يوم فيف الرِّيحِ.
719,734,2,بنو رفاعة بن مالك بن نهد,3,وكعبُ بن مالك بن صابر بن عبد الله.
719,734,2,بنو رفاعة بن مالك بن نهد,4,وصخر بن عبد قيس بن هند بن سعد بن نوفل بن سالم بن زمان بن سعد بن حرام، كان معه الرَّاية يوم صفِّين مع أَمير المؤمنين عليّ بن أَبي طالب ﵇ .
719,734,2,بنو رفاعة بن مالك بن نهد,5,وأَبو عثمان الفقيه، وهو عبد الرَّحمان بن ملّ بن عمرو بن عديّ بن وهب بن ربيعة بن سعد بن جذيمة بن كعب بن رفاعةَ.
719,734,2,بنو رفاعة بن مالك بن نهد,6,وقسورةُ بن مُعلِّل بن الحجاج بن مُقسم بن عامر بن زُهير بن سعد بن جذيمةَ، وليَ سجستان مع بني أُميَّة.
719,734,2,بنو رفاعة بن مالك بن نهد,7,هؤلاءِ بنو نهد بن زيد.
719,734,2,بنو رفاعة بن مالك بن نهد,8,والحمدُ للَّهِ ربّ العالمين
720,735,2,بنو رفاعة بن مالك بن نهد,1,وهو آخر كتاب نسب معدّ واليمن الكبير، تأليف مُحمَّد بن السَّائب الكلبيّ، غفرَ اللَّهُ لهُ. ولِجميع المسلمين، آمين ربّ العالمين.
720,735,2,بنو رفاعة بن مالك بن نهد,2,كتبهُ الفقير إِلى رحمة اللَّه تعالى عُمر بن سالم بن مُحمَّد بن نجدة بن مَخدعة بن عليّ بن نمر بن واقف، وهو أَحد البكَّائين من الأوس الأنصاريّ، غفر اللَّه لهُ ولوالديه ولجميع المُسلمين.
720,735,2,بنو رفاعة بن مالك بن نهد,3,وكان الفراغُ من نسخة يوم الثلاثاء سلخ ربيع الأول سنة ست وعشرين وستمائة.
720,735,2,بنو رفاعة بن مالك بن نهد,4,والحمد للَّه وحده، وحسبُنا اللَّه ونعم الوكيل.
